
> dafter-api-v1@0.0.1 dev
> nest start --watch

[2J[3J[H[[90m4:47:16 PM[0m] Starting compilation in watch mode...

[[90m4:47:30 PM[0m] Found 0 errors. Watching for file changes.

[32m[Nest] 5636  - [39m02/22/2026, 4:47:34 PM [32m    LOG[39m [38;5;3m[NestFactory] [39m[32mStarting Nest application...[39m
[32m[Nest] 5636  - [39m02/22/2026, 4:47:34 PM [32m    LOG[39m [38;5;3m[InstanceLoader] [39m[32mBullModule dependencies initialized[39m[38;5;3m +1ms[39m
[32m[Nest] 5636  - [39m02/22/2026, 4:47:34 PM [32m    LOG[39m [38;5;3m[InstanceLoader] [39m[32mDatabaseModule dependencies initialized[39m[38;5;3m +0ms[39m
[32m[Nest] 5636  - [39m02/22/2026, 4:47:34 PM [32m    LOG[39m [38;5;3m[InstanceLoader] [39m[32mPrismaModule dependencies initialized[39m[38;5;3m +0ms[39m
[32m[Nest] 5636  - [39m02/22/2026, 4:47:34 PM [32m    LOG[39m [38;5;3m[InstanceLoader] [39m[32mLoggerModule dependencies initialized[39m[38;5;3m +1ms[39m
[32m[Nest] 5636  - [39m02/22/2026, 4:47:34 PM [32m    LOG[39m [38;5;3m[InstanceLoader] [39m[32mTranslationModule dependencies initialized[39m[38;5;3m +0ms[39m
[32m[Nest] 5636  - [39m02/22/2026, 4:47:34 PM [32m    LOG[39m [38;5;3m[InstanceLoader] [39m[32mPassportModule dependencies initialized[39m[38;5;3m +0ms[39m
[32m[Nest] 5636  - [39m02/22/2026, 4:47:34 PM [32m    LOG[39m [38;5;3m[InstanceLoader] [39m[32mConfigHostModule dependencies initialized[39m[38;5;3m +0ms[39m
[32m[Nest] 5636  - [39m02/22/2026, 4:47:34 PM [32m    LOG[39m [38;5;3m[InstanceLoader] [39m[32mThrottlerModule dependencies initialized[39m[38;5;3m +0ms[39m
[32m[Nest] 5636  - [39m02/22/2026, 4:47:34 PM [32m    LOG[39m [38;5;3m[InstanceLoader] [39m[32mDiscoveryModule dependencies initialized[39m[38;5;3m +0ms[39m
[33m[Nest] 5636  - [39m02/22/2026, 4:47:34 PM [33m   WARN[39m [38;5;3m[WhatsAppService] [39m[33mTwilio credentials not configured — WhatsApp sending disabled[39m
[32m[Nest] 5636  - [39m02/22/2026, 4:47:34 PM [32m    LOG[39m [38;5;3m[InstanceLoader] [39m[32mGuardsModule dependencies initialized[39m[38;5;3m +0ms[39m
[32m[Nest] 5636  - [39m02/22/2026, 4:47:34 PM [32m    LOG[39m [38;5;3m[InstanceLoader] [39m[32mConfigModule dependencies initialized[39m[38;5;3m +0ms[39m
[32m[Nest] 5636  - [39m02/22/2026, 4:47:34 PM [32m    LOG[39m [38;5;3m[InstanceLoader] [39m[32mConfigModule dependencies initialized[39m[38;5;3m +0ms[39m
[32m[Nest] 5636  - [39m02/22/2026, 4:47:34 PM [32m    LOG[39m [38;5;3m[InstanceLoader] [39m[32mBullModule dependencies initialized[39m[38;5;3m +0ms[39m
[32m[Nest] 5636  - [39m02/22/2026, 4:47:34 PM [32m    LOG[39m [38;5;3m[InstanceLoader] [39m[32mCacheModule dependencies initialized[39m[38;5;3m +0ms[39m
[32m[Nest] 5636  - [39m02/22/2026, 4:47:34 PM [32m    LOG[39m [38;5;3m[InstanceLoader] [39m[32mJwtModule dependencies initialized[39m[38;5;3m +0ms[39m
[32m[Nest] 5636  - [39m02/22/2026, 4:47:34 PM [32m    LOG[39m [38;5;3m[InstanceLoader] [39m[32mBullModule dependencies initialized[39m[38;5;3m +0ms[39m
[32m[Nest] 5636  - [39m02/22/2026, 4:47:34 PM [32m    LOG[39m [38;5;3m[InstanceLoader] [39m[32mAppModule dependencies initialized[39m[38;5;3m +0ms[39m
[32m[Nest] 5636  - [39m02/22/2026, 4:47:34 PM [32m    LOG[39m [38;5;3m[InstanceLoader] [39m[32mPlatformModule dependencies initialized[39m[38;5;3m +0ms[39m
[32m[Nest] 5636  - [39m02/22/2026, 4:47:34 PM [32m    LOG[39m [38;5;3m[InstanceLoader] [39m[32mUsersModule dependencies initialized[39m[38;5;3m +1ms[39m
[32m[Nest] 5636  - [39m02/22/2026, 4:47:34 PM [32m    LOG[39m [38;5;3m[InstanceLoader] [39m[32mCustomersModule dependencies initialized[39m[38;5;3m +0ms[39m
[32m[Nest] 5636  - [39m02/22/2026, 4:47:34 PM [32m    LOG[39m [38;5;3m[InstanceLoader] [39m[32mSuppliersModule dependencies initialized[39m[38;5;3m +0ms[39m
[32m[Nest] 5636  - [39m02/22/2026, 4:47:34 PM [32m    LOG[39m [38;5;3m[InstanceLoader] [39m[32mEmployeesModule dependencies initialized[39m[38;5;3m +0ms[39m
[32m[Nest] 5636  - [39m02/22/2026, 4:47:34 PM [32m    LOG[39m [38;5;3m[InstanceLoader] [39m[32mNotificationsModule dependencies initialized[39m[38;5;3m +0ms[39m
[32m[Nest] 5636  - [39m02/22/2026, 4:47:34 PM [32m    LOG[39m [38;5;3m[InstanceLoader] [39m[32mLedgerModule dependencies initialized[39m[38;5;3m +0ms[39m
[32m[Nest] 5636  - [39m02/22/2026, 4:47:34 PM [32m    LOG[39m [38;5;3m[InstanceLoader] [39m[32mAuthModule dependencies initialized[39m[38;5;3m +0ms[39m
[32m[Nest] 5636  - [39m02/22/2026, 4:47:34 PM [32m    LOG[39m [38;5;3m[RoutesResolver] [39m[32mAppController {/api/v1}:[39m[38;5;3m +0ms[39m
[32m[Nest] 5636  - [39m02/22/2026, 4:47:34 PM [32m    LOG[39m [38;5;3m[RouterExplorer] [39m[32mMapped {/api/v1/health, GET} route[39m[38;5;3m +0ms[39m
[32m[Nest] 5636  - [39m02/22/2026, 4:47:34 PM [32m    LOG[39m [38;5;3m[RoutesResolver] [39m[32mAuthController {/api/v1/auth}:[39m[38;5;3m +0ms[39m
[32m[Nest] 5636  - [39m02/22/2026, 4:47:34 PM [32m    LOG[39m [38;5;3m[RouterExplorer] [39m[32mMapped {/api/v1/auth/register, POST} route[39m[38;5;3m +0ms[39m
[32m[Nest] 5636  - [39m02/22/2026, 4:47:34 PM [32m    LOG[39m [38;5;3m[RouterExplorer] [39m[32mMapped {/api/v1/auth/login, POST} route[39m[38;5;3m +0ms[39m
[32m[Nest] 5636  - [39m02/22/2026, 4:47:34 PM [32m    LOG[39m [38;5;3m[RouterExplorer] [39m[32mMapped {/api/v1/auth/refresh, POST} route[39m[38;5;3m +0ms[39m
[32m[Nest] 5636  - [39m02/22/2026, 4:47:34 PM [32m    LOG[39m [38;5;3m[RouterExplorer] [39m[32mMapped {/api/v1/auth/logout, POST} route[39m[38;5;3m +0ms[39m
[32m[Nest] 5636  - [39m02/22/2026, 4:47:34 PM [32m    LOG[39m [38;5;3m[RouterExplorer] [39m[32mMapped {/api/v1/auth/logout-all, POST} route[39m[38;5;3m +0ms[39m
[32m[Nest] 5636  - [39m02/22/2026, 4:47:34 PM [32m    LOG[39m [38;5;3m[RouterExplorer] [39m[32mMapped {/api/v1/auth/change-password, POST} route[39m[38;5;3m +0ms[39m
[32m[Nest] 5636  - [39m02/22/2026, 4:47:34 PM [32m    LOG[39m [38;5;3m[RouterExplorer] [39m[32mMapped {/api/v1/auth/me, GET} route[39m[38;5;3m +0ms[39m
[32m[Nest] 5636  - [39m02/22/2026, 4:47:34 PM [32m    LOG[39m [38;5;3m[RouterExplorer] [39m[32mMapped {/api/v1/auth/sessions, GET} route[39m[38;5;3m +0ms[39m
[32m[Nest] 5636  - [39m02/22/2026, 4:47:34 PM [32m    LOG[39m [38;5;3m[RouterExplorer] [39m[32mMapped {/api/v1/auth/forgot-password, POST} route[39m[38;5;3m +0ms[39m
[32m[Nest] 5636  - [39m02/22/2026, 4:47:34 PM [32m    LOG[39m [38;5;3m[RouterExplorer] [39m[32mMapped {/api/v1/auth/reset-password, POST} route[39m[38;5;3m +0ms[39m
[32m[Nest] 5636  - [39m02/22/2026, 4:47:34 PM [32m    LOG[39m [38;5;3m[RoutesResolver] [39m[32mNotificationsController {/api/v1/notifications}:[39m[38;5;3m +0ms[39m
[32m[Nest] 5636  - [39m02/22/2026, 4:47:34 PM [32m    LOG[39m [38;5;3m[RouterExplorer] [39m[32mMapped {/api/v1/notifications/device-token, POST} route[39m[38;5;3m +0ms[39m
[32m[Nest] 5636  - [39m02/22/2026, 4:47:34 PM [32m    LOG[39m [38;5;3m[RouterExplorer] [39m[32mMapped {/api/v1/notifications/device-token/:token, DELETE} route[39m[38;5;3m +0ms[39m
[32m[Nest] 5636  - [39m02/22/2026, 4:47:34 PM [32m    LOG[39m [38;5;3m[RouterExplorer] [39m[32mMapped {/api/v1/notifications/unread-count, GET} route[39m[38;5;3m +0ms[39m
[32m[Nest] 5636  - [39m02/22/2026, 4:47:34 PM [32m    LOG[39m [38;5;3m[RouterExplorer] [39m[32mMapped {/api/v1/notifications, GET} route[39m[38;5;3m +0ms[39m
[32m[Nest] 5636  - [39m02/22/2026, 4:47:34 PM [32m    LOG[39m [38;5;3m[RouterExplorer] [39m[32mMapped {/api/v1/notifications/read-all, PATCH} route[39m[38;5;3m +0ms[39m
[32m[Nest] 5636  - [39m02/22/2026, 4:47:34 PM [32m    LOG[39m [38;5;3m[RouterExplorer] [39m[32mMapped {/api/v1/notifications/:id/read, PATCH} route[39m[38;5;3m +0ms[39m
[32m[Nest] 5636  - [39m02/22/2026, 4:47:34 PM [32m    LOG[39m [38;5;3m[RoutesResolver] [39m[32mPlatformController {/api/v1/platform}:[39m[38;5;3m +0ms[39m
[32m[Nest] 5636  - [39m02/22/2026, 4:47:34 PM [32m    LOG[39m [38;5;3m[RouterExplorer] [39m[32mMapped {/api/v1/platform/companies, POST} route[39m[38;5;3m +0ms[39m
[32m[Nest] 5636  - [39m02/22/2026, 4:47:34 PM [32m    LOG[39m [38;5;3m[RouterExplorer] [39m[32mMapped {/api/v1/platform/companies, GET} route[39m[38;5;3m +0ms[39m
[32m[Nest] 5636  - [39m02/22/2026, 4:47:34 PM [32m    LOG[39m [38;5;3m[RouterExplorer] [39m[32mMapped {/api/v1/platform/companies/:id, GET} route[39m[38;5;3m +0ms[39m
[32m[Nest] 5636  - [39m02/22/2026, 4:47:34 PM [32m    LOG[39m [38;5;3m[RouterExplorer] [39m[32mMapped {/api/v1/platform/companies/:id/metrics, GET} route[39m[38;5;3m +0ms[39m
[32m[Nest] 5636  - [39m02/22/2026, 4:47:34 PM [32m    LOG[39m [38;5;3m[RouterExplorer] [39m[32mMapped {/api/v1/platform/plans, POST} route[39m[38;5;3m +0ms[39m
[32m[Nest] 5636  - [39m02/22/2026, 4:47:34 PM [32m    LOG[39m [38;5;3m[RouterExplorer] [39m[32mMapped {/api/v1/platform/plans, GET} route[39m[38;5;3m +0ms[39m
[32m[Nest] 5636  - [39m02/22/2026, 4:47:34 PM [32m    LOG[39m [38;5;3m[RouterExplorer] [39m[32mMapped {/api/v1/platform/plans/:id, PATCH} route[39m[38;5;3m +0ms[39m
[32m[Nest] 5636  - [39m02/22/2026, 4:47:34 PM [32m    LOG[39m [38;5;3m[RouterExplorer] [39m[32mMapped {/api/v1/platform/subscriptions/activate, POST} route[39m[38;5;3m +0ms[39m
[32m[Nest] 5636  - [39m02/22/2026, 4:47:34 PM [32m    LOG[39m [38;5;3m[RouterExplorer] [39m[32mMapped {/api/v1/platform/subscriptions/suspend, POST} route[39m[38;5;3m +0ms[39m
[32m[Nest] 5636  - [39m02/22/2026, 4:47:34 PM [32m    LOG[39m [38;5;3m[RouterExplorer] [39m[32mMapped {/api/v1/platform/subscriptions/extend, POST} route[39m[38;5;3m +0ms[39m
[32m[Nest] 5636  - [39m02/22/2026, 4:47:34 PM [32m    LOG[39m [38;5;3m[RoutesResolver] [39m[32mUsersController {/api/v1/users}:[39m[38;5;3m +0ms[39m
[32m[Nest] 5636  - [39m02/22/2026, 4:47:34 PM [32m    LOG[39m [38;5;3m[RouterExplorer] [39m[32mMapped {/api/v1/users/staff, POST} route[39m[38;5;3m +0ms[39m
[32m[Nest] 5636  - [39m02/22/2026, 4:47:34 PM [32m    LOG[39m [38;5;3m[RouterExplorer] [39m[32mMapped {/api/v1/users/stats, GET} route[39m[38;5;3m +1ms[39m
[32m[Nest] 5636  - [39m02/22/2026, 4:47:34 PM [32m    LOG[39m [38;5;3m[RouterExplorer] [39m[32mMapped {/api/v1/users, GET} route[39m[38;5;3m +0ms[39m
[32m[Nest] 5636  - [39m02/22/2026, 4:47:34 PM [32m    LOG[39m [38;5;3m[RouterExplorer] [39m[32mMapped {/api/v1/users/:id, GET} route[39m[38;5;3m +0ms[39m
[32m[Nest] 5636  - [39m02/22/2026, 4:47:34 PM [32m    LOG[39m [38;5;3m[RouterExplorer] [39m[32mMapped {/api/v1/users/:id, PATCH} route[39m[38;5;3m +0ms[39m
[32m[Nest] 5636  - [39m02/22/2026, 4:47:34 PM [32m    LOG[39m [38;5;3m[RouterExplorer] [39m[32mMapped {/api/v1/users/:id/permissions, PATCH} route[39m[38;5;3m +0ms[39m
[32m[Nest] 5636  - [39m02/22/2026, 4:47:34 PM [32m    LOG[39m [38;5;3m[RouterExplorer] [39m[32mMapped {/api/v1/users/:id/disable, PATCH} route[39m[38;5;3m +0ms[39m
[32m[Nest] 5636  - [39m02/22/2026, 4:47:34 PM [32m    LOG[39m [38;5;3m[RouterExplorer] [39m[32mMapped {/api/v1/users/:id/enable, PATCH} route[39m[38;5;3m +0ms[39m
[32m[Nest] 5636  - [39m02/22/2026, 4:47:34 PM [32m    LOG[39m [38;5;3m[RoutesResolver] [39m[32mCustomersController {/api/v1/customers}:[39m[38;5;3m +0ms[39m
[32m[Nest] 5636  - [39m02/22/2026, 4:47:34 PM [32m    LOG[39m [38;5;3m[RouterExplorer] [39m[32mMapped {/api/v1/customers, POST} route[39m[38;5;3m +0ms[39m
[32m[Nest] 5636  - [39m02/22/2026, 4:47:34 PM [32m    LOG[39m [38;5;3m[RouterExplorer] [39m[32mMapped {/api/v1/customers, GET} route[39m[38;5;3m +0ms[39m
[32m[Nest] 5636  - [39m02/22/2026, 4:47:34 PM [32m    LOG[39m [38;5;3m[RouterExplorer] [39m[32mMapped {/api/v1/customers/:id, GET} route[39m[38;5;3m +0ms[39m
[32m[Nest] 5636  - [39m02/22/2026, 4:47:34 PM [32m    LOG[39m [38;5;3m[RouterExplorer] [39m[32mMapped {/api/v1/customers/:id, PATCH} route[39m[38;5;3m +0ms[39m
[32m[Nest] 5636  - [39m02/22/2026, 4:47:34 PM [32m    LOG[39m [38;5;3m[RouterExplorer] [39m[32mMapped {/api/v1/customers/:id, DELETE} route[39m[38;5;3m +0ms[39m
[32m[Nest] 5636  - [39m02/22/2026, 4:47:34 PM [32m    LOG[39m [38;5;3m[RoutesResolver] [39m[32mSuppliersController {/api/v1/suppliers}:[39m[38;5;3m +0ms[39m
[32m[Nest] 5636  - [39m02/22/2026, 4:47:34 PM [32m    LOG[39m [38;5;3m[RouterExplorer] [39m[32mMapped {/api/v1/suppliers, POST} route[39m[38;5;3m +0ms[39m
[32m[Nest] 5636  - [39m02/22/2026, 4:47:34 PM [32m    LOG[39m [38;5;3m[RouterExplorer] [39m[32mMapped {/api/v1/suppliers, GET} route[39m[38;5;3m +0ms[39m
[32m[Nest] 5636  - [39m02/22/2026, 4:47:34 PM [32m    LOG[39m [38;5;3m[RouterExplorer] [39m[32mMapped {/api/v1/suppliers/:id, GET} route[39m[38;5;3m +0ms[39m
[32m[Nest] 5636  - [39m02/22/2026, 4:47:34 PM [32m    LOG[39m [38;5;3m[RouterExplorer] [39m[32mMapped {/api/v1/suppliers/:id, PATCH} route[39m[38;5;3m +0ms[39m
[32m[Nest] 5636  - [39m02/22/2026, 4:47:34 PM [32m    LOG[39m [38;5;3m[RouterExplorer] [39m[32mMapped {/api/v1/suppliers/:id, DELETE} route[39m[38;5;3m +0ms[39m
[32m[Nest] 5636  - [39m02/22/2026, 4:47:34 PM [32m    LOG[39m [38;5;3m[RoutesResolver] [39m[32mEmployeesController {/api/v1/employees}:[39m[38;5;3m +0ms[39m
[32m[Nest] 5636  - [39m02/22/2026, 4:47:34 PM [32m    LOG[39m [38;5;3m[RouterExplorer] [39m[32mMapped {/api/v1/employees, POST} route[39m[38;5;3m +0ms[39m
[32m[Nest] 5636  - [39m02/22/2026, 4:47:34 PM [32m    LOG[39m [38;5;3m[RouterExplorer] [39m[32mMapped {/api/v1/employees, GET} route[39m[38;5;3m +0ms[39m
[32m[Nest] 5636  - [39m02/22/2026, 4:47:34 PM [32m    LOG[39m [38;5;3m[RouterExplorer] [39m[32mMapped {/api/v1/employees/:id, GET} route[39m[38;5;3m +0ms[39m
[32m[Nest] 5636  - [39m02/22/2026, 4:47:34 PM [32m    LOG[39m [38;5;3m[RouterExplorer] [39m[32mMapped {/api/v1/employees/:id, PATCH} route[39m[38;5;3m +0ms[39m
[32m[Nest] 5636  - [39m02/22/2026, 4:47:34 PM [32m    LOG[39m [38;5;3m[RouterExplorer] [39m[32mMapped {/api/v1/employees/:id, DELETE} route[39m[38;5;3m +0ms[39m
[32m[Nest] 5636  - [39m02/22/2026, 4:47:34 PM [32m    LOG[39m [38;5;3m[RoutesResolver] [39m[32mLedgerController {/api/v1/ledger}:[39m[38;5;3m +0ms[39m
[32m[Nest] 5636  - [39m02/22/2026, 4:47:34 PM [32m    LOG[39m [38;5;3m[RouterExplorer] [39m[32mMapped {/api/v1/ledger, POST} route[39m[38;5;3m +0ms[39m
[32m[Nest] 5636  - [39m02/22/2026, 4:47:34 PM [32m    LOG[39m [38;5;3m[RouterExplorer] [39m[32mMapped {/api/v1/ledger/:id, DELETE} route[39m[38;5;3m +0ms[39m
[32m[Nest] 5636  - [39m02/22/2026, 4:47:34 PM [32m    LOG[39m [38;5;3m[RouterExplorer] [39m[32mMapped {/api/v1/ledger/statement, GET} route[39m[38;5;3m +0ms[39m
[32m[Nest] 5636  - [39m02/22/2026, 4:47:34 PM [32m    LOG[39m [38;5;3m[PrismaService] [39m[32m✅ Connected to database[39m
[32m[Nest] 5636  - [39m02/22/2026, 4:47:34 PM [32m    LOG[39m [38;5;3m[PrismaService] [39m[32m✅ Connected to database[39m
[32m[Nest] 5636  - [39m02/22/2026, 4:47:34 PM [32m    LOG[39m [38;5;3m[NestApplication] [39m[32mNest application successfully started[39m[38;5;3m +0ms[39m
2026-02-22 16:47:34  [32MINFO[39M [Bootstrap] [32m🚀 Daftar API running on http://localhost:7000[39m
2026-02-22 16:47:34  [32MINFO[39M [Bootstrap] [32m📚 Swagger docs: http://localhost:7000/api/docs[39m
2026-02-22 16:47:34  [32MINFO[39M [Bootstrap] [32m🔗 API prefix: /api/v1[39m
2026-02-22 16:47:34  [32MINFO[39M [Bootstrap] [32m🌍 Environment: development[39m
[32m[Nest] 5636  - [39m02/22/2026, 4:47:34 PM [32m    LOG[39m [38;5;3m[CacheService] [39m[32m✅ Redis Connected[39m
[32m[Nest] 5636  - [39m02/22/2026, 4:47:34 PM [32m    LOG[39m [38;5;3m[CacheService] [39m[32m✅ Redis Cache Service Initialized[39m
[2J[3J[H[[90m4:54:15 PM[0m] File change detected. Starting incremental compilation...

[[90m4:54:16 PM[0m] Found 0 errors. Watching for file changes.

2026-02-22 16:54:19  [31MERROR[39M  [31munhandledRejection: listen EADDRINUSE: address already in use :::7000[39m
[31mError: listen EADDRINUSE: address already in use :::7000[39m
[31m    at Server.setupListenHandle [as _listen2] (node:net:1940:16)[39m
[31m    at listenInCluster (node:net:1997:12)[39m
[31m    at Server.listen (node:net:2102:7)[39m
[31m    at ExpressAdapter.listen (D:\Web\full-projects\daftar-v1\dafter-api-v1\node_modules\@nestjs\platform-express\adapters\express-adapter.js:127:32)[39m
[31m    at D:\Web\full-projects\daftar-v1\dafter-api-v1\node_modules\@nestjs\core\nest-application.js:188:30[39m
[31m    at new Promise (<anonymous>)[39m
[31m    at NestApplication.listen (D:\Web\full-projects\daftar-v1\dafter-api-v1\node_modules\@nestjs\core\nest-application.js:178:16)[39m
[31m    at async bootstrap (D:\Web\full-projects\daftar-v1\dafter-api-v1\src\main.ts:88:3)[39m | {"error":{"code":"EADDRINUSE","errno":-4091,"syscall":"listen","address":"::","port":7000},"stack":"Error: listen EADDRINUSE: address already in use :::7000\n    at Server.setupListenHandle [as _listen2] (node:net:1940:16)\n    at listenInCluster (node:net:1997:12)\n    at Server.listen (node:net:2102:7)\n    at ExpressAdapter.listen (D:\\Web\\full-projects\\daftar-v1\\dafter-api-v1\\node_modules\\@nestjs\\platform-express\\adapters\\express-adapter.js:127:32)\n    at D:\\Web\\full-projects\\daftar-v1\\dafter-api-v1\\node_modules\\@nestjs\\core\\nest-application.js:188:30\n    at new Promise (<anonymous>)\n    at NestApplication.listen (D:\\Web\\full-projects\\daftar-v1\\dafter-api-v1\\node_modules\\@nestjs\\core\\nest-application.js:178:16)\n    at async bootstrap (D:\\Web\\full-projects\\daftar-v1\\dafter-api-v1\\src\\main.ts:88:3)","rejection":true,"date":"Sun Feb 22 2026 16:54:19 GMT+0200 (Eastern European Standard Time)","process":{"pid":27996,"uid":null,"gid":null,"cwd":"D:\\Web\\full-projects\\daftar-v1\\dafter-api-v1","execPath":"C:\\Program Files\\nodejs\\node.exe","version":"v24.12.0","argv":["C:\\Program Files\\nodejs\\node.exe","D:\\Web\\full-projects\\daftar-v1\\dafter-api-v1\\dist\\src\\main"],"memoryUsage":{"rss":209522688,"heapTotal":127864832,"heapUsed":89291160,"external":9518342,"arrayBuffers":3773161}},"os":{"loadavg":[0,0,0],"uptime":352582.64},"trace":[{"column":16,"file":"node:net","function":"Server.setupListenHandle [as _listen2]","line":1940,"method":"setupListenHandle [as _listen2]","native":false},{"column":12,"file":"node:net","function":"listenInCluster","line":1997,"method":null,"native":false},{"column":7,"file":"node:net","function":"Server.listen","line":2102,"method":"listen","native":false},{"column":32,"file":"D:\\Web\\full-projects\\daftar-v1\\dafter-api-v1\\node_modules\\@nestjs\\platform-express\\adapters\\express-adapter.js","function":"ExpressAdapter.listen","line":127,"method":"listen","native":false},{"column":30,"file":"D:\\Web\\full-projects\\daftar-v1\\dafter-api-v1\\node_modules\\@nestjs\\core\\nest-application.js","function":null,"line":188,"method":null,"native":false},{"column":null,"file":null,"function":"new Promise","line":null,"method":null,"native":false},{"column":16,"file":"D:\\Web\\full-projects\\daftar-v1\\dafter-api-v1\\node_modules\\@nestjs\\core\\nest-application.js","function":"NestApplication.listen","line":178,"method":"listen","native":false},{"column":3,"file":"D:\\Web\\full-projects\\daftar-v1\\dafter-api-v1\\src\\main.ts","function":"async bootstrap","line":88,"method":null,"native":false}]}
[2J[3J[H[[90m4:54:22 PM[0m] File change detected. Starting incremental compilation...

[[90m4:54:23 PM[0m] Found 0 errors. Watching for file changes.

[32m[Nest] 29056  - [39m02/22/2026, 4:54:26 PM [32m    LOG[39m [38;5;3m[NestFactory] [39m[32mStarting Nest application...[39m
[32m[Nest] 29056  - [39m02/22/2026, 4:54:26 PM [32m    LOG[39m [38;5;3m[InstanceLoader] [39m[32mBullModule dependencies initialized[39m[38;5;3m +1ms[39m
[32m[Nest] 29056  - [39m02/22/2026, 4:54:26 PM [32m    LOG[39m [38;5;3m[InstanceLoader] [39m[32mDatabaseModule dependencies initialized[39m[38;5;3m +0ms[39m
[32m[Nest] 29056  - [39m02/22/2026, 4:54:26 PM [32m    LOG[39m [38;5;3m[InstanceLoader] [39m[32mPrismaModule dependencies initialized[39m[38;5;3m +1ms[39m
[32m[Nest] 29056  - [39m02/22/2026, 4:54:26 PM [32m    LOG[39m [38;5;3m[InstanceLoader] [39m[32mLoggerModule dependencies initialized[39m[38;5;3m +0ms[39m
[32m[Nest] 29056  - [39m02/22/2026, 4:54:26 PM [32m    LOG[39m [38;5;3m[InstanceLoader] [39m[32mTranslationModule dependencies initialized[39m[38;5;3m +0ms[39m
[32m[Nest] 29056  - [39m02/22/2026, 4:54:26 PM [32m    LOG[39m [38;5;3m[InstanceLoader] [39m[32mPassportModule dependencies initialized[39m[38;5;3m +0ms[39m
[32m[Nest] 29056  - [39m02/22/2026, 4:54:26 PM [32m    LOG[39m [38;5;3m[InstanceLoader] [39m[32mConfigHostModule dependencies initialized[39m[38;5;3m +0ms[39m
[32m[Nest] 29056  - [39m02/22/2026, 4:54:26 PM [32m    LOG[39m [38;5;3m[InstanceLoader] [39m[32mThrottlerModule dependencies initialized[39m[38;5;3m +0ms[39m
[32m[Nest] 29056  - [39m02/22/2026, 4:54:26 PM [32m    LOG[39m [38;5;3m[InstanceLoader] [39m[32mDiscoveryModule dependencies initialized[39m[38;5;3m +0ms[39m
[33m[Nest] 29056  - [39m02/22/2026, 4:54:26 PM [33m   WARN[39m [38;5;3m[WhatsAppService] [39m[33mTwilio credentials not configured — WhatsApp sending disabled[39m
[32m[Nest] 29056  - [39m02/22/2026, 4:54:26 PM [32m    LOG[39m [38;5;3m[InstanceLoader] [39m[32mGuardsModule dependencies initialized[39m[38;5;3m +0ms[39m
[32m[Nest] 29056  - [39m02/22/2026, 4:54:26 PM [32m    LOG[39m [38;5;3m[InstanceLoader] [39m[32mConfigModule dependencies initialized[39m[38;5;3m +0ms[39m
[32m[Nest] 29056  - [39m02/22/2026, 4:54:26 PM [32m    LOG[39m [38;5;3m[InstanceLoader] [39m[32mConfigModule dependencies initialized[39m[38;5;3m +0ms[39m
[32m[Nest] 29056  - [39m02/22/2026, 4:54:26 PM [32m    LOG[39m [38;5;3m[InstanceLoader] [39m[32mBullModule dependencies initialized[39m[38;5;3m +0ms[39m
[32m[Nest] 29056  - [39m02/22/2026, 4:54:26 PM [32m    LOG[39m [38;5;3m[InstanceLoader] [39m[32mCacheModule dependencies initialized[39m[38;5;3m +0ms[39m
[32m[Nest] 29056  - [39m02/22/2026, 4:54:26 PM [32m    LOG[39m [38;5;3m[InstanceLoader] [39m[32mJwtModule dependencies initialized[39m[38;5;3m +0ms[39m
[32m[Nest] 29056  - [39m02/22/2026, 4:54:26 PM [32m    LOG[39m [38;5;3m[InstanceLoader] [39m[32mBullModule dependencies initialized[39m[38;5;3m +0ms[39m
[32m[Nest] 29056  - [39m02/22/2026, 4:54:26 PM [32m    LOG[39m [38;5;3m[InstanceLoader] [39m[32mAppModule dependencies initialized[39m[38;5;3m +0ms[39m
[32m[Nest] 29056  - [39m02/22/2026, 4:54:26 PM [32m    LOG[39m [38;5;3m[InstanceLoader] [39m[32mPlatformModule dependencies initialized[39m[38;5;3m +0ms[39m
[32m[Nest] 29056  - [39m02/22/2026, 4:54:26 PM [32m    LOG[39m [38;5;3m[InstanceLoader] [39m[32mUsersModule dependencies initialized[39m[38;5;3m +0ms[39m
[32m[Nest] 29056  - [39m02/22/2026, 4:54:26 PM [32m    LOG[39m [38;5;3m[InstanceLoader] [39m[32mCustomersModule dependencies initialized[39m[38;5;3m +0ms[39m
[32m[Nest] 29056  - [39m02/22/2026, 4:54:26 PM [32m    LOG[39m [38;5;3m[InstanceLoader] [39m[32mSuppliersModule dependencies initialized[39m[38;5;3m +1ms[39m
[32m[Nest] 29056  - [39m02/22/2026, 4:54:26 PM [32m    LOG[39m [38;5;3m[InstanceLoader] [39m[32mEmployeesModule dependencies initialized[39m[38;5;3m +0ms[39m
[32m[Nest] 29056  - [39m02/22/2026, 4:54:26 PM [32m    LOG[39m [38;5;3m[InstanceLoader] [39m[32mNotificationsModule dependencies initialized[39m[38;5;3m +0ms[39m
[32m[Nest] 29056  - [39m02/22/2026, 4:54:26 PM [32m    LOG[39m [38;5;3m[InstanceLoader] [39m[32mLedgerModule dependencies initialized[39m[38;5;3m +0ms[39m
[32m[Nest] 29056  - [39m02/22/2026, 4:54:26 PM [32m    LOG[39m [38;5;3m[InstanceLoader] [39m[32mAuthModule dependencies initialized[39m[38;5;3m +0ms[39m
[32m[Nest] 29056  - [39m02/22/2026, 4:54:26 PM [32m    LOG[39m [38;5;3m[RoutesResolver] [39m[32mAppController {/api/v1}:[39m[38;5;3m +0ms[39m
[32m[Nest] 29056  - [39m02/22/2026, 4:54:26 PM [32m    LOG[39m [38;5;3m[RouterExplorer] [39m[32mMapped {/api/v1/health, GET} route[39m[38;5;3m +0ms[39m
[32m[Nest] 29056  - [39m02/22/2026, 4:54:26 PM [32m    LOG[39m [38;5;3m[RoutesResolver] [39m[32mAuthController {/api/v1/auth}:[39m[38;5;3m +0ms[39m
[32m[Nest] 29056  - [39m02/22/2026, 4:54:26 PM [32m    LOG[39m [38;5;3m[RouterExplorer] [39m[32mMapped {/api/v1/auth/register, POST} route[39m[38;5;3m +0ms[39m
[32m[Nest] 29056  - [39m02/22/2026, 4:54:26 PM [32m    LOG[39m [38;5;3m[RouterExplorer] [39m[32mMapped {/api/v1/auth/login, POST} route[39m[38;5;3m +0ms[39m
[32m[Nest] 29056  - [39m02/22/2026, 4:54:26 PM [32m    LOG[39m [38;5;3m[RouterExplorer] [39m[32mMapped {/api/v1/auth/refresh, POST} route[39m[38;5;3m +0ms[39m
[32m[Nest] 29056  - [39m02/22/2026, 4:54:26 PM [32m    LOG[39m [38;5;3m[RouterExplorer] [39m[32mMapped {/api/v1/auth/logout, POST} route[39m[38;5;3m +0ms[39m
[32m[Nest] 29056  - [39m02/22/2026, 4:54:26 PM [32m    LOG[39m [38;5;3m[RouterExplorer] [39m[32mMapped {/api/v1/auth/logout-all, POST} route[39m[38;5;3m +0ms[39m
[32m[Nest] 29056  - [39m02/22/2026, 4:54:26 PM [32m    LOG[39m [38;5;3m[RouterExplorer] [39m[32mMapped {/api/v1/auth/change-password, POST} route[39m[38;5;3m +0ms[39m
[32m[Nest] 29056  - [39m02/22/2026, 4:54:26 PM [32m    LOG[39m [38;5;3m[RouterExplorer] [39m[32mMapped {/api/v1/auth/me, GET} route[39m[38;5;3m +0ms[39m
[32m[Nest] 29056  - [39m02/22/2026, 4:54:26 PM [32m    LOG[39m [38;5;3m[RouterExplorer] [39m[32mMapped {/api/v1/auth/sessions, GET} route[39m[38;5;3m +0ms[39m
[32m[Nest] 29056  - [39m02/22/2026, 4:54:26 PM [32m    LOG[39m [38;5;3m[RouterExplorer] [39m[32mMapped {/api/v1/auth/forgot-password, POST} route[39m[38;5;3m +0ms[39m
[32m[Nest] 29056  - [39m02/22/2026, 4:54:26 PM [32m    LOG[39m [38;5;3m[RouterExplorer] [39m[32mMapped {/api/v1/auth/reset-password, POST} route[39m[38;5;3m +0ms[39m
[32m[Nest] 29056  - [39m02/22/2026, 4:54:26 PM [32m    LOG[39m [38;5;3m[RoutesResolver] [39m[32mNotificationsController {/api/v1/notifications}:[39m[38;5;3m +0ms[39m
[32m[Nest] 29056  - [39m02/22/2026, 4:54:26 PM [32m    LOG[39m [38;5;3m[RouterExplorer] [39m[32mMapped {/api/v1/notifications/device-token, POST} route[39m[38;5;3m +0ms[39m
[32m[Nest] 29056  - [39m02/22/2026, 4:54:26 PM [32m    LOG[39m [38;5;3m[RouterExplorer] [39m[32mMapped {/api/v1/notifications/device-token/:token, DELETE} route[39m[38;5;3m +0ms[39m
[32m[Nest] 29056  - [39m02/22/2026, 4:54:26 PM [32m    LOG[39m [38;5;3m[RouterExplorer] [39m[32mMapped {/api/v1/notifications/unread-count, GET} route[39m[38;5;3m +0ms[39m
[32m[Nest] 29056  - [39m02/22/2026, 4:54:26 PM [32m    LOG[39m [38;5;3m[RouterExplorer] [39m[32mMapped {/api/v1/notifications, GET} route[39m[38;5;3m +0ms[39m
[32m[Nest] 29056  - [39m02/22/2026, 4:54:26 PM [32m    LOG[39m [38;5;3m[RouterExplorer] [39m[32mMapped {/api/v1/notifications/read-all, PATCH} route[39m[38;5;3m +0ms[39m
[32m[Nest] 29056  - [39m02/22/2026, 4:54:26 PM [32m    LOG[39m [38;5;3m[RouterExplorer] [39m[32mMapped {/api/v1/notifications/:id/read, PATCH} route[39m[38;5;3m +0ms[39m
[32m[Nest] 29056  - [39m02/22/2026, 4:54:26 PM [32m    LOG[39m [38;5;3m[RoutesResolver] [39m[32mPlatformController {/api/v1/platform}:[39m[38;5;3m +0ms[39m
[32m[Nest] 29056  - [39m02/22/2026, 4:54:26 PM [32m    LOG[39m [38;5;3m[RouterExplorer] [39m[32mMapped {/api/v1/platform/companies, POST} route[39m[38;5;3m +0ms[39m
[32m[Nest] 29056  - [39m02/22/2026, 4:54:26 PM [32m    LOG[39m [38;5;3m[RouterExplorer] [39m[32mMapped {/api/v1/platform/companies, GET} route[39m[38;5;3m +0ms[39m
[32m[Nest] 29056  - [39m02/22/2026, 4:54:26 PM [32m    LOG[39m [38;5;3m[RouterExplorer] [39m[32mMapped {/api/v1/platform/companies/:id, GET} route[39m[38;5;3m +0ms[39m
[32m[Nest] 29056  - [39m02/22/2026, 4:54:26 PM [32m    LOG[39m [38;5;3m[RouterExplorer] [39m[32mMapped {/api/v1/platform/companies/:id/metrics, GET} route[39m[38;5;3m +0ms[39m
[32m[Nest] 29056  - [39m02/22/2026, 4:54:26 PM [32m    LOG[39m [38;5;3m[RouterExplorer] [39m[32mMapped {/api/v1/platform/plans, POST} route[39m[38;5;3m +0ms[39m
[32m[Nest] 29056  - [39m02/22/2026, 4:54:26 PM [32m    LOG[39m [38;5;3m[RouterExplorer] [39m[32mMapped {/api/v1/platform/plans, GET} route[39m[38;5;3m +0ms[39m
[32m[Nest] 29056  - [39m02/22/2026, 4:54:26 PM [32m    LOG[39m [38;5;3m[RouterExplorer] [39m[32mMapped {/api/v1/platform/plans/:id, PATCH} route[39m[38;5;3m +0ms[39m
[32m[Nest] 29056  - [39m02/22/2026, 4:54:26 PM [32m    LOG[39m [38;5;3m[RouterExplorer] [39m[32mMapped {/api/v1/platform/subscriptions/activate, POST} route[39m[38;5;3m +0ms[39m
[32m[Nest] 29056  - [39m02/22/2026, 4:54:26 PM [32m    LOG[39m [38;5;3m[RouterExplorer] [39m[32mMapped {/api/v1/platform/subscriptions/suspend, POST} route[39m[38;5;3m +0ms[39m
[32m[Nest] 29056  - [39m02/22/2026, 4:54:26 PM [32m    LOG[39m [38;5;3m[RouterExplorer] [39m[32mMapped {/api/v1/platform/subscriptions/extend, POST} route[39m[38;5;3m +0ms[39m
[32m[Nest] 29056  - [39m02/22/2026, 4:54:26 PM [32m    LOG[39m [38;5;3m[RoutesResolver] [39m[32mUsersController {/api/v1/users}:[39m[38;5;3m +1ms[39m
[32m[Nest] 29056  - [39m02/22/2026, 4:54:26 PM [32m    LOG[39m [38;5;3m[RouterExplorer] [39m[32mMapped {/api/v1/users/staff, POST} route[39m[38;5;3m +0ms[39m
[32m[Nest] 29056  - [39m02/22/2026, 4:54:26 PM [32m    LOG[39m [38;5;3m[RouterExplorer] [39m[32mMapped {/api/v1/users/stats, GET} route[39m[38;5;3m +0ms[39m
[32m[Nest] 29056  - [39m02/22/2026, 4:54:26 PM [32m    LOG[39m [38;5;3m[RouterExplorer] [39m[32mMapped {/api/v1/users, GET} route[39m[38;5;3m +0ms[39m
[32m[Nest] 29056  - [39m02/22/2026, 4:54:26 PM [32m    LOG[39m [38;5;3m[RouterExplorer] [39m[32mMapped {/api/v1/users/:id, GET} route[39m[38;5;3m +0ms[39m
[32m[Nest] 29056  - [39m02/22/2026, 4:54:26 PM [32m    LOG[39m [38;5;3m[RouterExplorer] [39m[32mMapped {/api/v1/users/:id, PATCH} route[39m[38;5;3m +0ms[39m
[32m[Nest] 29056  - [39m02/22/2026, 4:54:26 PM [32m    LOG[39m [38;5;3m[RouterExplorer] [39m[32mMapped {/api/v1/users/:id/permissions, PATCH} route[39m[38;5;3m +0ms[39m
[32m[Nest] 29056  - [39m02/22/2026, 4:54:26 PM [32m    LOG[39m [38;5;3m[RouterExplorer] [39m[32mMapped {/api/v1/users/:id/disable, PATCH} route[39m[38;5;3m +0ms[39m
[32m[Nest] 29056  - [39m02/22/2026, 4:54:26 PM [32m    LOG[39m [38;5;3m[RouterExplorer] [39m[32mMapped {/api/v1/users/:id/enable, PATCH} route[39m[38;5;3m +0ms[39m
[32m[Nest] 29056  - [39m02/22/2026, 4:54:26 PM [32m    LOG[39m [38;5;3m[RoutesResolver] [39m[32mCustomersController {/api/v1/customers}:[39m[38;5;3m +0ms[39m
[32m[Nest] 29056  - [39m02/22/2026, 4:54:26 PM [32m    LOG[39m [38;5;3m[RouterExplorer] [39m[32mMapped {/api/v1/customers, POST} route[39m[38;5;3m +0ms[39m
[32m[Nest] 29056  - [39m02/22/2026, 4:54:26 PM [32m    LOG[39m [38;5;3m[RouterExplorer] [39m[32mMapped {/api/v1/customers, GET} route[39m[38;5;3m +0ms[39m
[32m[Nest] 29056  - [39m02/22/2026, 4:54:26 PM [32m    LOG[39m [38;5;3m[RouterExplorer] [39m[32mMapped {/api/v1/customers/:id, GET} route[39m[38;5;3m +0ms[39m
[32m[Nest] 29056  - [39m02/22/2026, 4:54:26 PM [32m    LOG[39m [38;5;3m[RouterExplorer] [39m[32mMapped {/api/v1/customers/:id, PATCH} route[39m[38;5;3m +0ms[39m
[32m[Nest] 29056  - [39m02/22/2026, 4:54:26 PM [32m    LOG[39m [38;5;3m[RouterExplorer] [39m[32mMapped {/api/v1/customers/:id, DELETE} route[39m[38;5;3m +0ms[39m
[32m[Nest] 29056  - [39m02/22/2026, 4:54:26 PM [32m    LOG[39m [38;5;3m[RoutesResolver] [39m[32mSuppliersController {/api/v1/suppliers}:[39m[38;5;3m +0ms[39m
[32m[Nest] 29056  - [39m02/22/2026, 4:54:26 PM [32m    LOG[39m [38;5;3m[RouterExplorer] [39m[32mMapped {/api/v1/suppliers, POST} route[39m[38;5;3m +0ms[39m
[32m[Nest] 29056  - [39m02/22/2026, 4:54:26 PM [32m    LOG[39m [38;5;3m[RouterExplorer] [39m[32mMapped {/api/v1/suppliers, GET} route[39m[38;5;3m +0ms[39m
[32m[Nest] 29056  - [39m02/22/2026, 4:54:26 PM [32m    LOG[39m [38;5;3m[RouterExplorer] [39m[32mMapped {/api/v1/suppliers/:id, GET} route[39m[38;5;3m +0ms[39m
[32m[Nest] 29056  - [39m02/22/2026, 4:54:26 PM [32m    LOG[39m [38;5;3m[RouterExplorer] [39m[32mMapped {/api/v1/suppliers/:id, PATCH} route[39m[38;5;3m +0ms[39m
[32m[Nest] 29056  - [39m02/22/2026, 4:54:26 PM [32m    LOG[39m [38;5;3m[RouterExplorer] [39m[32mMapped {/api/v1/suppliers/:id, DELETE} route[39m[38;5;3m +0ms[39m
[32m[Nest] 29056  - [39m02/22/2026, 4:54:26 PM [32m    LOG[39m [38;5;3m[RoutesResolver] [39m[32mEmployeesController {/api/v1/employees}:[39m[38;5;3m +0ms[39m
[32m[Nest] 29056  - [39m02/22/2026, 4:54:26 PM [32m    LOG[39m [38;5;3m[RouterExplorer] [39m[32mMapped {/api/v1/employees, POST} route[39m[38;5;3m +0ms[39m
[32m[Nest] 29056  - [39m02/22/2026, 4:54:26 PM [32m    LOG[39m [38;5;3m[RouterExplorer] [39m[32mMapped {/api/v1/employees, GET} route[39m[38;5;3m +0ms[39m
[32m[Nest] 29056  - [39m02/22/2026, 4:54:26 PM [32m    LOG[39m [38;5;3m[RouterExplorer] [39m[32mMapped {/api/v1/employees/:id, GET} route[39m[38;5;3m +0ms[39m
[32m[Nest] 29056  - [39m02/22/2026, 4:54:26 PM [32m    LOG[39m [38;5;3m[RouterExplorer] [39m[32mMapped {/api/v1/employees/:id, PATCH} route[39m[38;5;3m +0ms[39m
[32m[Nest] 29056  - [39m02/22/2026, 4:54:26 PM [32m    LOG[39m [38;5;3m[RouterExplorer] [39m[32mMapped {/api/v1/employees/:id, DELETE} route[39m[38;5;3m +0ms[39m
[32m[Nest] 29056  - [39m02/22/2026, 4:54:26 PM [32m    LOG[39m [38;5;3m[RoutesResolver] [39m[32mLedgerController {/api/v1/ledger}:[39m[38;5;3m +0ms[39m
[32m[Nest] 29056  - [39m02/22/2026, 4:54:26 PM [32m    LOG[39m [38;5;3m[RouterExplorer] [39m[32mMapped {/api/v1/ledger, POST} route[39m[38;5;3m +0ms[39m
[32m[Nest] 29056  - [39m02/22/2026, 4:54:26 PM [32m    LOG[39m [38;5;3m[RouterExplorer] [39m[32mMapped {/api/v1/ledger/:id, DELETE} route[39m[38;5;3m +0ms[39m
[32m[Nest] 29056  - [39m02/22/2026, 4:54:26 PM [32m    LOG[39m [38;5;3m[RouterExplorer] [39m[32mMapped {/api/v1/ledger/statement, GET} route[39m[38;5;3m +0ms[39m
[32m[Nest] 29056  - [39m02/22/2026, 4:54:26 PM [32m    LOG[39m [38;5;3m[PrismaService] [39m[32m✅ Connected to database[39m
[32m[Nest] 29056  - [39m02/22/2026, 4:54:26 PM [32m    LOG[39m [38;5;3m[PrismaService] [39m[32m✅ Connected to database[39m
[32m[Nest] 29056  - [39m02/22/2026, 4:54:26 PM [32m    LOG[39m [38;5;3m[NestApplication] [39m[32mNest application successfully started[39m[38;5;3m +0ms[39m
2026-02-22 16:54:26  [32MINFO[39M [Bootstrap] [32m🚀 Daftar API running on http://localhost:7000[39m
2026-02-22 16:54:26  [32MINFO[39M [Bootstrap] [32m📚 Swagger docs: http://localhost:7000/api/docs[39m
2026-02-22 16:54:26  [32MINFO[39M [Bootstrap] [32m🔗 API prefix: /api/v1[39m
2026-02-22 16:54:26  [32MINFO[39M [Bootstrap] [32m🌍 Environment: development[39m
[32m[Nest] 29056  - [39m02/22/2026, 4:54:26 PM [32m    LOG[39m [38;5;3m[CacheService] [39m[32m✅ Redis Connected[39m
[32m[Nest] 29056  - [39m02/22/2026, 4:54:26 PM [32m    LOG[39m [38;5;3m[CacheService] [39m[32m✅ Redis Cache Service Initialized[39m
[2J[3J[H[[90m5:07:16 PM[0m] File change detected. Starting incremental compilation...

[[90m5:07:17 PM[0m] Found 0 errors. Watching for file changes.

2026-02-22 17:07:20  [31MERROR[39M  [31munhandledRejection: listen EADDRINUSE: address already in use :::7000[39m
[31mError: listen EADDRINUSE: address already in use :::7000[39m
[31m    at Server.setupListenHandle [as _listen2] (node:net:1940:16)[39m
[31m    at listenInCluster (node:net:1997:12)[39m
[31m    at Server.listen (node:net:2102:7)[39m
[31m    at ExpressAdapter.listen (D:\Web\full-projects\daftar-v1\dafter-api-v1\node_modules\@nestjs\platform-express\adapters\express-adapter.js:127:32)[39m
[31m    at D:\Web\full-projects\daftar-v1\dafter-api-v1\node_modules\@nestjs\core\nest-application.js:188:30[39m
[31m    at new Promise (<anonymous>)[39m
[31m    at NestApplication.listen (D:\Web\full-projects\daftar-v1\dafter-api-v1\node_modules\@nestjs\core\nest-application.js:178:16)[39m
[31m    at async bootstrap (D:\Web\full-projects\daftar-v1\dafter-api-v1\src\main.ts:88:3)[39m | {"error":{"code":"EADDRINUSE","errno":-4091,"syscall":"listen","address":"::","port":7000},"stack":"Error: listen EADDRINUSE: address already in use :::7000\n    at Server.setupListenHandle [as _listen2] (node:net:1940:16)\n    at listenInCluster (node:net:1997:12)\n    at Server.listen (node:net:2102:7)\n    at ExpressAdapter.listen (D:\\Web\\full-projects\\daftar-v1\\dafter-api-v1\\node_modules\\@nestjs\\platform-express\\adapters\\express-adapter.js:127:32)\n    at D:\\Web\\full-projects\\daftar-v1\\dafter-api-v1\\node_modules\\@nestjs\\core\\nest-application.js:188:30\n    at new Promise (<anonymous>)\n    at NestApplication.listen (D:\\Web\\full-projects\\daftar-v1\\dafter-api-v1\\node_modules\\@nestjs\\core\\nest-application.js:178:16)\n    at async bootstrap (D:\\Web\\full-projects\\daftar-v1\\dafter-api-v1\\src\\main.ts:88:3)","rejection":true,"date":"Sun Feb 22 2026 17:07:20 GMT+0200 (Eastern European Standard Time)","process":{"pid":9520,"uid":null,"gid":null,"cwd":"D:\\Web\\full-projects\\daftar-v1\\dafter-api-v1","execPath":"C:\\Program Files\\nodejs\\node.exe","version":"v24.12.0","argv":["C:\\Program Files\\nodejs\\node.exe","D:\\Web\\full-projects\\daftar-v1\\dafter-api-v1\\dist\\src\\main"],"memoryUsage":{"rss":192917504,"heapTotal":126291968,"heapUsed":67772056,"external":9464486,"arrayBuffers":3719305}},"os":{"loadavg":[0,0,0],"uptime":353363.625},"trace":[{"column":16,"file":"node:net","function":"Server.setupListenHandle [as _listen2]","line":1940,"method":"setupListenHandle [as _listen2]","native":false},{"column":12,"file":"node:net","function":"listenInCluster","line":1997,"method":null,"native":false},{"column":7,"file":"node:net","function":"Server.listen","line":2102,"method":"listen","native":false},{"column":32,"file":"D:\\Web\\full-projects\\daftar-v1\\dafter-api-v1\\node_modules\\@nestjs\\platform-express\\adapters\\express-adapter.js","function":"ExpressAdapter.listen","line":127,"method":"listen","native":false},{"column":30,"file":"D:\\Web\\full-projects\\daftar-v1\\dafter-api-v1\\node_modules\\@nestjs\\core\\nest-application.js","function":null,"line":188,"method":null,"native":false},{"column":null,"file":null,"function":"new Promise","line":null,"method":null,"native":false},{"column":16,"file":"D:\\Web\\full-projects\\daftar-v1\\dafter-api-v1\\node_modules\\@nestjs\\core\\nest-application.js","function":"NestApplication.listen","line":178,"method":"listen","native":false},{"column":3,"file":"D:\\Web\\full-projects\\daftar-v1\\dafter-api-v1\\src\\main.ts","function":"async bootstrap","line":88,"method":null,"native":false}]}
[2J[3J[H[[90m5:07:46 PM[0m] File change detected. Starting incremental compilation...

[2J[3J[H[[90m5:08:00 PM[0m] File change detected. Starting incremental compilation...

[2J[3J[H[[90m5:08:51 PM[0m] File change detected. Starting incremental compilation...

[2J[3J[H[[90m5:08:52 PM[0m] File change detected. Starting incremental compilation...

[[90m5:08:53 PM[0m] Found 0 errors. Watching for file changes.

[2J[3J[H[[90m5:08:56 PM[0m] File change detected. Starting incremental compilation...

2026-02-22 17:09:01  [31MERROR[39M  [31munhandledRejection: listen EADDRINUSE: address already in use :::7000[39m
[31mError: listen EADDRINUSE: address already in use :::7000[39m
[31m    at Server.setupListenHandle [as _listen2] (node:net:1940:16)[39m
[31m    at listenInCluster (node:net:1997:12)[39m
[31m    at Server.listen (node:net:2102:7)[39m
[31m    at ExpressAdapter.listen (D:\Web\full-projects\daftar-v1\dafter-api-v1\node_modules\@nestjs\platform-express\adapters\express-adapter.js:127:32)[39m
[31m    at D:\Web\full-projects\daftar-v1\dafter-api-v1\node_modules\@nestjs\core\nest-application.js:188:30[39m
[31m    at new Promise (<anonymous>)[39m
[31m    at NestApplication.listen (D:\Web\full-projects\daftar-v1\dafter-api-v1\node_modules\@nestjs\core\nest-application.js:178:16)[39m
[31m    at async bootstrap (D:\Web\full-projects\daftar-v1\dafter-api-v1\src\main.ts:88:3)[39m | {"error":{"code":"EADDRINUSE","errno":-4091,"syscall":"listen","address":"::","port":7000},"stack":"Error: listen EADDRINUSE: address already in use :::7000\n    at Server.setupListenHandle [as _listen2] (node:net:1940:16)\n    at listenInCluster (node:net:1997:12)\n    at Server.listen (node:net:2102:7)\n    at ExpressAdapter.listen (D:\\Web\\full-projects\\daftar-v1\\dafter-api-v1\\node_modules\\@nestjs\\platform-express\\adapters\\express-adapter.js:127:32)\n    at D:\\Web\\full-projects\\daftar-v1\\dafter-api-v1\\node_modules\\@nestjs\\core\\nest-application.js:188:30\n    at new Promise (<anonymous>)\n    at NestApplication.listen (D:\\Web\\full-projects\\daftar-v1\\dafter-api-v1\\node_modules\\@nestjs\\core\\nest-application.js:178:16)\n    at async bootstrap (D:\\Web\\full-projects\\daftar-v1\\dafter-api-v1\\src\\main.ts:88:3)","rejection":true,"date":"Sun Feb 22 2026 17:09:01 GMT+0200 (Eastern European Standard Time)","process":{"pid":7084,"uid":null,"gid":null,"cwd":"D:\\Web\\full-projects\\daftar-v1\\dafter-api-v1","execPath":"C:\\Program Files\\nodejs\\node.exe","version":"v24.12.0","argv":["C:\\Program Files\\nodejs\\node.exe","D:\\Web\\full-projects\\daftar-v1\\dafter-api-v1\\dist\\src\\main"],"memoryUsage":{"rss":199593984,"heapTotal":124981248,"heapUsed":79859648,"external":9464486,"arrayBuffers":3719305}},"os":{"loadavg":[0,0,0],"uptime":353464.109},"trace":[{"column":16,"file":"node:net","function":"Server.setupListenHandle [as _listen2]","line":1940,"method":"setupListenHandle [as _listen2]","native":false},{"column":12,"file":"node:net","function":"listenInCluster","line":1997,"method":null,"native":false},{"column":7,"file":"node:net","function":"Server.listen","line":2102,"method":"listen","native":false},{"column":32,"file":"D:\\Web\\full-projects\\daftar-v1\\dafter-api-v1\\node_modules\\@nestjs\\platform-express\\adapters\\express-adapter.js","function":"ExpressAdapter.listen","line":127,"method":"listen","native":false},{"column":30,"file":"D:\\Web\\full-projects\\daftar-v1\\dafter-api-v1\\node_modules\\@nestjs\\core\\nest-application.js","function":null,"line":188,"method":null,"native":false},{"column":null,"file":null,"function":"new Promise","line":null,"method":null,"native":false},{"column":16,"file":"D:\\Web\\full-projects\\daftar-v1\\dafter-api-v1\\node_modules\\@nestjs\\core\\nest-application.js","function":"NestApplication.listen","line":178,"method":"listen","native":false},{"column":3,"file":"D:\\Web\\full-projects\\daftar-v1\\dafter-api-v1\\src\\main.ts","function":"async bootstrap","line":88,"method":null,"native":false}]}
[2J[3J[H[[90m5:10:04 PM[0m] File change detected. Starting incremental compilation...

[[90m5:10:05 PM[0m] Found 0 errors. Watching for file changes.

2026-02-22 17:10:09  [31MERROR[39M  [31munhandledRejection: listen EADDRINUSE: address already in use :::7000[39m
[31mError: listen EADDRINUSE: address already in use :::7000[39m
[31m    at Server.setupListenHandle [as _listen2] (node:net:1940:16)[39m
[31m    at listenInCluster (node:net:1997:12)[39m
[31m    at Server.listen (node:net:2102:7)[39m
[31m    at ExpressAdapter.listen (D:\Web\full-projects\daftar-v1\dafter-api-v1\node_modules\@nestjs\platform-express\adapters\express-adapter.js:127:32)[39m
[31m    at D:\Web\full-projects\daftar-v1\dafter-api-v1\node_modules\@nestjs\core\nest-application.js:188:30[39m
[31m    at new Promise (<anonymous>)[39m
[31m    at NestApplication.listen (D:\Web\full-projects\daftar-v1\dafter-api-v1\node_modules\@nestjs\core\nest-application.js:178:16)[39m
[31m    at async bootstrap (D:\Web\full-projects\daftar-v1\dafter-api-v1\src\main.ts:88:3)[39m | {"error":{"code":"EADDRINUSE","errno":-4091,"syscall":"listen","address":"::","port":7000},"stack":"Error: listen EADDRINUSE: address already in use :::7000\n    at Server.setupListenHandle [as _listen2] (node:net:1940:16)\n    at listenInCluster (node:net:1997:12)\n    at Server.listen (node:net:2102:7)\n    at ExpressAdapter.listen (D:\\Web\\full-projects\\daftar-v1\\dafter-api-v1\\node_modules\\@nestjs\\platform-express\\adapters\\express-adapter.js:127:32)\n    at D:\\Web\\full-projects\\daftar-v1\\dafter-api-v1\\node_modules\\@nestjs\\core\\nest-application.js:188:30\n    at new Promise (<anonymous>)\n    at NestApplication.listen (D:\\Web\\full-projects\\daftar-v1\\dafter-api-v1\\node_modules\\@nestjs\\core\\nest-application.js:178:16)\n    at async bootstrap (D:\\Web\\full-projects\\daftar-v1\\dafter-api-v1\\src\\main.ts:88:3)","rejection":true,"date":"Sun Feb 22 2026 17:10:09 GMT+0200 (Eastern European Standard Time)","process":{"pid":20528,"uid":null,"gid":null,"cwd":"D:\\Web\\full-projects\\daftar-v1\\dafter-api-v1","execPath":"C:\\Program Files\\nodejs\\node.exe","version":"v24.12.0","argv":["C:\\Program Files\\nodejs\\node.exe","D:\\Web\\full-projects\\daftar-v1\\dafter-api-v1\\dist\\src\\main"],"memoryUsage":{"rss":201523200,"heapTotal":122884096,"heapUsed":83562712,"external":9464494,"arrayBuffers":3719313}},"os":{"loadavg":[0,0,0],"uptime":353532.812},"trace":[{"column":16,"file":"node:net","function":"Server.setupListenHandle [as _listen2]","line":1940,"method":"setupListenHandle [as _listen2]","native":false},{"column":12,"file":"node:net","function":"listenInCluster","line":1997,"method":null,"native":false},{"column":7,"file":"node:net","function":"Server.listen","line":2102,"method":"listen","native":false},{"column":32,"file":"D:\\Web\\full-projects\\daftar-v1\\dafter-api-v1\\node_modules\\@nestjs\\platform-express\\adapters\\express-adapter.js","function":"ExpressAdapter.listen","line":127,"method":"listen","native":false},{"column":30,"file":"D:\\Web\\full-projects\\daftar-v1\\dafter-api-v1\\node_modules\\@nestjs\\core\\nest-application.js","function":null,"line":188,"method":null,"native":false},{"column":null,"file":null,"function":"new Promise","line":null,"method":null,"native":false},{"column":16,"file":"D:\\Web\\full-projects\\daftar-v1\\dafter-api-v1\\node_modules\\@nestjs\\core\\nest-application.js","function":"NestApplication.listen","line":178,"method":"listen","native":false},{"column":3,"file":"D:\\Web\\full-projects\\daftar-v1\\dafter-api-v1\\src\\main.ts","function":"async bootstrap","line":88,"method":null,"native":false}]}
[2J[3J[H[[90m5:10:15 PM[0m] File change detected. Starting incremental compilation...

[[90m5:10:16 PM[0m] Found 0 errors. Watching for file changes.

[32m[Nest] 13200  - [39m02/22/2026, 5:10:19 PM [32m    LOG[39m [38;5;3m[NestFactory] [39m[32mStarting Nest application...[39m
[32m[Nest] 13200  - [39m02/22/2026, 5:10:19 PM [32m    LOG[39m [38;5;3m[InstanceLoader] [39m[32mBullModule dependencies initialized[39m[38;5;3m +2ms[39m
[32m[Nest] 13200  - [39m02/22/2026, 5:10:19 PM [32m    LOG[39m [38;5;3m[InstanceLoader] [39m[32mDatabaseModule dependencies initialized[39m[38;5;3m +0ms[39m
[32m[Nest] 13200  - [39m02/22/2026, 5:10:19 PM [32m    LOG[39m [38;5;3m[InstanceLoader] [39m[32mPrismaModule dependencies initialized[39m[38;5;3m +1ms[39m
[32m[Nest] 13200  - [39m02/22/2026, 5:10:19 PM [32m    LOG[39m [38;5;3m[InstanceLoader] [39m[32mLoggerModule dependencies initialized[39m[38;5;3m +0ms[39m
[32m[Nest] 13200  - [39m02/22/2026, 5:10:19 PM [32m    LOG[39m [38;5;3m[InstanceLoader] [39m[32mTranslationModule dependencies initialized[39m[38;5;3m +0ms[39m
[32m[Nest] 13200  - [39m02/22/2026, 5:10:19 PM [32m    LOG[39m [38;5;3m[InstanceLoader] [39m[32mPassportModule dependencies initialized[39m[38;5;3m +0ms[39m
[32m[Nest] 13200  - [39m02/22/2026, 5:10:19 PM [32m    LOG[39m [38;5;3m[InstanceLoader] [39m[32mConfigHostModule dependencies initialized[39m[38;5;3m +0ms[39m
[32m[Nest] 13200  - [39m02/22/2026, 5:10:19 PM [32m    LOG[39m [38;5;3m[InstanceLoader] [39m[32mThrottlerModule dependencies initialized[39m[38;5;3m +0ms[39m
[32m[Nest] 13200  - [39m02/22/2026, 5:10:19 PM [32m    LOG[39m [38;5;3m[InstanceLoader] [39m[32mDiscoveryModule dependencies initialized[39m[38;5;3m +0ms[39m
[33m[Nest] 13200  - [39m02/22/2026, 5:10:19 PM [33m   WARN[39m [38;5;3m[WhatsAppService] [39m[33mTwilio credentials not configured — WhatsApp sending disabled[39m
[32m[Nest] 13200  - [39m02/22/2026, 5:10:19 PM [32m    LOG[39m [38;5;3m[InstanceLoader] [39m[32mGuardsModule dependencies initialized[39m[38;5;3m +0ms[39m
[32m[Nest] 13200  - [39m02/22/2026, 5:10:19 PM [32m    LOG[39m [38;5;3m[InstanceLoader] [39m[32mConfigModule dependencies initialized[39m[38;5;3m +0ms[39m
[32m[Nest] 13200  - [39m02/22/2026, 5:10:19 PM [32m    LOG[39m [38;5;3m[InstanceLoader] [39m[32mConfigModule dependencies initialized[39m[38;5;3m +0ms[39m
[32m[Nest] 13200  - [39m02/22/2026, 5:10:19 PM [32m    LOG[39m [38;5;3m[InstanceLoader] [39m[32mBullModule dependencies initialized[39m[38;5;3m +0ms[39m
[32m[Nest] 13200  - [39m02/22/2026, 5:10:19 PM [32m    LOG[39m [38;5;3m[InstanceLoader] [39m[32mCacheModule dependencies initialized[39m[38;5;3m +0ms[39m
[32m[Nest] 13200  - [39m02/22/2026, 5:10:19 PM [32m    LOG[39m [38;5;3m[InstanceLoader] [39m[32mJwtModule dependencies initialized[39m[38;5;3m +1ms[39m
[32m[Nest] 13200  - [39m02/22/2026, 5:10:19 PM [32m    LOG[39m [38;5;3m[InstanceLoader] [39m[32mBullModule dependencies initialized[39m[38;5;3m +0ms[39m
[32m[Nest] 13200  - [39m02/22/2026, 5:10:19 PM [32m    LOG[39m [38;5;3m[InstanceLoader] [39m[32mAppModule dependencies initialized[39m[38;5;3m +0ms[39m
[32m[Nest] 13200  - [39m02/22/2026, 5:10:19 PM [32m    LOG[39m [38;5;3m[InstanceLoader] [39m[32mPlatformModule dependencies initialized[39m[38;5;3m +0ms[39m
[32m[Nest] 13200  - [39m02/22/2026, 5:10:19 PM [32m    LOG[39m [38;5;3m[InstanceLoader] [39m[32mUsersModule dependencies initialized[39m[38;5;3m +0ms[39m
[32m[Nest] 13200  - [39m02/22/2026, 5:10:19 PM [32m    LOG[39m [38;5;3m[InstanceLoader] [39m[32mCustomersModule dependencies initialized[39m[38;5;3m +0ms[39m
[32m[Nest] 13200  - [39m02/22/2026, 5:10:19 PM [32m    LOG[39m [38;5;3m[InstanceLoader] [39m[32mSuppliersModule dependencies initialized[39m[38;5;3m +0ms[39m
[32m[Nest] 13200  - [39m02/22/2026, 5:10:19 PM [32m    LOG[39m [38;5;3m[InstanceLoader] [39m[32mEmployeesModule dependencies initialized[39m[38;5;3m +0ms[39m
[32m[Nest] 13200  - [39m02/22/2026, 5:10:19 PM [32m    LOG[39m [38;5;3m[InstanceLoader] [39m[32mNotificationsModule dependencies initialized[39m[38;5;3m +0ms[39m
[32m[Nest] 13200  - [39m02/22/2026, 5:10:19 PM [32m    LOG[39m [38;5;3m[InstanceLoader] [39m[32mLedgerModule dependencies initialized[39m[38;5;3m +0ms[39m
[32m[Nest] 13200  - [39m02/22/2026, 5:10:19 PM [32m    LOG[39m [38;5;3m[InstanceLoader] [39m[32mAuthModule dependencies initialized[39m[38;5;3m +0ms[39m
[32m[Nest] 13200  - [39m02/22/2026, 5:10:19 PM [32m    LOG[39m [38;5;3m[RoutesResolver] [39m[32mAppController {/api/v1}:[39m[38;5;3m +0ms[39m
[32m[Nest] 13200  - [39m02/22/2026, 5:10:19 PM [32m    LOG[39m [38;5;3m[RouterExplorer] [39m[32mMapped {/api/v1/health, GET} route[39m[38;5;3m +0ms[39m
[32m[Nest] 13200  - [39m02/22/2026, 5:10:19 PM [32m    LOG[39m [38;5;3m[RoutesResolver] [39m[32mAuthController {/api/v1/auth}:[39m[38;5;3m +0ms[39m
[32m[Nest] 13200  - [39m02/22/2026, 5:10:19 PM [32m    LOG[39m [38;5;3m[RouterExplorer] [39m[32mMapped {/api/v1/auth/register, POST} route[39m[38;5;3m +0ms[39m
[32m[Nest] 13200  - [39m02/22/2026, 5:10:19 PM [32m    LOG[39m [38;5;3m[RouterExplorer] [39m[32mMapped {/api/v1/auth/login, POST} route[39m[38;5;3m +0ms[39m
[32m[Nest] 13200  - [39m02/22/2026, 5:10:19 PM [32m    LOG[39m [38;5;3m[RouterExplorer] [39m[32mMapped {/api/v1/auth/refresh, POST} route[39m[38;5;3m +1ms[39m
[32m[Nest] 13200  - [39m02/22/2026, 5:10:19 PM [32m    LOG[39m [38;5;3m[RouterExplorer] [39m[32mMapped {/api/v1/auth/logout, POST} route[39m[38;5;3m +0ms[39m
[32m[Nest] 13200  - [39m02/22/2026, 5:10:19 PM [32m    LOG[39m [38;5;3m[RouterExplorer] [39m[32mMapped {/api/v1/auth/logout-all, POST} route[39m[38;5;3m +0ms[39m
[32m[Nest] 13200  - [39m02/22/2026, 5:10:19 PM [32m    LOG[39m [38;5;3m[RouterExplorer] [39m[32mMapped {/api/v1/auth/change-password, POST} route[39m[38;5;3m +0ms[39m
[32m[Nest] 13200  - [39m02/22/2026, 5:10:19 PM [32m    LOG[39m [38;5;3m[RouterExplorer] [39m[32mMapped {/api/v1/auth/me, GET} route[39m[38;5;3m +0ms[39m
[32m[Nest] 13200  - [39m02/22/2026, 5:10:19 PM [32m    LOG[39m [38;5;3m[RouterExplorer] [39m[32mMapped {/api/v1/auth/sessions, GET} route[39m[38;5;3m +0ms[39m
[32m[Nest] 13200  - [39m02/22/2026, 5:10:19 PM [32m    LOG[39m [38;5;3m[RouterExplorer] [39m[32mMapped {/api/v1/auth/forgot-password, POST} route[39m[38;5;3m +0ms[39m
[32m[Nest] 13200  - [39m02/22/2026, 5:10:19 PM [32m    LOG[39m [38;5;3m[RouterExplorer] [39m[32mMapped {/api/v1/auth/reset-password, POST} route[39m[38;5;3m +0ms[39m
[32m[Nest] 13200  - [39m02/22/2026, 5:10:19 PM [32m    LOG[39m [38;5;3m[RoutesResolver] [39m[32mNotificationsController {/api/v1/notifications}:[39m[38;5;3m +0ms[39m
[32m[Nest] 13200  - [39m02/22/2026, 5:10:19 PM [32m    LOG[39m [38;5;3m[RouterExplorer] [39m[32mMapped {/api/v1/notifications/device-token, POST} route[39m[38;5;3m +0ms[39m
[32m[Nest] 13200  - [39m02/22/2026, 5:10:19 PM [32m    LOG[39m [38;5;3m[RouterExplorer] [39m[32mMapped {/api/v1/notifications/device-token/:token, DELETE} route[39m[38;5;3m +0ms[39m
[32m[Nest] 13200  - [39m02/22/2026, 5:10:19 PM [32m    LOG[39m [38;5;3m[RouterExplorer] [39m[32mMapped {/api/v1/notifications/unread-count, GET} route[39m[38;5;3m +0ms[39m
[32m[Nest] 13200  - [39m02/22/2026, 5:10:19 PM [32m    LOG[39m [38;5;3m[RouterExplorer] [39m[32mMapped {/api/v1/notifications, GET} route[39m[38;5;3m +0ms[39m
[32m[Nest] 13200  - [39m02/22/2026, 5:10:19 PM [32m    LOG[39m [38;5;3m[RouterExplorer] [39m[32mMapped {/api/v1/notifications/read-all, PATCH} route[39m[38;5;3m +0ms[39m
[32m[Nest] 13200  - [39m02/22/2026, 5:10:19 PM [32m    LOG[39m [38;5;3m[RouterExplorer] [39m[32mMapped {/api/v1/notifications/:id/read, PATCH} route[39m[38;5;3m +0ms[39m
[32m[Nest] 13200  - [39m02/22/2026, 5:10:19 PM [32m    LOG[39m [38;5;3m[RoutesResolver] [39m[32mPlatformController {/api/v1/platform}:[39m[38;5;3m +0ms[39m
[32m[Nest] 13200  - [39m02/22/2026, 5:10:19 PM [32m    LOG[39m [38;5;3m[RouterExplorer] [39m[32mMapped {/api/v1/platform/companies, POST} route[39m[38;5;3m +0ms[39m
[32m[Nest] 13200  - [39m02/22/2026, 5:10:19 PM [32m    LOG[39m [38;5;3m[RouterExplorer] [39m[32mMapped {/api/v1/platform/companies, GET} route[39m[38;5;3m +0ms[39m
[32m[Nest] 13200  - [39m02/22/2026, 5:10:19 PM [32m    LOG[39m [38;5;3m[RouterExplorer] [39m[32mMapped {/api/v1/platform/companies/:id, GET} route[39m[38;5;3m +0ms[39m
[32m[Nest] 13200  - [39m02/22/2026, 5:10:19 PM [32m    LOG[39m [38;5;3m[RouterExplorer] [39m[32mMapped {/api/v1/platform/companies/:id/metrics, GET} route[39m[38;5;3m +0ms[39m
[32m[Nest] 13200  - [39m02/22/2026, 5:10:19 PM [32m    LOG[39m [38;5;3m[RouterExplorer] [39m[32mMapped {/api/v1/platform/plans, POST} route[39m[38;5;3m +1ms[39m
[32m[Nest] 13200  - [39m02/22/2026, 5:10:19 PM [32m    LOG[39m [38;5;3m[RouterExplorer] [39m[32mMapped {/api/v1/platform/plans, GET} route[39m[38;5;3m +0ms[39m
[32m[Nest] 13200  - [39m02/22/2026, 5:10:19 PM [32m    LOG[39m [38;5;3m[RouterExplorer] [39m[32mMapped {/api/v1/platform/plans/:id, PATCH} route[39m[38;5;3m +0ms[39m
[32m[Nest] 13200  - [39m02/22/2026, 5:10:19 PM [32m    LOG[39m [38;5;3m[RouterExplorer] [39m[32mMapped {/api/v1/platform/subscriptions/activate, POST} route[39m[38;5;3m +0ms[39m
[32m[Nest] 13200  - [39m02/22/2026, 5:10:19 PM [32m    LOG[39m [38;5;3m[RouterExplorer] [39m[32mMapped {/api/v1/platform/subscriptions/suspend, POST} route[39m[38;5;3m +0ms[39m
[32m[Nest] 13200  - [39m02/22/2026, 5:10:19 PM [32m    LOG[39m [38;5;3m[RouterExplorer] [39m[32mMapped {/api/v1/platform/subscriptions/extend, POST} route[39m[38;5;3m +0ms[39m
[32m[Nest] 13200  - [39m02/22/2026, 5:10:19 PM [32m    LOG[39m [38;5;3m[RoutesResolver] [39m[32mUsersController {/api/v1/users}:[39m[38;5;3m +0ms[39m
[32m[Nest] 13200  - [39m02/22/2026, 5:10:19 PM [32m    LOG[39m [38;5;3m[RouterExplorer] [39m[32mMapped {/api/v1/users/staff, POST} route[39m[38;5;3m +0ms[39m
[32m[Nest] 13200  - [39m02/22/2026, 5:10:19 PM [32m    LOG[39m [38;5;3m[RouterExplorer] [39m[32mMapped {/api/v1/users/stats, GET} route[39m[38;5;3m +0ms[39m
[32m[Nest] 13200  - [39m02/22/2026, 5:10:19 PM [32m    LOG[39m [38;5;3m[RouterExplorer] [39m[32mMapped {/api/v1/users, GET} route[39m[38;5;3m +0ms[39m
[32m[Nest] 13200  - [39m02/22/2026, 5:10:19 PM [32m    LOG[39m [38;5;3m[RouterExplorer] [39m[32mMapped {/api/v1/users/:id, GET} route[39m[38;5;3m +0ms[39m
[32m[Nest] 13200  - [39m02/22/2026, 5:10:19 PM [32m    LOG[39m [38;5;3m[RouterExplorer] [39m[32mMapped {/api/v1/users/:id, PATCH} route[39m[38;5;3m +0ms[39m
[32m[Nest] 13200  - [39m02/22/2026, 5:10:19 PM [32m    LOG[39m [38;5;3m[RouterExplorer] [39m[32mMapped {/api/v1/users/:id/permissions, PATCH} route[39m[38;5;3m +0ms[39m
[32m[Nest] 13200  - [39m02/22/2026, 5:10:19 PM [32m    LOG[39m [38;5;3m[RouterExplorer] [39m[32mMapped {/api/v1/users/:id/disable, PATCH} route[39m[38;5;3m +0ms[39m
[32m[Nest] 13200  - [39m02/22/2026, 5:10:19 PM [32m    LOG[39m [38;5;3m[RouterExplorer] [39m[32mMapped {/api/v1/users/:id/enable, PATCH} route[39m[38;5;3m +0ms[39m
[32m[Nest] 13200  - [39m02/22/2026, 5:10:19 PM [32m    LOG[39m [38;5;3m[RoutesResolver] [39m[32mCustomersController {/api/v1/customers}:[39m[38;5;3m +0ms[39m
[32m[Nest] 13200  - [39m02/22/2026, 5:10:19 PM [32m    LOG[39m [38;5;3m[RouterExplorer] [39m[32mMapped {/api/v1/customers, POST} route[39m[38;5;3m +0ms[39m
[32m[Nest] 13200  - [39m02/22/2026, 5:10:19 PM [32m    LOG[39m [38;5;3m[RouterExplorer] [39m[32mMapped {/api/v1/customers, GET} route[39m[38;5;3m +0ms[39m
[32m[Nest] 13200  - [39m02/22/2026, 5:10:19 PM [32m    LOG[39m [38;5;3m[RouterExplorer] [39m[32mMapped {/api/v1/customers/:id, GET} route[39m[38;5;3m +0ms[39m
[32m[Nest] 13200  - [39m02/22/2026, 5:10:19 PM [32m    LOG[39m [38;5;3m[RouterExplorer] [39m[32mMapped {/api/v1/customers/:id, PATCH} route[39m[38;5;3m +0ms[39m
[32m[Nest] 13200  - [39m02/22/2026, 5:10:19 PM [32m    LOG[39m [38;5;3m[RouterExplorer] [39m[32mMapped {/api/v1/customers/:id, DELETE} route[39m[38;5;3m +0ms[39m
[32m[Nest] 13200  - [39m02/22/2026, 5:10:19 PM [32m    LOG[39m [38;5;3m[RoutesResolver] [39m[32mSuppliersController {/api/v1/suppliers}:[39m[38;5;3m +0ms[39m
[32m[Nest] 13200  - [39m02/22/2026, 5:10:19 PM [32m    LOG[39m [38;5;3m[RouterExplorer] [39m[32mMapped {/api/v1/suppliers, POST} route[39m[38;5;3m +0ms[39m
[32m[Nest] 13200  - [39m02/22/2026, 5:10:19 PM [32m    LOG[39m [38;5;3m[RouterExplorer] [39m[32mMapped {/api/v1/suppliers, GET} route[39m[38;5;3m +1ms[39m
[32m[Nest] 13200  - [39m02/22/2026, 5:10:19 PM [32m    LOG[39m [38;5;3m[RouterExplorer] [39m[32mMapped {/api/v1/suppliers/:id, GET} route[39m[38;5;3m +0ms[39m
[32m[Nest] 13200  - [39m02/22/2026, 5:10:19 PM [32m    LOG[39m [38;5;3m[RouterExplorer] [39m[32mMapped {/api/v1/suppliers/:id, PATCH} route[39m[38;5;3m +0ms[39m
[32m[Nest] 13200  - [39m02/22/2026, 5:10:19 PM [32m    LOG[39m [38;5;3m[RouterExplorer] [39m[32mMapped {/api/v1/suppliers/:id, DELETE} route[39m[38;5;3m +0ms[39m
[32m[Nest] 13200  - [39m02/22/2026, 5:10:19 PM [32m    LOG[39m [38;5;3m[RoutesResolver] [39m[32mEmployeesController {/api/v1/employees}:[39m[38;5;3m +0ms[39m
[32m[Nest] 13200  - [39m02/22/2026, 5:10:19 PM [32m    LOG[39m [38;5;3m[RouterExplorer] [39m[32mMapped {/api/v1/employees, POST} route[39m[38;5;3m +0ms[39m
[32m[Nest] 13200  - [39m02/22/2026, 5:10:19 PM [32m    LOG[39m [38;5;3m[RouterExplorer] [39m[32mMapped {/api/v1/employees, GET} route[39m[38;5;3m +0ms[39m
[32m[Nest] 13200  - [39m02/22/2026, 5:10:19 PM [32m    LOG[39m [38;5;3m[RouterExplorer] [39m[32mMapped {/api/v1/employees/:id, GET} route[39m[38;5;3m +0ms[39m
[32m[Nest] 13200  - [39m02/22/2026, 5:10:19 PM [32m    LOG[39m [38;5;3m[RouterExplorer] [39m[32mMapped {/api/v1/employees/:id, PATCH} route[39m[38;5;3m +0ms[39m
[32m[Nest] 13200  - [39m02/22/2026, 5:10:19 PM [32m    LOG[39m [38;5;3m[RouterExplorer] [39m[32mMapped {/api/v1/employees/:id, DELETE} route[39m[38;5;3m +0ms[39m
[32m[Nest] 13200  - [39m02/22/2026, 5:10:19 PM [32m    LOG[39m [38;5;3m[RoutesResolver] [39m[32mLedgerController {/api/v1/ledger}:[39m[38;5;3m +0ms[39m
[32m[Nest] 13200  - [39m02/22/2026, 5:10:19 PM [32m    LOG[39m [38;5;3m[RouterExplorer] [39m[32mMapped {/api/v1/ledger, POST} route[39m[38;5;3m +0ms[39m
[32m[Nest] 13200  - [39m02/22/2026, 5:10:19 PM [32m    LOG[39m [38;5;3m[RouterExplorer] [39m[32mMapped {/api/v1/ledger/:id, DELETE} route[39m[38;5;3m +0ms[39m
[32m[Nest] 13200  - [39m02/22/2026, 5:10:19 PM [32m    LOG[39m [38;5;3m[RouterExplorer] [39m[32mMapped {/api/v1/ledger/statement, GET} route[39m[38;5;3m +0ms[39m
[32m[Nest] 13200  - [39m02/22/2026, 5:10:19 PM [32m    LOG[39m [38;5;3m[PrismaService] [39m[32m✅ Connected to database[39m
[32m[Nest] 13200  - [39m02/22/2026, 5:10:19 PM [32m    LOG[39m [38;5;3m[PrismaService] [39m[32m✅ Connected to database[39m
[32m[Nest] 13200  - [39m02/22/2026, 5:10:19 PM [32m    LOG[39m [38;5;3m[NestApplication] [39m[32mNest application successfully started[39m[38;5;3m +0ms[39m
2026-02-22 17:10:19  [32MINFO[39M [Bootstrap] [32m🚀 Daftar API running on http://localhost:7000[39m
2026-02-22 17:10:19  [32MINFO[39M [Bootstrap] [32m📚 Swagger docs: http://localhost:7000/api/docs[39m
2026-02-22 17:10:19  [32MINFO[39M [Bootstrap] [32m🔗 API prefix: /api/v1[39m
2026-02-22 17:10:19  [32MINFO[39M [Bootstrap] [32m🌍 Environment: development[39m
[32m[Nest] 13200  - [39m02/22/2026, 5:10:19 PM [32m    LOG[39m [38;5;3m[CacheService] [39m[32m✅ Redis Connected[39m
[32m[Nest] 13200  - [39m02/22/2026, 5:10:19 PM [32m    LOG[39m [38;5;3m[CacheService] [39m[32m✅ Redis Cache Service Initialized[39m
[2J[3J[H[[90m5:10:26 PM[0m] File change detected. Starting incremental compilation...

[[90m5:10:27 PM[0m] Found 0 errors. Watching for file changes.

[32m[Nest] 28076  - [39m02/22/2026, 5:10:30 PM [32m    LOG[39m [38;5;3m[NestFactory] [39m[32mStarting Nest application...[39m
[32m[Nest] 28076  - [39m02/22/2026, 5:10:30 PM [32m    LOG[39m [38;5;3m[InstanceLoader] [39m[32mBullModule dependencies initialized[39m[38;5;3m +1ms[39m
[32m[Nest] 28076  - [39m02/22/2026, 5:10:30 PM [32m    LOG[39m [38;5;3m[InstanceLoader] [39m[32mDatabaseModule dependencies initialized[39m[38;5;3m +1ms[39m
[32m[Nest] 28076  - [39m02/22/2026, 5:10:30 PM [32m    LOG[39m [38;5;3m[InstanceLoader] [39m[32mPrismaModule dependencies initialized[39m[38;5;3m +0ms[39m
[32m[Nest] 28076  - [39m02/22/2026, 5:10:30 PM [32m    LOG[39m [38;5;3m[InstanceLoader] [39m[32mLoggerModule dependencies initialized[39m[38;5;3m +0ms[39m
[32m[Nest] 28076  - [39m02/22/2026, 5:10:30 PM [32m    LOG[39m [38;5;3m[InstanceLoader] [39m[32mTranslationModule dependencies initialized[39m[38;5;3m +0ms[39m
[32m[Nest] 28076  - [39m02/22/2026, 5:10:30 PM [32m    LOG[39m [38;5;3m[InstanceLoader] [39m[32mPassportModule dependencies initialized[39m[38;5;3m +0ms[39m
[32m[Nest] 28076  - [39m02/22/2026, 5:10:30 PM [32m    LOG[39m [38;5;3m[InstanceLoader] [39m[32mConfigHostModule dependencies initialized[39m[38;5;3m +0ms[39m
[32m[Nest] 28076  - [39m02/22/2026, 5:10:30 PM [32m    LOG[39m [38;5;3m[InstanceLoader] [39m[32mThrottlerModule dependencies initialized[39m[38;5;3m +0ms[39m
[32m[Nest] 28076  - [39m02/22/2026, 5:10:30 PM [32m    LOG[39m [38;5;3m[InstanceLoader] [39m[32mDiscoveryModule dependencies initialized[39m[38;5;3m +1ms[39m
[33m[Nest] 28076  - [39m02/22/2026, 5:10:30 PM [33m   WARN[39m [38;5;3m[WhatsAppService] [39m[33mTwilio credentials not configured — WhatsApp sending disabled[39m
[32m[Nest] 28076  - [39m02/22/2026, 5:10:30 PM [32m    LOG[39m [38;5;3m[InstanceLoader] [39m[32mGuardsModule dependencies initialized[39m[38;5;3m +1ms[39m
[32m[Nest] 28076  - [39m02/22/2026, 5:10:30 PM [32m    LOG[39m [38;5;3m[InstanceLoader] [39m[32mConfigModule dependencies initialized[39m[38;5;3m +0ms[39m
[32m[Nest] 28076  - [39m02/22/2026, 5:10:30 PM [32m    LOG[39m [38;5;3m[InstanceLoader] [39m[32mConfigModule dependencies initialized[39m[38;5;3m +0ms[39m
[32m[Nest] 28076  - [39m02/22/2026, 5:10:30 PM [32m    LOG[39m [38;5;3m[InstanceLoader] [39m[32mBullModule dependencies initialized[39m[38;5;3m +0ms[39m
[32m[Nest] 28076  - [39m02/22/2026, 5:10:30 PM [32m    LOG[39m [38;5;3m[InstanceLoader] [39m[32mCacheModule dependencies initialized[39m[38;5;3m +0ms[39m
[32m[Nest] 28076  - [39m02/22/2026, 5:10:30 PM [32m    LOG[39m [38;5;3m[InstanceLoader] [39m[32mJwtModule dependencies initialized[39m[38;5;3m +0ms[39m
[32m[Nest] 28076  - [39m02/22/2026, 5:10:30 PM [32m    LOG[39m [38;5;3m[InstanceLoader] [39m[32mBullModule dependencies initialized[39m[38;5;3m +0ms[39m
[32m[Nest] 28076  - [39m02/22/2026, 5:10:30 PM [32m    LOG[39m [38;5;3m[InstanceLoader] [39m[32mAppModule dependencies initialized[39m[38;5;3m +0ms[39m
[32m[Nest] 28076  - [39m02/22/2026, 5:10:30 PM [32m    LOG[39m [38;5;3m[InstanceLoader] [39m[32mPlatformModule dependencies initialized[39m[38;5;3m +0ms[39m
[32m[Nest] 28076  - [39m02/22/2026, 5:10:30 PM [32m    LOG[39m [38;5;3m[InstanceLoader] [39m[32mUsersModule dependencies initialized[39m[38;5;3m +0ms[39m
[32m[Nest] 28076  - [39m02/22/2026, 5:10:30 PM [32m    LOG[39m [38;5;3m[InstanceLoader] [39m[32mCustomersModule dependencies initialized[39m[38;5;3m +0ms[39m
[32m[Nest] 28076  - [39m02/22/2026, 5:10:30 PM [32m    LOG[39m [38;5;3m[InstanceLoader] [39m[32mSuppliersModule dependencies initialized[39m[38;5;3m +0ms[39m
[32m[Nest] 28076  - [39m02/22/2026, 5:10:30 PM [32m    LOG[39m [38;5;3m[InstanceLoader] [39m[32mEmployeesModule dependencies initialized[39m[38;5;3m +0ms[39m
[32m[Nest] 28076  - [39m02/22/2026, 5:10:30 PM [32m    LOG[39m [38;5;3m[InstanceLoader] [39m[32mNotificationsModule dependencies initialized[39m[38;5;3m +0ms[39m
[32m[Nest] 28076  - [39m02/22/2026, 5:10:30 PM [32m    LOG[39m [38;5;3m[InstanceLoader] [39m[32mLedgerModule dependencies initialized[39m[38;5;3m +0ms[39m
[32m[Nest] 28076  - [39m02/22/2026, 5:10:30 PM [32m    LOG[39m [38;5;3m[InstanceLoader] [39m[32mAuthModule dependencies initialized[39m[38;5;3m +0ms[39m
[32m[Nest] 28076  - [39m02/22/2026, 5:10:30 PM [32m    LOG[39m [38;5;3m[RoutesResolver] [39m[32mAppController {/api/v1}:[39m[38;5;3m +0ms[39m
[32m[Nest] 28076  - [39m02/22/2026, 5:10:30 PM [32m    LOG[39m [38;5;3m[RouterExplorer] [39m[32mMapped {/api/v1/health, GET} route[39m[38;5;3m +0ms[39m
[32m[Nest] 28076  - [39m02/22/2026, 5:10:30 PM [32m    LOG[39m [38;5;3m[RoutesResolver] [39m[32mAuthController {/api/v1/auth}:[39m[38;5;3m +0ms[39m
[32m[Nest] 28076  - [39m02/22/2026, 5:10:30 PM [32m    LOG[39m [38;5;3m[RouterExplorer] [39m[32mMapped {/api/v1/auth/register, POST} route[39m[38;5;3m +0ms[39m
[32m[Nest] 28076  - [39m02/22/2026, 5:10:30 PM [32m    LOG[39m [38;5;3m[RouterExplorer] [39m[32mMapped {/api/v1/auth/login, POST} route[39m[38;5;3m +0ms[39m
[32m[Nest] 28076  - [39m02/22/2026, 5:10:30 PM [32m    LOG[39m [38;5;3m[RouterExplorer] [39m[32mMapped {/api/v1/auth/refresh, POST} route[39m[38;5;3m +0ms[39m
[32m[Nest] 28076  - [39m02/22/2026, 5:10:30 PM [32m    LOG[39m [38;5;3m[RouterExplorer] [39m[32mMapped {/api/v1/auth/logout, POST} route[39m[38;5;3m +1ms[39m
[32m[Nest] 28076  - [39m02/22/2026, 5:10:30 PM [32m    LOG[39m [38;5;3m[RouterExplorer] [39m[32mMapped {/api/v1/auth/logout-all, POST} route[39m[38;5;3m +0ms[39m
[32m[Nest] 28076  - [39m02/22/2026, 5:10:30 PM [32m    LOG[39m [38;5;3m[RouterExplorer] [39m[32mMapped {/api/v1/auth/change-password, POST} route[39m[38;5;3m +0ms[39m
[32m[Nest] 28076  - [39m02/22/2026, 5:10:30 PM [32m    LOG[39m [38;5;3m[RouterExplorer] [39m[32mMapped {/api/v1/auth/me, GET} route[39m[38;5;3m +0ms[39m
[32m[Nest] 28076  - [39m02/22/2026, 5:10:30 PM [32m    LOG[39m [38;5;3m[RouterExplorer] [39m[32mMapped {/api/v1/auth/sessions, GET} route[39m[38;5;3m +0ms[39m
[32m[Nest] 28076  - [39m02/22/2026, 5:10:30 PM [32m    LOG[39m [38;5;3m[RouterExplorer] [39m[32mMapped {/api/v1/auth/forgot-password, POST} route[39m[38;5;3m +0ms[39m
[32m[Nest] 28076  - [39m02/22/2026, 5:10:30 PM [32m    LOG[39m [38;5;3m[RouterExplorer] [39m[32mMapped {/api/v1/auth/reset-password, POST} route[39m[38;5;3m +0ms[39m
[32m[Nest] 28076  - [39m02/22/2026, 5:10:30 PM [32m    LOG[39m [38;5;3m[RoutesResolver] [39m[32mNotificationsController {/api/v1/notifications}:[39m[38;5;3m +0ms[39m
[32m[Nest] 28076  - [39m02/22/2026, 5:10:30 PM [32m    LOG[39m [38;5;3m[RouterExplorer] [39m[32mMapped {/api/v1/notifications/device-token, POST} route[39m[38;5;3m +0ms[39m
[32m[Nest] 28076  - [39m02/22/2026, 5:10:30 PM [32m    LOG[39m [38;5;3m[RouterExplorer] [39m[32mMapped {/api/v1/notifications/device-token/:token, DELETE} route[39m[38;5;3m +0ms[39m
[32m[Nest] 28076  - [39m02/22/2026, 5:10:30 PM [32m    LOG[39m [38;5;3m[RouterExplorer] [39m[32mMapped {/api/v1/notifications/unread-count, GET} route[39m[38;5;3m +0ms[39m
[32m[Nest] 28076  - [39m02/22/2026, 5:10:30 PM [32m    LOG[39m [38;5;3m[RouterExplorer] [39m[32mMapped {/api/v1/notifications, GET} route[39m[38;5;3m +0ms[39m
[32m[Nest] 28076  - [39m02/22/2026, 5:10:30 PM [32m    LOG[39m [38;5;3m[RouterExplorer] [39m[32mMapped {/api/v1/notifications/read-all, PATCH} route[39m[38;5;3m +0ms[39m
[32m[Nest] 28076  - [39m02/22/2026, 5:10:30 PM [32m    LOG[39m [38;5;3m[RouterExplorer] [39m[32mMapped {/api/v1/notifications/:id/read, PATCH} route[39m[38;5;3m +0ms[39m
[32m[Nest] 28076  - [39m02/22/2026, 5:10:30 PM [32m    LOG[39m [38;5;3m[RoutesResolver] [39m[32mPlatformController {/api/v1/platform}:[39m[38;5;3m +0ms[39m
[32m[Nest] 28076  - [39m02/22/2026, 5:10:30 PM [32m    LOG[39m [38;5;3m[RouterExplorer] [39m[32mMapped {/api/v1/platform/companies, POST} route[39m[38;5;3m +0ms[39m
[32m[Nest] 28076  - [39m02/22/2026, 5:10:30 PM [32m    LOG[39m [38;5;3m[RouterExplorer] [39m[32mMapped {/api/v1/platform/companies, GET} route[39m[38;5;3m +0ms[39m
[32m[Nest] 28076  - [39m02/22/2026, 5:10:30 PM [32m    LOG[39m [38;5;3m[RouterExplorer] [39m[32mMapped {/api/v1/platform/companies/:id, GET} route[39m[38;5;3m +0ms[39m
[32m[Nest] 28076  - [39m02/22/2026, 5:10:30 PM [32m    LOG[39m [38;5;3m[RouterExplorer] [39m[32mMapped {/api/v1/platform/companies/:id/metrics, GET} route[39m[38;5;3m +0ms[39m
[32m[Nest] 28076  - [39m02/22/2026, 5:10:30 PM [32m    LOG[39m [38;5;3m[RouterExplorer] [39m[32mMapped {/api/v1/platform/plans, POST} route[39m[38;5;3m +0ms[39m
[32m[Nest] 28076  - [39m02/22/2026, 5:10:30 PM [32m    LOG[39m [38;5;3m[RouterExplorer] [39m[32mMapped {/api/v1/platform/plans, GET} route[39m[38;5;3m +0ms[39m
[32m[Nest] 28076  - [39m02/22/2026, 5:10:30 PM [32m    LOG[39m [38;5;3m[RouterExplorer] [39m[32mMapped {/api/v1/platform/plans/:id, PATCH} route[39m[38;5;3m +0ms[39m
[32m[Nest] 28076  - [39m02/22/2026, 5:10:30 PM [32m    LOG[39m [38;5;3m[RouterExplorer] [39m[32mMapped {/api/v1/platform/subscriptions/activate, POST} route[39m[38;5;3m +0ms[39m
[32m[Nest] 28076  - [39m02/22/2026, 5:10:30 PM [32m    LOG[39m [38;5;3m[RouterExplorer] [39m[32mMapped {/api/v1/platform/subscriptions/suspend, POST} route[39m[38;5;3m +0ms[39m
[32m[Nest] 28076  - [39m02/22/2026, 5:10:30 PM [32m    LOG[39m [38;5;3m[RouterExplorer] [39m[32mMapped {/api/v1/platform/subscriptions/extend, POST} route[39m[38;5;3m +0ms[39m
[32m[Nest] 28076  - [39m02/22/2026, 5:10:30 PM [32m    LOG[39m [38;5;3m[RoutesResolver] [39m[32mUsersController {/api/v1/users}:[39m[38;5;3m +1ms[39m
[32m[Nest] 28076  - [39m02/22/2026, 5:10:30 PM [32m    LOG[39m [38;5;3m[RouterExplorer] [39m[32mMapped {/api/v1/users/staff, POST} route[39m[38;5;3m +0ms[39m
[32m[Nest] 28076  - [39m02/22/2026, 5:10:30 PM [32m    LOG[39m [38;5;3m[RouterExplorer] [39m[32mMapped {/api/v1/users/stats, GET} route[39m[38;5;3m +0ms[39m
[32m[Nest] 28076  - [39m02/22/2026, 5:10:30 PM [32m    LOG[39m [38;5;3m[RouterExplorer] [39m[32mMapped {/api/v1/users, GET} route[39m[38;5;3m +0ms[39m
[32m[Nest] 28076  - [39m02/22/2026, 5:10:30 PM [32m    LOG[39m [38;5;3m[RouterExplorer] [39m[32mMapped {/api/v1/users/:id, GET} route[39m[38;5;3m +0ms[39m
[32m[Nest] 28076  - [39m02/22/2026, 5:10:30 PM [32m    LOG[39m [38;5;3m[RouterExplorer] [39m[32mMapped {/api/v1/users/:id, PATCH} route[39m[38;5;3m +0ms[39m
[32m[Nest] 28076  - [39m02/22/2026, 5:10:30 PM [32m    LOG[39m [38;5;3m[RouterExplorer] [39m[32mMapped {/api/v1/users/:id/permissions, PATCH} route[39m[38;5;3m +0ms[39m
[32m[Nest] 28076  - [39m02/22/2026, 5:10:30 PM [32m    LOG[39m [38;5;3m[RouterExplorer] [39m[32mMapped {/api/v1/users/:id/disable, PATCH} route[39m[38;5;3m +0ms[39m
[32m[Nest] 28076  - [39m02/22/2026, 5:10:30 PM [32m    LOG[39m [38;5;3m[RouterExplorer] [39m[32mMapped {/api/v1/users/:id/enable, PATCH} route[39m[38;5;3m +0ms[39m
[32m[Nest] 28076  - [39m02/22/2026, 5:10:30 PM [32m    LOG[39m [38;5;3m[RoutesResolver] [39m[32mCustomersController {/api/v1/customers}:[39m[38;5;3m +0ms[39m
[32m[Nest] 28076  - [39m02/22/2026, 5:10:30 PM [32m    LOG[39m [38;5;3m[RouterExplorer] [39m[32mMapped {/api/v1/customers, POST} route[39m[38;5;3m +0ms[39m
[32m[Nest] 28076  - [39m02/22/2026, 5:10:30 PM [32m    LOG[39m [38;5;3m[RouterExplorer] [39m[32mMapped {/api/v1/customers, GET} route[39m[38;5;3m +0ms[39m
[32m[Nest] 28076  - [39m02/22/2026, 5:10:30 PM [32m    LOG[39m [38;5;3m[RouterExplorer] [39m[32mMapped {/api/v1/customers/:id, GET} route[39m[38;5;3m +0ms[39m
[32m[Nest] 28076  - [39m02/22/2026, 5:10:30 PM [32m    LOG[39m [38;5;3m[RouterExplorer] [39m[32mMapped {/api/v1/customers/:id, PATCH} route[39m[38;5;3m +0ms[39m
[32m[Nest] 28076  - [39m02/22/2026, 5:10:30 PM [32m    LOG[39m [38;5;3m[RouterExplorer] [39m[32mMapped {/api/v1/customers/:id, DELETE} route[39m[38;5;3m +0ms[39m
[32m[Nest] 28076  - [39m02/22/2026, 5:10:30 PM [32m    LOG[39m [38;5;3m[RoutesResolver] [39m[32mSuppliersController {/api/v1/suppliers}:[39m[38;5;3m +0ms[39m
[32m[Nest] 28076  - [39m02/22/2026, 5:10:30 PM [32m    LOG[39m [38;5;3m[RouterExplorer] [39m[32mMapped {/api/v1/suppliers, POST} route[39m[38;5;3m +0ms[39m
[32m[Nest] 28076  - [39m02/22/2026, 5:10:30 PM [32m    LOG[39m [38;5;3m[RouterExplorer] [39m[32mMapped {/api/v1/suppliers, GET} route[39m[38;5;3m +0ms[39m
[32m[Nest] 28076  - [39m02/22/2026, 5:10:30 PM [32m    LOG[39m [38;5;3m[RouterExplorer] [39m[32mMapped {/api/v1/suppliers/:id, GET} route[39m[38;5;3m +0ms[39m
[32m[Nest] 28076  - [39m02/22/2026, 5:10:30 PM [32m    LOG[39m [38;5;3m[RouterExplorer] [39m[32mMapped {/api/v1/suppliers/:id, PATCH} route[39m[38;5;3m +0ms[39m
[32m[Nest] 28076  - [39m02/22/2026, 5:10:30 PM [32m    LOG[39m [38;5;3m[RouterExplorer] [39m[32mMapped {/api/v1/suppliers/:id, DELETE} route[39m[38;5;3m +0ms[39m
[32m[Nest] 28076  - [39m02/22/2026, 5:10:30 PM [32m    LOG[39m [38;5;3m[RoutesResolver] [39m[32mEmployeesController {/api/v1/employees}:[39m[38;5;3m +0ms[39m
[32m[Nest] 28076  - [39m02/22/2026, 5:10:30 PM [32m    LOG[39m [38;5;3m[RouterExplorer] [39m[32mMapped {/api/v1/employees, POST} route[39m[38;5;3m +0ms[39m
[32m[Nest] 28076  - [39m02/22/2026, 5:10:30 PM [32m    LOG[39m [38;5;3m[RouterExplorer] [39m[32mMapped {/api/v1/employees, GET} route[39m[38;5;3m +0ms[39m
[32m[Nest] 28076  - [39m02/22/2026, 5:10:30 PM [32m    LOG[39m [38;5;3m[RouterExplorer] [39m[32mMapped {/api/v1/employees/:id, GET} route[39m[38;5;3m +0ms[39m
[32m[Nest] 28076  - [39m02/22/2026, 5:10:30 PM [32m    LOG[39m [38;5;3m[RouterExplorer] [39m[32mMapped {/api/v1/employees/:id, PATCH} route[39m[38;5;3m +0ms[39m
[32m[Nest] 28076  - [39m02/22/2026, 5:10:30 PM [32m    LOG[39m [38;5;3m[RouterExplorer] [39m[32mMapped {/api/v1/employees/:id, DELETE} route[39m[38;5;3m +0ms[39m
[32m[Nest] 28076  - [39m02/22/2026, 5:10:30 PM [32m    LOG[39m [38;5;3m[RoutesResolver] [39m[32mLedgerController {/api/v1/ledger}:[39m[38;5;3m +1ms[39m
[32m[Nest] 28076  - [39m02/22/2026, 5:10:30 PM [32m    LOG[39m [38;5;3m[RouterExplorer] [39m[32mMapped {/api/v1/ledger, POST} route[39m[38;5;3m +0ms[39m
[32m[Nest] 28076  - [39m02/22/2026, 5:10:30 PM [32m    LOG[39m [38;5;3m[RouterExplorer] [39m[32mMapped {/api/v1/ledger/:id, DELETE} route[39m[38;5;3m +0ms[39m
[32m[Nest] 28076  - [39m02/22/2026, 5:10:30 PM [32m    LOG[39m [38;5;3m[RouterExplorer] [39m[32mMapped {/api/v1/ledger/statement, GET} route[39m[38;5;3m +0ms[39m
[32m[Nest] 28076  - [39m02/22/2026, 5:10:30 PM [32m    LOG[39m [38;5;3m[PrismaService] [39m[32m✅ Connected to database[39m
[32m[Nest] 28076  - [39m02/22/2026, 5:10:30 PM [32m    LOG[39m [38;5;3m[PrismaService] [39m[32m✅ Connected to database[39m
[32m[Nest] 28076  - [39m02/22/2026, 5:10:30 PM [32m    LOG[39m [38;5;3m[NestApplication] [39m[32mNest application successfully started[39m[38;5;3m +0ms[39m
2026-02-22 17:10:30  [32MINFO[39M [Bootstrap] [32m🚀 Daftar API running on http://localhost:7000[39m
2026-02-22 17:10:30  [32MINFO[39M [Bootstrap] [32m📚 Swagger docs: http://localhost:7000/api/docs[39m
2026-02-22 17:10:30  [32MINFO[39M [Bootstrap] [32m🔗 API prefix: /api/v1[39m
2026-02-22 17:10:30  [32MINFO[39M [Bootstrap] [32m🌍 Environment: development[39m
[32m[Nest] 28076  - [39m02/22/2026, 5:10:30 PM [32m    LOG[39m [38;5;3m[CacheService] [39m[32m✅ Redis Connected[39m
[32m[Nest] 28076  - [39m02/22/2026, 5:10:30 PM [32m    LOG[39m [38;5;3m[CacheService] [39m[32m✅ Redis Cache Service Initialized[39m
[2J[3J[H[[90m5:18:42 PM[0m] File change detected. Starting incremental compilation...

[[90m5:18:45 PM[0m] Found 0 errors. Watching for file changes.

[32m[Nest] 19288  - [39m02/22/2026, 5:18:56 PM [32m    LOG[39m [38;5;3m[NestFactory] [39m[32mStarting Nest application...[39m
[32m[Nest] 19288  - [39m02/22/2026, 5:18:56 PM [32m    LOG[39m [38;5;3m[InstanceLoader] [39m[32mBullModule dependencies initialized[39m[38;5;3m +2ms[39m
[32m[Nest] 19288  - [39m02/22/2026, 5:18:56 PM [32m    LOG[39m [38;5;3m[InstanceLoader] [39m[32mDatabaseModule dependencies initialized[39m[38;5;3m +1ms[39m
[32m[Nest] 19288  - [39m02/22/2026, 5:18:56 PM [32m    LOG[39m [38;5;3m[InstanceLoader] [39m[32mPrismaModule dependencies initialized[39m[38;5;3m +0ms[39m
[32m[Nest] 19288  - [39m02/22/2026, 5:18:56 PM [32m    LOG[39m [38;5;3m[InstanceLoader] [39m[32mLoggerModule dependencies initialized[39m[38;5;3m +0ms[39m
[32m[Nest] 19288  - [39m02/22/2026, 5:18:56 PM [32m    LOG[39m [38;5;3m[InstanceLoader] [39m[32mTranslationModule dependencies initialized[39m[38;5;3m +0ms[39m
[32m[Nest] 19288  - [39m02/22/2026, 5:18:56 PM [32m    LOG[39m [38;5;3m[InstanceLoader] [39m[32mPassportModule dependencies initialized[39m[38;5;3m +0ms[39m
[32m[Nest] 19288  - [39m02/22/2026, 5:18:56 PM [32m    LOG[39m [38;5;3m[InstanceLoader] [39m[32mConfigHostModule dependencies initialized[39m[38;5;3m +0ms[39m
[32m[Nest] 19288  - [39m02/22/2026, 5:18:56 PM [32m    LOG[39m [38;5;3m[InstanceLoader] [39m[32mThrottlerModule dependencies initialized[39m[38;5;3m +0ms[39m
[32m[Nest] 19288  - [39m02/22/2026, 5:18:56 PM [32m    LOG[39m [38;5;3m[InstanceLoader] [39m[32mDiscoveryModule dependencies initialized[39m[38;5;3m +1ms[39m
[33m[Nest] 19288  - [39m02/22/2026, 5:18:56 PM [33m   WARN[39m [38;5;3m[WhatsAppService] [39m[33mTwilio credentials not configured — WhatsApp sending disabled[39m
[32m[Nest] 19288  - [39m02/22/2026, 5:18:56 PM [32m    LOG[39m [38;5;3m[InstanceLoader] [39m[32mGuardsModule dependencies initialized[39m[38;5;3m +1ms[39m
[32m[Nest] 19288  - [39m02/22/2026, 5:18:56 PM [32m    LOG[39m [38;5;3m[InstanceLoader] [39m[32mConfigModule dependencies initialized[39m[38;5;3m +0ms[39m
[32m[Nest] 19288  - [39m02/22/2026, 5:18:56 PM [32m    LOG[39m [38;5;3m[InstanceLoader] [39m[32mConfigModule dependencies initialized[39m[38;5;3m +0ms[39m
[32m[Nest] 19288  - [39m02/22/2026, 5:18:56 PM [32m    LOG[39m [38;5;3m[InstanceLoader] [39m[32mBullModule dependencies initialized[39m[38;5;3m +1ms[39m
[32m[Nest] 19288  - [39m02/22/2026, 5:18:56 PM [32m    LOG[39m [38;5;3m[InstanceLoader] [39m[32mCacheModule dependencies initialized[39m[38;5;3m +0ms[39m
[32m[Nest] 19288  - [39m02/22/2026, 5:18:56 PM [32m    LOG[39m [38;5;3m[InstanceLoader] [39m[32mJwtModule dependencies initialized[39m[38;5;3m +0ms[39m
[32m[Nest] 19288  - [39m02/22/2026, 5:18:56 PM [32m    LOG[39m [38;5;3m[InstanceLoader] [39m[32mBullModule dependencies initialized[39m[38;5;3m +0ms[39m
[32m[Nest] 19288  - [39m02/22/2026, 5:18:56 PM [32m    LOG[39m [38;5;3m[InstanceLoader] [39m[32mAppModule dependencies initialized[39m[38;5;3m +0ms[39m
[32m[Nest] 19288  - [39m02/22/2026, 5:18:56 PM [32m    LOG[39m [38;5;3m[InstanceLoader] [39m[32mPlatformModule dependencies initialized[39m[38;5;3m +1ms[39m
[32m[Nest] 19288  - [39m02/22/2026, 5:18:56 PM [32m    LOG[39m [38;5;3m[InstanceLoader] [39m[32mUsersModule dependencies initialized[39m[38;5;3m +1ms[39m
[32m[Nest] 19288  - [39m02/22/2026, 5:18:56 PM [32m    LOG[39m [38;5;3m[InstanceLoader] [39m[32mCustomersModule dependencies initialized[39m[38;5;3m +0ms[39m
[32m[Nest] 19288  - [39m02/22/2026, 5:18:56 PM [32m    LOG[39m [38;5;3m[InstanceLoader] [39m[32mSuppliersModule dependencies initialized[39m[38;5;3m +1ms[39m
[32m[Nest] 19288  - [39m02/22/2026, 5:18:56 PM [32m    LOG[39m [38;5;3m[InstanceLoader] [39m[32mEmployeesModule dependencies initialized[39m[38;5;3m +0ms[39m
[32m[Nest] 19288  - [39m02/22/2026, 5:18:56 PM [32m    LOG[39m [38;5;3m[InstanceLoader] [39m[32mNotificationsModule dependencies initialized[39m[38;5;3m +0ms[39m
[32m[Nest] 19288  - [39m02/22/2026, 5:18:56 PM [32m    LOG[39m [38;5;3m[InstanceLoader] [39m[32mLedgerModule dependencies initialized[39m[38;5;3m +0ms[39m
[32m[Nest] 19288  - [39m02/22/2026, 5:18:56 PM [32m    LOG[39m [38;5;3m[InstanceLoader] [39m[32mAuthModule dependencies initialized[39m[38;5;3m +0ms[39m
[32m[Nest] 19288  - [39m02/22/2026, 5:18:56 PM [32m    LOG[39m [38;5;3m[RoutesResolver] [39m[32mAppController {/api/v1}:[39m[38;5;3m +0ms[39m
[32m[Nest] 19288  - [39m02/22/2026, 5:18:56 PM [32m    LOG[39m [38;5;3m[RouterExplorer] [39m[32mMapped {/api/v1/health, GET} route[39m[38;5;3m +0ms[39m
[32m[Nest] 19288  - [39m02/22/2026, 5:18:56 PM [32m    LOG[39m [38;5;3m[RoutesResolver] [39m[32mAuthController {/api/v1/auth}:[39m[38;5;3m +0ms[39m
[32m[Nest] 19288  - [39m02/22/2026, 5:18:56 PM [32m    LOG[39m [38;5;3m[RouterExplorer] [39m[32mMapped {/api/v1/auth/register, POST} route[39m[38;5;3m +0ms[39m
[32m[Nest] 19288  - [39m02/22/2026, 5:18:56 PM [32m    LOG[39m [38;5;3m[RouterExplorer] [39m[32mMapped {/api/v1/auth/login, POST} route[39m[38;5;3m +1ms[39m
[32m[Nest] 19288  - [39m02/22/2026, 5:18:56 PM [32m    LOG[39m [38;5;3m[RouterExplorer] [39m[32mMapped {/api/v1/auth/refresh, POST} route[39m[38;5;3m +0ms[39m
[32m[Nest] 19288  - [39m02/22/2026, 5:18:56 PM [32m    LOG[39m [38;5;3m[RouterExplorer] [39m[32mMapped {/api/v1/auth/logout, POST} route[39m[38;5;3m +0ms[39m
[32m[Nest] 19288  - [39m02/22/2026, 5:18:56 PM [32m    LOG[39m [38;5;3m[RouterExplorer] [39m[32mMapped {/api/v1/auth/logout-all, POST} route[39m[38;5;3m +0ms[39m
[32m[Nest] 19288  - [39m02/22/2026, 5:18:56 PM [32m    LOG[39m [38;5;3m[RouterExplorer] [39m[32mMapped {/api/v1/auth/change-password, POST} route[39m[38;5;3m +0ms[39m
[32m[Nest] 19288  - [39m02/22/2026, 5:18:56 PM [32m    LOG[39m [38;5;3m[RouterExplorer] [39m[32mMapped {/api/v1/auth/me, GET} route[39m[38;5;3m +0ms[39m
[32m[Nest] 19288  - [39m02/22/2026, 5:18:56 PM [32m    LOG[39m [38;5;3m[RouterExplorer] [39m[32mMapped {/api/v1/auth/sessions, GET} route[39m[38;5;3m +0ms[39m
[32m[Nest] 19288  - [39m02/22/2026, 5:18:56 PM [32m    LOG[39m [38;5;3m[RouterExplorer] [39m[32mMapped {/api/v1/auth/forgot-password, POST} route[39m[38;5;3m +0ms[39m
[32m[Nest] 19288  - [39m02/22/2026, 5:18:56 PM [32m    LOG[39m [38;5;3m[RouterExplorer] [39m[32mMapped {/api/v1/auth/reset-password, POST} route[39m[38;5;3m +0ms[39m
[32m[Nest] 19288  - [39m02/22/2026, 5:18:56 PM [32m    LOG[39m [38;5;3m[RoutesResolver] [39m[32mNotificationsController {/api/v1/notifications}:[39m[38;5;3m +1ms[39m
[32m[Nest] 19288  - [39m02/22/2026, 5:18:56 PM [32m    LOG[39m [38;5;3m[RouterExplorer] [39m[32mMapped {/api/v1/notifications/device-token, POST} route[39m[38;5;3m +0ms[39m
[32m[Nest] 19288  - [39m02/22/2026, 5:18:56 PM [32m    LOG[39m [38;5;3m[RouterExplorer] [39m[32mMapped {/api/v1/notifications/device-token/:token, DELETE} route[39m[38;5;3m +0ms[39m
[32m[Nest] 19288  - [39m02/22/2026, 5:18:56 PM [32m    LOG[39m [38;5;3m[RouterExplorer] [39m[32mMapped {/api/v1/notifications/unread-count, GET} route[39m[38;5;3m +0ms[39m
[32m[Nest] 19288  - [39m02/22/2026, 5:18:56 PM [32m    LOG[39m [38;5;3m[RouterExplorer] [39m[32mMapped {/api/v1/notifications, GET} route[39m[38;5;3m +0ms[39m
[32m[Nest] 19288  - [39m02/22/2026, 5:18:56 PM [32m    LOG[39m [38;5;3m[RouterExplorer] [39m[32mMapped {/api/v1/notifications/read-all, PATCH} route[39m[38;5;3m +0ms[39m
[32m[Nest] 19288  - [39m02/22/2026, 5:18:56 PM [32m    LOG[39m [38;5;3m[RouterExplorer] [39m[32mMapped {/api/v1/notifications/:id/read, PATCH} route[39m[38;5;3m +0ms[39m
[32m[Nest] 19288  - [39m02/22/2026, 5:18:56 PM [32m    LOG[39m [38;5;3m[RoutesResolver] [39m[32mPlatformController {/api/v1/platform}:[39m[38;5;3m +0ms[39m
[32m[Nest] 19288  - [39m02/22/2026, 5:18:56 PM [32m    LOG[39m [38;5;3m[RouterExplorer] [39m[32mMapped {/api/v1/platform/companies, POST} route[39m[38;5;3m +0ms[39m
[32m[Nest] 19288  - [39m02/22/2026, 5:18:56 PM [32m    LOG[39m [38;5;3m[RouterExplorer] [39m[32mMapped {/api/v1/platform/companies, GET} route[39m[38;5;3m +0ms[39m
[32m[Nest] 19288  - [39m02/22/2026, 5:18:56 PM [32m    LOG[39m [38;5;3m[RouterExplorer] [39m[32mMapped {/api/v1/platform/companies/:id, GET} route[39m[38;5;3m +0ms[39m
[32m[Nest] 19288  - [39m02/22/2026, 5:18:56 PM [32m    LOG[39m [38;5;3m[RouterExplorer] [39m[32mMapped {/api/v1/platform/companies/:id/metrics, GET} route[39m[38;5;3m +0ms[39m
[32m[Nest] 19288  - [39m02/22/2026, 5:18:56 PM [32m    LOG[39m [38;5;3m[RouterExplorer] [39m[32mMapped {/api/v1/platform/plans, POST} route[39m[38;5;3m +0ms[39m
[32m[Nest] 19288  - [39m02/22/2026, 5:18:56 PM [32m    LOG[39m [38;5;3m[RouterExplorer] [39m[32mMapped {/api/v1/platform/plans, GET} route[39m[38;5;3m +1ms[39m
[32m[Nest] 19288  - [39m02/22/2026, 5:18:56 PM [32m    LOG[39m [38;5;3m[RouterExplorer] [39m[32mMapped {/api/v1/platform/plans/:id, PATCH} route[39m[38;5;3m +0ms[39m
[32m[Nest] 19288  - [39m02/22/2026, 5:18:56 PM [32m    LOG[39m [38;5;3m[RouterExplorer] [39m[32mMapped {/api/v1/platform/subscriptions/activate, POST} route[39m[38;5;3m +0ms[39m
[32m[Nest] 19288  - [39m02/22/2026, 5:18:56 PM [32m    LOG[39m [38;5;3m[RouterExplorer] [39m[32mMapped {/api/v1/platform/subscriptions/suspend, POST} route[39m[38;5;3m +0ms[39m
[32m[Nest] 19288  - [39m02/22/2026, 5:18:56 PM [32m    LOG[39m [38;5;3m[RouterExplorer] [39m[32mMapped {/api/v1/platform/subscriptions/extend, POST} route[39m[38;5;3m +0ms[39m
[32m[Nest] 19288  - [39m02/22/2026, 5:18:56 PM [32m    LOG[39m [38;5;3m[RoutesResolver] [39m[32mUsersController {/api/v1/users}:[39m[38;5;3m +0ms[39m
[32m[Nest] 19288  - [39m02/22/2026, 5:18:56 PM [32m    LOG[39m [38;5;3m[RouterExplorer] [39m[32mMapped {/api/v1/users/staff, POST} route[39m[38;5;3m +0ms[39m
[32m[Nest] 19288  - [39m02/22/2026, 5:18:56 PM [32m    LOG[39m [38;5;3m[RouterExplorer] [39m[32mMapped {/api/v1/users/stats, GET} route[39m[38;5;3m +0ms[39m
[32m[Nest] 19288  - [39m02/22/2026, 5:18:56 PM [32m    LOG[39m [38;5;3m[RouterExplorer] [39m[32mMapped {/api/v1/users, GET} route[39m[38;5;3m +0ms[39m
[32m[Nest] 19288  - [39m02/22/2026, 5:18:56 PM [32m    LOG[39m [38;5;3m[RouterExplorer] [39m[32mMapped {/api/v1/users/:id, GET} route[39m[38;5;3m +0ms[39m
[32m[Nest] 19288  - [39m02/22/2026, 5:18:56 PM [32m    LOG[39m [38;5;3m[RouterExplorer] [39m[32mMapped {/api/v1/users/:id, PATCH} route[39m[38;5;3m +0ms[39m
[32m[Nest] 19288  - [39m02/22/2026, 5:18:56 PM [32m    LOG[39m [38;5;3m[RouterExplorer] [39m[32mMapped {/api/v1/users/:id/permissions, PATCH} route[39m[38;5;3m +1ms[39m
[32m[Nest] 19288  - [39m02/22/2026, 5:18:56 PM [32m    LOG[39m [38;5;3m[RouterExplorer] [39m[32mMapped {/api/v1/users/:id/disable, PATCH} route[39m[38;5;3m +0ms[39m
[32m[Nest] 19288  - [39m02/22/2026, 5:18:56 PM [32m    LOG[39m [38;5;3m[RouterExplorer] [39m[32mMapped {/api/v1/users/:id/enable, PATCH} route[39m[38;5;3m +0ms[39m
[32m[Nest] 19288  - [39m02/22/2026, 5:18:56 PM [32m    LOG[39m [38;5;3m[RoutesResolver] [39m[32mCustomersController {/api/v1/customers}:[39m[38;5;3m +44ms[39m
[32m[Nest] 19288  - [39m02/22/2026, 5:18:56 PM [32m    LOG[39m [38;5;3m[RouterExplorer] [39m[32mMapped {/api/v1/customers, POST} route[39m[38;5;3m +0ms[39m
[32m[Nest] 19288  - [39m02/22/2026, 5:18:56 PM [32m    LOG[39m [38;5;3m[RouterExplorer] [39m[32mMapped {/api/v1/customers, GET} route[39m[38;5;3m +0ms[39m
[32m[Nest] 19288  - [39m02/22/2026, 5:18:56 PM [32m    LOG[39m [38;5;3m[RouterExplorer] [39m[32mMapped {/api/v1/customers/:id, GET} route[39m[38;5;3m +0ms[39m
[32m[Nest] 19288  - [39m02/22/2026, 5:18:56 PM [32m    LOG[39m [38;5;3m[RouterExplorer] [39m[32mMapped {/api/v1/customers/:id, PATCH} route[39m[38;5;3m +0ms[39m
[32m[Nest] 19288  - [39m02/22/2026, 5:18:56 PM [32m    LOG[39m [38;5;3m[RouterExplorer] [39m[32mMapped {/api/v1/customers/:id, DELETE} route[39m[38;5;3m +0ms[39m
[32m[Nest] 19288  - [39m02/22/2026, 5:18:56 PM [32m    LOG[39m [38;5;3m[RoutesResolver] [39m[32mSuppliersController {/api/v1/suppliers}:[39m[38;5;3m +0ms[39m
[32m[Nest] 19288  - [39m02/22/2026, 5:18:56 PM [32m    LOG[39m [38;5;3m[RouterExplorer] [39m[32mMapped {/api/v1/suppliers, POST} route[39m[38;5;3m +0ms[39m
[32m[Nest] 19288  - [39m02/22/2026, 5:18:56 PM [32m    LOG[39m [38;5;3m[RouterExplorer] [39m[32mMapped {/api/v1/suppliers, GET} route[39m[38;5;3m +0ms[39m
[32m[Nest] 19288  - [39m02/22/2026, 5:18:56 PM [32m    LOG[39m [38;5;3m[RouterExplorer] [39m[32mMapped {/api/v1/suppliers/:id, GET} route[39m[38;5;3m +0ms[39m
[32m[Nest] 19288  - [39m02/22/2026, 5:18:56 PM [32m    LOG[39m [38;5;3m[RouterExplorer] [39m[32mMapped {/api/v1/suppliers/:id, PATCH} route[39m[38;5;3m +0ms[39m
[32m[Nest] 19288  - [39m02/22/2026, 5:18:56 PM [32m    LOG[39m [38;5;3m[RouterExplorer] [39m[32mMapped {/api/v1/suppliers/:id, DELETE} route[39m[38;5;3m +0ms[39m
[32m[Nest] 19288  - [39m02/22/2026, 5:18:56 PM [32m    LOG[39m [38;5;3m[RoutesResolver] [39m[32mEmployeesController {/api/v1/employees}:[39m[38;5;3m +0ms[39m
[32m[Nest] 19288  - [39m02/22/2026, 5:18:56 PM [32m    LOG[39m [38;5;3m[RouterExplorer] [39m[32mMapped {/api/v1/employees, POST} route[39m[38;5;3m +0ms[39m
[32m[Nest] 19288  - [39m02/22/2026, 5:18:56 PM [32m    LOG[39m [38;5;3m[RouterExplorer] [39m[32mMapped {/api/v1/employees, GET} route[39m[38;5;3m +0ms[39m
[32m[Nest] 19288  - [39m02/22/2026, 5:18:56 PM [32m    LOG[39m [38;5;3m[RouterExplorer] [39m[32mMapped {/api/v1/employees/:id, GET} route[39m[38;5;3m +0ms[39m
[32m[Nest] 19288  - [39m02/22/2026, 5:18:56 PM [32m    LOG[39m [38;5;3m[RouterExplorer] [39m[32mMapped {/api/v1/employees/:id, PATCH} route[39m[38;5;3m +1ms[39m
[32m[Nest] 19288  - [39m02/22/2026, 5:18:56 PM [32m    LOG[39m [38;5;3m[RouterExplorer] [39m[32mMapped {/api/v1/employees/:id, DELETE} route[39m[38;5;3m +0ms[39m
[32m[Nest] 19288  - [39m02/22/2026, 5:18:56 PM [32m    LOG[39m [38;5;3m[RoutesResolver] [39m[32mLedgerController {/api/v1/ledger}:[39m[38;5;3m +0ms[39m
[32m[Nest] 19288  - [39m02/22/2026, 5:18:56 PM [32m    LOG[39m [38;5;3m[RouterExplorer] [39m[32mMapped {/api/v1/ledger, POST} route[39m[38;5;3m +0ms[39m
[32m[Nest] 19288  - [39m02/22/2026, 5:18:56 PM [32m    LOG[39m [38;5;3m[RouterExplorer] [39m[32mMapped {/api/v1/ledger/:id, DELETE} route[39m[38;5;3m +0ms[39m
[32m[Nest] 19288  - [39m02/22/2026, 5:18:56 PM [32m    LOG[39m [38;5;3m[RouterExplorer] [39m[32mMapped {/api/v1/ledger/statement, GET} route[39m[38;5;3m +0ms[39m
[32m[Nest] 19288  - [39m02/22/2026, 5:18:56 PM [32m    LOG[39m [38;5;3m[PrismaService] [39m[32m✅ Connected to database[39m
[32m[Nest] 19288  - [39m02/22/2026, 5:18:56 PM [32m    LOG[39m [38;5;3m[PrismaService] [39m[32m✅ Connected to database[39m
[32m[Nest] 19288  - [39m02/22/2026, 5:18:56 PM [32m    LOG[39m [38;5;3m[NestApplication] [39m[32mNest application successfully started[39m[38;5;3m +0ms[39m
2026-02-22 17:18:56  [32MINFO[39M [Bootstrap] [32m🚀 Daftar API running on http://localhost:7000[39m
2026-02-22 17:18:56  [32MINFO[39M [Bootstrap] [32m📚 Swagger docs: http://localhost:7000/api/docs[39m
2026-02-22 17:18:56  [32MINFO[39M [Bootstrap] [32m🔗 API prefix: /api/v1[39m
2026-02-22 17:18:56  [32MINFO[39M [Bootstrap] [32m🌍 Environment: development[39m
[32m[Nest] 19288  - [39m02/22/2026, 5:18:56 PM [32m    LOG[39m [38;5;3m[CacheService] [39m[32m✅ Redis Connected[39m
[32m[Nest] 19288  - [39m02/22/2026, 5:18:56 PM [32m    LOG[39m [38;5;3m[CacheService] [39m[32m✅ Redis Cache Service Initialized[39m
[2J[3J[H[[90m5:28:22 PM[0m] File change detected. Starting incremental compilation...

[[90m5:28:24 PM[0m] Found 0 errors. Watching for file changes.

[32m[Nest] 12904  - [39m02/22/2026, 5:28:29 PM [32m    LOG[39m [38;5;3m[NestFactory] [39m[32mStarting Nest application...[39m
[32m[Nest] 12904  - [39m02/22/2026, 5:28:29 PM [32m    LOG[39m [38;5;3m[InstanceLoader] [39m[32mBullModule dependencies initialized[39m[38;5;3m +2ms[39m
[32m[Nest] 12904  - [39m02/22/2026, 5:28:29 PM [32m    LOG[39m [38;5;3m[InstanceLoader] [39m[32mDatabaseModule dependencies initialized[39m[38;5;3m +0ms[39m
[32m[Nest] 12904  - [39m02/22/2026, 5:28:29 PM [32m    LOG[39m [38;5;3m[InstanceLoader] [39m[32mPrismaModule dependencies initialized[39m[38;5;3m +1ms[39m
[32m[Nest] 12904  - [39m02/22/2026, 5:28:29 PM [32m    LOG[39m [38;5;3m[InstanceLoader] [39m[32mLoggerModule dependencies initialized[39m[38;5;3m +0ms[39m
[32m[Nest] 12904  - [39m02/22/2026, 5:28:29 PM [32m    LOG[39m [38;5;3m[InstanceLoader] [39m[32mTranslationModule dependencies initialized[39m[38;5;3m +0ms[39m
[32m[Nest] 12904  - [39m02/22/2026, 5:28:29 PM [32m    LOG[39m [38;5;3m[InstanceLoader] [39m[32mPassportModule dependencies initialized[39m[38;5;3m +0ms[39m
[32m[Nest] 12904  - [39m02/22/2026, 5:28:29 PM [32m    LOG[39m [38;5;3m[InstanceLoader] [39m[32mConfigHostModule dependencies initialized[39m[38;5;3m +0ms[39m
[32m[Nest] 12904  - [39m02/22/2026, 5:28:29 PM [32m    LOG[39m [38;5;3m[InstanceLoader] [39m[32mThrottlerModule dependencies initialized[39m[38;5;3m +0ms[39m
[32m[Nest] 12904  - [39m02/22/2026, 5:28:29 PM [32m    LOG[39m [38;5;3m[InstanceLoader] [39m[32mDiscoveryModule dependencies initialized[39m[38;5;3m +0ms[39m
[33m[Nest] 12904  - [39m02/22/2026, 5:28:29 PM [33m   WARN[39m [38;5;3m[WhatsAppService] [39m[33mTwilio credentials not configured — WhatsApp sending disabled[39m
[32m[Nest] 12904  - [39m02/22/2026, 5:28:29 PM [32m    LOG[39m [38;5;3m[InstanceLoader] [39m[32mGuardsModule dependencies initialized[39m[38;5;3m +0ms[39m
[32m[Nest] 12904  - [39m02/22/2026, 5:28:29 PM [32m    LOG[39m [38;5;3m[InstanceLoader] [39m[32mConfigModule dependencies initialized[39m[38;5;3m +0ms[39m
[32m[Nest] 12904  - [39m02/22/2026, 5:28:29 PM [32m    LOG[39m [38;5;3m[InstanceLoader] [39m[32mConfigModule dependencies initialized[39m[38;5;3m +0ms[39m
[32m[Nest] 12904  - [39m02/22/2026, 5:28:29 PM [32m    LOG[39m [38;5;3m[InstanceLoader] [39m[32mBullModule dependencies initialized[39m[38;5;3m +0ms[39m
[32m[Nest] 12904  - [39m02/22/2026, 5:28:29 PM [32m    LOG[39m [38;5;3m[InstanceLoader] [39m[32mCacheModule dependencies initialized[39m[38;5;3m +1ms[39m
[32m[Nest] 12904  - [39m02/22/2026, 5:28:29 PM [32m    LOG[39m [38;5;3m[InstanceLoader] [39m[32mJwtModule dependencies initialized[39m[38;5;3m +0ms[39m
[32m[Nest] 12904  - [39m02/22/2026, 5:28:29 PM [32m    LOG[39m [38;5;3m[InstanceLoader] [39m[32mBullModule dependencies initialized[39m[38;5;3m +0ms[39m
[32m[Nest] 12904  - [39m02/22/2026, 5:28:29 PM [32m    LOG[39m [38;5;3m[InstanceLoader] [39m[32mAppModule dependencies initialized[39m[38;5;3m +0ms[39m
[32m[Nest] 12904  - [39m02/22/2026, 5:28:29 PM [32m    LOG[39m [38;5;3m[InstanceLoader] [39m[32mPlatformModule dependencies initialized[39m[38;5;3m +0ms[39m
[32m[Nest] 12904  - [39m02/22/2026, 5:28:29 PM [32m    LOG[39m [38;5;3m[InstanceLoader] [39m[32mUsersModule dependencies initialized[39m[38;5;3m +0ms[39m
[32m[Nest] 12904  - [39m02/22/2026, 5:28:29 PM [32m    LOG[39m [38;5;3m[InstanceLoader] [39m[32mCustomersModule dependencies initialized[39m[38;5;3m +0ms[39m
[32m[Nest] 12904  - [39m02/22/2026, 5:28:29 PM [32m    LOG[39m [38;5;3m[InstanceLoader] [39m[32mSuppliersModule dependencies initialized[39m[38;5;3m +0ms[39m
[32m[Nest] 12904  - [39m02/22/2026, 5:28:29 PM [32m    LOG[39m [38;5;3m[InstanceLoader] [39m[32mEmployeesModule dependencies initialized[39m[38;5;3m +0ms[39m
[32m[Nest] 12904  - [39m02/22/2026, 5:28:29 PM [32m    LOG[39m [38;5;3m[InstanceLoader] [39m[32mNotificationsModule dependencies initialized[39m[38;5;3m +0ms[39m
[32m[Nest] 12904  - [39m02/22/2026, 5:28:29 PM [32m    LOG[39m [38;5;3m[InstanceLoader] [39m[32mLedgerModule dependencies initialized[39m[38;5;3m +0ms[39m
[32m[Nest] 12904  - [39m02/22/2026, 5:28:29 PM [32m    LOG[39m [38;5;3m[InstanceLoader] [39m[32mAuthModule dependencies initialized[39m[38;5;3m +0ms[39m
[32m[Nest] 12904  - [39m02/22/2026, 5:28:29 PM [32m    LOG[39m [38;5;3m[RoutesResolver] [39m[32mAppController {/api/v1}:[39m[38;5;3m +0ms[39m
[32m[Nest] 12904  - [39m02/22/2026, 5:28:29 PM [32m    LOG[39m [38;5;3m[RouterExplorer] [39m[32mMapped {/api/v1/health, GET} route[39m[38;5;3m +0ms[39m
[32m[Nest] 12904  - [39m02/22/2026, 5:28:29 PM [32m    LOG[39m [38;5;3m[RoutesResolver] [39m[32mAuthController {/api/v1/auth}:[39m[38;5;3m +0ms[39m
[32m[Nest] 12904  - [39m02/22/2026, 5:28:29 PM [32m    LOG[39m [38;5;3m[RouterExplorer] [39m[32mMapped {/api/v1/auth/register, POST} route[39m[38;5;3m +0ms[39m
[32m[Nest] 12904  - [39m02/22/2026, 5:28:29 PM [32m    LOG[39m [38;5;3m[RouterExplorer] [39m[32mMapped {/api/v1/auth/login, POST} route[39m[38;5;3m +0ms[39m
[32m[Nest] 12904  - [39m02/22/2026, 5:28:29 PM [32m    LOG[39m [38;5;3m[RouterExplorer] [39m[32mMapped {/api/v1/auth/refresh, POST} route[39m[38;5;3m +1ms[39m
[32m[Nest] 12904  - [39m02/22/2026, 5:28:29 PM [32m    LOG[39m [38;5;3m[RouterExplorer] [39m[32mMapped {/api/v1/auth/logout, POST} route[39m[38;5;3m +0ms[39m
[32m[Nest] 12904  - [39m02/22/2026, 5:28:29 PM [32m    LOG[39m [38;5;3m[RouterExplorer] [39m[32mMapped {/api/v1/auth/logout-all, POST} route[39m[38;5;3m +0ms[39m
[32m[Nest] 12904  - [39m02/22/2026, 5:28:29 PM [32m    LOG[39m [38;5;3m[RouterExplorer] [39m[32mMapped {/api/v1/auth/change-password, POST} route[39m[38;5;3m +0ms[39m
[32m[Nest] 12904  - [39m02/22/2026, 5:28:29 PM [32m    LOG[39m [38;5;3m[RouterExplorer] [39m[32mMapped {/api/v1/auth/me, GET} route[39m[38;5;3m +0ms[39m
[32m[Nest] 12904  - [39m02/22/2026, 5:28:29 PM [32m    LOG[39m [38;5;3m[RouterExplorer] [39m[32mMapped {/api/v1/auth/sessions, GET} route[39m[38;5;3m +0ms[39m
[32m[Nest] 12904  - [39m02/22/2026, 5:28:29 PM [32m    LOG[39m [38;5;3m[RouterExplorer] [39m[32mMapped {/api/v1/auth/forgot-password, POST} route[39m[38;5;3m +0ms[39m
[32m[Nest] 12904  - [39m02/22/2026, 5:28:29 PM [32m    LOG[39m [38;5;3m[RouterExplorer] [39m[32mMapped {/api/v1/auth/reset-password, POST} route[39m[38;5;3m +0ms[39m
[32m[Nest] 12904  - [39m02/22/2026, 5:28:29 PM [32m    LOG[39m [38;5;3m[RoutesResolver] [39m[32mNotificationsController {/api/v1/notifications}:[39m[38;5;3m +0ms[39m
[32m[Nest] 12904  - [39m02/22/2026, 5:28:29 PM [32m    LOG[39m [38;5;3m[RouterExplorer] [39m[32mMapped {/api/v1/notifications/device-token, POST} route[39m[38;5;3m +0ms[39m
[32m[Nest] 12904  - [39m02/22/2026, 5:28:29 PM [32m    LOG[39m [38;5;3m[RouterExplorer] [39m[32mMapped {/api/v1/notifications/device-token/:token, DELETE} route[39m[38;5;3m +0ms[39m
[32m[Nest] 12904  - [39m02/22/2026, 5:28:29 PM [32m    LOG[39m [38;5;3m[RouterExplorer] [39m[32mMapped {/api/v1/notifications/unread-count, GET} route[39m[38;5;3m +0ms[39m
[32m[Nest] 12904  - [39m02/22/2026, 5:28:29 PM [32m    LOG[39m [38;5;3m[RouterExplorer] [39m[32mMapped {/api/v1/notifications, GET} route[39m[38;5;3m +0ms[39m
[32m[Nest] 12904  - [39m02/22/2026, 5:28:29 PM [32m    LOG[39m [38;5;3m[RouterExplorer] [39m[32mMapped {/api/v1/notifications/read-all, PATCH} route[39m[38;5;3m +0ms[39m
[32m[Nest] 12904  - [39m02/22/2026, 5:28:29 PM [32m    LOG[39m [38;5;3m[RouterExplorer] [39m[32mMapped {/api/v1/notifications/:id/read, PATCH} route[39m[38;5;3m +0ms[39m
[32m[Nest] 12904  - [39m02/22/2026, 5:28:29 PM [32m    LOG[39m [38;5;3m[RoutesResolver] [39m[32mPlatformController {/api/v1/platform}:[39m[38;5;3m +0ms[39m
[32m[Nest] 12904  - [39m02/22/2026, 5:28:29 PM [32m    LOG[39m [38;5;3m[RouterExplorer] [39m[32mMapped {/api/v1/platform/companies, POST} route[39m[38;5;3m +1ms[39m
[32m[Nest] 12904  - [39m02/22/2026, 5:28:29 PM [32m    LOG[39m [38;5;3m[RouterExplorer] [39m[32mMapped {/api/v1/platform/companies, GET} route[39m[38;5;3m +0ms[39m
[32m[Nest] 12904  - [39m02/22/2026, 5:28:29 PM [32m    LOG[39m [38;5;3m[RouterExplorer] [39m[32mMapped {/api/v1/platform/companies/:id, GET} route[39m[38;5;3m +0ms[39m
[32m[Nest] 12904  - [39m02/22/2026, 5:28:29 PM [32m    LOG[39m [38;5;3m[RouterExplorer] [39m[32mMapped {/api/v1/platform/companies/:id/metrics, GET} route[39m[38;5;3m +0ms[39m
[32m[Nest] 12904  - [39m02/22/2026, 5:28:29 PM [32m    LOG[39m [38;5;3m[RouterExplorer] [39m[32mMapped {/api/v1/platform/plans, POST} route[39m[38;5;3m +0ms[39m
[32m[Nest] 12904  - [39m02/22/2026, 5:28:29 PM [32m    LOG[39m [38;5;3m[RouterExplorer] [39m[32mMapped {/api/v1/platform/plans, GET} route[39m[38;5;3m +0ms[39m
[32m[Nest] 12904  - [39m02/22/2026, 5:28:29 PM [32m    LOG[39m [38;5;3m[RouterExplorer] [39m[32mMapped {/api/v1/platform/plans/:id, PATCH} route[39m[38;5;3m +0ms[39m
[32m[Nest] 12904  - [39m02/22/2026, 5:28:29 PM [32m    LOG[39m [38;5;3m[RouterExplorer] [39m[32mMapped {/api/v1/platform/subscriptions/activate, POST} route[39m[38;5;3m +0ms[39m
[32m[Nest] 12904  - [39m02/22/2026, 5:28:29 PM [32m    LOG[39m [38;5;3m[RouterExplorer] [39m[32mMapped {/api/v1/platform/subscriptions/suspend, POST} route[39m[38;5;3m +0ms[39m
[32m[Nest] 12904  - [39m02/22/2026, 5:28:29 PM [32m    LOG[39m [38;5;3m[RouterExplorer] [39m[32mMapped {/api/v1/platform/subscriptions/extend, POST} route[39m[38;5;3m +0ms[39m
[32m[Nest] 12904  - [39m02/22/2026, 5:28:29 PM [32m    LOG[39m [38;5;3m[RoutesResolver] [39m[32mUsersController {/api/v1/users}:[39m[38;5;3m +0ms[39m
[32m[Nest] 12904  - [39m02/22/2026, 5:28:29 PM [32m    LOG[39m [38;5;3m[RouterExplorer] [39m[32mMapped {/api/v1/users/staff, POST} route[39m[38;5;3m +0ms[39m
[32m[Nest] 12904  - [39m02/22/2026, 5:28:29 PM [32m    LOG[39m [38;5;3m[RouterExplorer] [39m[32mMapped {/api/v1/users/stats, GET} route[39m[38;5;3m +0ms[39m
[32m[Nest] 12904  - [39m02/22/2026, 5:28:29 PM [32m    LOG[39m [38;5;3m[RouterExplorer] [39m[32mMapped {/api/v1/users, GET} route[39m[38;5;3m +0ms[39m
[32m[Nest] 12904  - [39m02/22/2026, 5:28:29 PM [32m    LOG[39m [38;5;3m[RouterExplorer] [39m[32mMapped {/api/v1/users/:id, GET} route[39m[38;5;3m +0ms[39m
[32m[Nest] 12904  - [39m02/22/2026, 5:28:29 PM [32m    LOG[39m [38;5;3m[RouterExplorer] [39m[32mMapped {/api/v1/users/:id, PATCH} route[39m[38;5;3m +0ms[39m
[32m[Nest] 12904  - [39m02/22/2026, 5:28:29 PM [32m    LOG[39m [38;5;3m[RouterExplorer] [39m[32mMapped {/api/v1/users/:id/permissions, PATCH} route[39m[38;5;3m +0ms[39m
[32m[Nest] 12904  - [39m02/22/2026, 5:28:29 PM [32m    LOG[39m [38;5;3m[RouterExplorer] [39m[32mMapped {/api/v1/users/:id/disable, PATCH} route[39m[38;5;3m +0ms[39m
[32m[Nest] 12904  - [39m02/22/2026, 5:28:29 PM [32m    LOG[39m [38;5;3m[RouterExplorer] [39m[32mMapped {/api/v1/users/:id/enable, PATCH} route[39m[38;5;3m +0ms[39m
[32m[Nest] 12904  - [39m02/22/2026, 5:28:29 PM [32m    LOG[39m [38;5;3m[RoutesResolver] [39m[32mCustomersController {/api/v1/customers}:[39m[38;5;3m +0ms[39m
[32m[Nest] 12904  - [39m02/22/2026, 5:28:29 PM [32m    LOG[39m [38;5;3m[RouterExplorer] [39m[32mMapped {/api/v1/customers, POST} route[39m[38;5;3m +0ms[39m
[32m[Nest] 12904  - [39m02/22/2026, 5:28:29 PM [32m    LOG[39m [38;5;3m[RouterExplorer] [39m[32mMapped {/api/v1/customers, GET} route[39m[38;5;3m +0ms[39m
[32m[Nest] 12904  - [39m02/22/2026, 5:28:29 PM [32m    LOG[39m [38;5;3m[RouterExplorer] [39m[32mMapped {/api/v1/customers/:id, GET} route[39m[38;5;3m +0ms[39m
[32m[Nest] 12904  - [39m02/22/2026, 5:28:29 PM [32m    LOG[39m [38;5;3m[RouterExplorer] [39m[32mMapped {/api/v1/customers/:id, PATCH} route[39m[38;5;3m +0ms[39m
[32m[Nest] 12904  - [39m02/22/2026, 5:28:29 PM [32m    LOG[39m [38;5;3m[RouterExplorer] [39m[32mMapped {/api/v1/customers/:id, DELETE} route[39m[38;5;3m +0ms[39m
[32m[Nest] 12904  - [39m02/22/2026, 5:28:29 PM [32m    LOG[39m [38;5;3m[RoutesResolver] [39m[32mSuppliersController {/api/v1/suppliers}:[39m[38;5;3m +0ms[39m
[32m[Nest] 12904  - [39m02/22/2026, 5:28:29 PM [32m    LOG[39m [38;5;3m[RouterExplorer] [39m[32mMapped {/api/v1/suppliers, POST} route[39m[38;5;3m +0ms[39m
[32m[Nest] 12904  - [39m02/22/2026, 5:28:29 PM [32m    LOG[39m [38;5;3m[RouterExplorer] [39m[32mMapped {/api/v1/suppliers, GET} route[39m[38;5;3m +0ms[39m
[32m[Nest] 12904  - [39m02/22/2026, 5:28:29 PM [32m    LOG[39m [38;5;3m[RouterExplorer] [39m[32mMapped {/api/v1/suppliers/:id, GET} route[39m[38;5;3m +0ms[39m
[32m[Nest] 12904  - [39m02/22/2026, 5:28:29 PM [32m    LOG[39m [38;5;3m[RouterExplorer] [39m[32mMapped {/api/v1/suppliers/:id, PATCH} route[39m[38;5;3m +0ms[39m
[32m[Nest] 12904  - [39m02/22/2026, 5:28:29 PM [32m    LOG[39m [38;5;3m[RouterExplorer] [39m[32mMapped {/api/v1/suppliers/:id, DELETE} route[39m[38;5;3m +0ms[39m
[32m[Nest] 12904  - [39m02/22/2026, 5:28:29 PM [32m    LOG[39m [38;5;3m[RoutesResolver] [39m[32mEmployeesController {/api/v1/employees}:[39m[38;5;3m +0ms[39m
[32m[Nest] 12904  - [39m02/22/2026, 5:28:29 PM [32m    LOG[39m [38;5;3m[RouterExplorer] [39m[32mMapped {/api/v1/employees, POST} route[39m[38;5;3m +0ms[39m
[32m[Nest] 12904  - [39m02/22/2026, 5:28:29 PM [32m    LOG[39m [38;5;3m[RouterExplorer] [39m[32mMapped {/api/v1/employees, GET} route[39m[38;5;3m +0ms[39m
[32m[Nest] 12904  - [39m02/22/2026, 5:28:29 PM [32m    LOG[39m [38;5;3m[RouterExplorer] [39m[32mMapped {/api/v1/employees/:id, GET} route[39m[38;5;3m +0ms[39m
[32m[Nest] 12904  - [39m02/22/2026, 5:28:29 PM [32m    LOG[39m [38;5;3m[RouterExplorer] [39m[32mMapped {/api/v1/employees/:id, PATCH} route[39m[38;5;3m +0ms[39m
[32m[Nest] 12904  - [39m02/22/2026, 5:28:29 PM [32m    LOG[39m [38;5;3m[RouterExplorer] [39m[32mMapped {/api/v1/employees/:id, DELETE} route[39m[38;5;3m +0ms[39m
[32m[Nest] 12904  - [39m02/22/2026, 5:28:29 PM [32m    LOG[39m [38;5;3m[RoutesResolver] [39m[32mLedgerController {/api/v1/ledger}:[39m[38;5;3m +1ms[39m
[32m[Nest] 12904  - [39m02/22/2026, 5:28:29 PM [32m    LOG[39m [38;5;3m[RouterExplorer] [39m[32mMapped {/api/v1/ledger, POST} route[39m[38;5;3m +0ms[39m
[32m[Nest] 12904  - [39m02/22/2026, 5:28:29 PM [32m    LOG[39m [38;5;3m[RouterExplorer] [39m[32mMapped {/api/v1/ledger/:id, DELETE} route[39m[38;5;3m +0ms[39m
[32m[Nest] 12904  - [39m02/22/2026, 5:28:29 PM [32m    LOG[39m [38;5;3m[RouterExplorer] [39m[32mMapped {/api/v1/ledger/statement, GET} route[39m[38;5;3m +0ms[39m
[32m[Nest] 12904  - [39m02/22/2026, 5:28:29 PM [32m    LOG[39m [38;5;3m[PrismaService] [39m[32m✅ Connected to database[39m
[32m[Nest] 12904  - [39m02/22/2026, 5:28:29 PM [32m    LOG[39m [38;5;3m[PrismaService] [39m[32m✅ Connected to database[39m
[32m[Nest] 12904  - [39m02/22/2026, 5:28:29 PM [32m    LOG[39m [38;5;3m[NestApplication] [39m[32mNest application successfully started[39m[38;5;3m +0ms[39m
2026-02-22 17:28:29  [32MINFO[39M [Bootstrap] [32m🚀 Daftar API running on http://localhost:7000[39m
2026-02-22 17:28:29  [32MINFO[39M [Bootstrap] [32m📚 Swagger docs: http://localhost:7000/api/docs[39m
2026-02-22 17:28:29  [32MINFO[39M [Bootstrap] [32m🔗 API prefix: /api/v1[39m
2026-02-22 17:28:29  [32MINFO[39M [Bootstrap] [32m🌍 Environment: development[39m
[32m[Nest] 12904  - [39m02/22/2026, 5:28:29 PM [32m    LOG[39m [38;5;3m[CacheService] [39m[32m✅ Redis Connected[39m
[32m[Nest] 12904  - [39m02/22/2026, 5:28:29 PM [32m    LOG[39m [38;5;3m[CacheService] [39m[32m✅ Redis Cache Service Initialized[39m
[2J[3J[H[[90m5:48:51 PM[0m] File change detected. Starting incremental compilation...

[[90m5:48:53 PM[0m] Found 0 errors. Watching for file changes.

[2J[3J[H[[90m5:48:53 PM[0m] File change detected. Starting incremental compilation...

[[90m5:48:56 PM[0m] Found 0 errors. Watching for file changes.

[2J[3J[H[[90m5:48:57 PM[0m] File change detected. Starting incremental compilation...

[[90m5:48:58 PM[0m] Found 0 errors. Watching for file changes.

[2J[3J[H[[90m5:49:02 PM[0m] File change detected. Starting incremental compilation...

2026-02-22 17:49:03  [31MERROR[39M  [31munhandledRejection: listen EADDRINUSE: address already in use :::7000[39m
[31mError: listen EADDRINUSE: address already in use :::7000[39m
[31m    at Server.setupListenHandle [as _listen2] (node:net:1940:16)[39m
[31m    at listenInCluster (node:net:1997:12)[39m
[31m    at Server.listen (node:net:2102:7)[39m
[31m    at ExpressAdapter.listen (D:\Web\full-projects\daftar-v1\dafter-api-v1\node_modules\@nestjs\platform-express\adapters\express-adapter.js:127:32)[39m
[31m    at D:\Web\full-projects\daftar-v1\dafter-api-v1\node_modules\@nestjs\core\nest-application.js:188:30[39m
[31m    at new Promise (<anonymous>)[39m
[31m    at NestApplication.listen (D:\Web\full-projects\daftar-v1\dafter-api-v1\node_modules\@nestjs\core\nest-application.js:178:16)[39m
[31m    at async bootstrap (D:\Web\full-projects\daftar-v1\dafter-api-v1\src\main.ts:88:3)[39m | {"error":{"code":"EADDRINUSE","errno":-4091,"syscall":"listen","address":"::","port":7000},"stack":"Error: listen EADDRINUSE: address already in use :::7000\n    at Server.setupListenHandle [as _listen2] (node:net:1940:16)\n    at listenInCluster (node:net:1997:12)\n    at Server.listen (node:net:2102:7)\n    at ExpressAdapter.listen (D:\\Web\\full-projects\\daftar-v1\\dafter-api-v1\\node_modules\\@nestjs\\platform-express\\adapters\\express-adapter.js:127:32)\n    at D:\\Web\\full-projects\\daftar-v1\\dafter-api-v1\\node_modules\\@nestjs\\core\\nest-application.js:188:30\n    at new Promise (<anonymous>)\n    at NestApplication.listen (D:\\Web\\full-projects\\daftar-v1\\dafter-api-v1\\node_modules\\@nestjs\\core\\nest-application.js:178:16)\n    at async bootstrap (D:\\Web\\full-projects\\daftar-v1\\dafter-api-v1\\src\\main.ts:88:3)","rejection":true,"date":"Sun Feb 22 2026 17:49:03 GMT+0200 (Eastern European Standard Time)","process":{"pid":10544,"uid":null,"gid":null,"cwd":"D:\\Web\\full-projects\\daftar-v1\\dafter-api-v1","execPath":"C:\\Program Files\\nodejs\\node.exe","version":"v24.12.0","argv":["C:\\Program Files\\nodejs\\node.exe","D:\\Web\\full-projects\\daftar-v1\\dafter-api-v1\\dist\\src\\main"],"memoryUsage":{"rss":224026624,"heapTotal":129699840,"heapUsed":84855976,"external":9464486,"arrayBuffers":3719305}},"os":{"loadavg":[0,0,0],"uptime":355866.671},"trace":[{"column":16,"file":"node:net","function":"Server.setupListenHandle [as _listen2]","line":1940,"method":"setupListenHandle [as _listen2]","native":false},{"column":12,"file":"node:net","function":"listenInCluster","line":1997,"method":null,"native":false},{"column":7,"file":"node:net","function":"Server.listen","line":2102,"method":"listen","native":false},{"column":32,"file":"D:\\Web\\full-projects\\daftar-v1\\dafter-api-v1\\node_modules\\@nestjs\\platform-express\\adapters\\express-adapter.js","function":"ExpressAdapter.listen","line":127,"method":"listen","native":false},{"column":30,"file":"D:\\Web\\full-projects\\daftar-v1\\dafter-api-v1\\node_modules\\@nestjs\\core\\nest-application.js","function":null,"line":188,"method":null,"native":false},{"column":null,"file":null,"function":"new Promise","line":null,"method":null,"native":false},{"column":16,"file":"D:\\Web\\full-projects\\daftar-v1\\dafter-api-v1\\node_modules\\@nestjs\\core\\nest-application.js","function":"NestApplication.listen","line":178,"method":"listen","native":false},{"column":3,"file":"D:\\Web\\full-projects\\daftar-v1\\dafter-api-v1\\src\\main.ts","function":"async bootstrap","line":88,"method":null,"native":false}]}
[[90m5:49:03 PM[0m] Found 0 errors. Watching for file changes.

[2J[3J[H[[90m5:49:04 PM[0m] File change detected. Starting incremental compilation...

[[90m5:49:05 PM[0m] Found 0 errors. Watching for file changes.

2026-02-22 17:49:08  [31MERROR[39M  [31munhandledRejection: listen EADDRINUSE: address already in use :::7000[39m
[31mError: listen EADDRINUSE: address already in use :::7000[39m
[31m    at Server.setupListenHandle [as _listen2] (node:net:1940:16)[39m
[31m    at listenInCluster (node:net:1997:12)[39m
[31m    at Server.listen (node:net:2102:7)[39m
[31m    at ExpressAdapter.listen (D:\Web\full-projects\daftar-v1\dafter-api-v1\node_modules\@nestjs\platform-express\adapters\express-adapter.js:127:32)[39m
[31m    at D:\Web\full-projects\daftar-v1\dafter-api-v1\node_modules\@nestjs\core\nest-application.js:188:30[39m
[31m    at new Promise (<anonymous>)[39m
[31m    at NestApplication.listen (D:\Web\full-projects\daftar-v1\dafter-api-v1\node_modules\@nestjs\core\nest-application.js:178:16)[39m
[31m    at async bootstrap (D:\Web\full-projects\daftar-v1\dafter-api-v1\src\main.ts:88:3)[39m | {"error":{"code":"EADDRINUSE","errno":-4091,"syscall":"listen","address":"::","port":7000},"stack":"Error: listen EADDRINUSE: address already in use :::7000\n    at Server.setupListenHandle [as _listen2] (node:net:1940:16)\n    at listenInCluster (node:net:1997:12)\n    at Server.listen (node:net:2102:7)\n    at ExpressAdapter.listen (D:\\Web\\full-projects\\daftar-v1\\dafter-api-v1\\node_modules\\@nestjs\\platform-express\\adapters\\express-adapter.js:127:32)\n    at D:\\Web\\full-projects\\daftar-v1\\dafter-api-v1\\node_modules\\@nestjs\\core\\nest-application.js:188:30\n    at new Promise (<anonymous>)\n    at NestApplication.listen (D:\\Web\\full-projects\\daftar-v1\\dafter-api-v1\\node_modules\\@nestjs\\core\\nest-application.js:178:16)\n    at async bootstrap (D:\\Web\\full-projects\\daftar-v1\\dafter-api-v1\\src\\main.ts:88:3)","rejection":true,"date":"Sun Feb 22 2026 17:49:08 GMT+0200 (Eastern European Standard Time)","process":{"pid":19524,"uid":null,"gid":null,"cwd":"D:\\Web\\full-projects\\daftar-v1\\dafter-api-v1","execPath":"C:\\Program Files\\nodejs\\node.exe","version":"v24.12.0","argv":["C:\\Program Files\\nodejs\\node.exe","D:\\Web\\full-projects\\daftar-v1\\dafter-api-v1\\dist\\src\\main"],"memoryUsage":{"rss":223649792,"heapTotal":206508032,"heapUsed":65550792,"external":9464486,"arrayBuffers":53049}},"os":{"loadavg":[0,0,0],"uptime":355871.593},"trace":[{"column":16,"file":"node:net","function":"Server.setupListenHandle [as _listen2]","line":1940,"method":"setupListenHandle [as _listen2]","native":false},{"column":12,"file":"node:net","function":"listenInCluster","line":1997,"method":null,"native":false},{"column":7,"file":"node:net","function":"Server.listen","line":2102,"method":"listen","native":false},{"column":32,"file":"D:\\Web\\full-projects\\daftar-v1\\dafter-api-v1\\node_modules\\@nestjs\\platform-express\\adapters\\express-adapter.js","function":"ExpressAdapter.listen","line":127,"method":"listen","native":false},{"column":30,"file":"D:\\Web\\full-projects\\daftar-v1\\dafter-api-v1\\node_modules\\@nestjs\\core\\nest-application.js","function":null,"line":188,"method":null,"native":false},{"column":null,"file":null,"function":"new Promise","line":null,"method":null,"native":false},{"column":16,"file":"D:\\Web\\full-projects\\daftar-v1\\dafter-api-v1\\node_modules\\@nestjs\\core\\nest-application.js","function":"NestApplication.listen","line":178,"method":"listen","native":false},{"column":3,"file":"D:\\Web\\full-projects\\daftar-v1\\dafter-api-v1\\src\\main.ts","function":"async bootstrap","line":88,"method":null,"native":false}]}
[2J[3J[H[[90m5:49:33 PM[0m] File change detected. Starting incremental compilation...

[[90m5:49:34 PM[0m] Found 0 errors. Watching for file changes.

2026-02-22 17:49:38  [31MERROR[39M  [31munhandledRejection: listen EADDRINUSE: address already in use :::7000[39m
[31mError: listen EADDRINUSE: address already in use :::7000[39m
[31m    at Server.setupListenHandle [as _listen2] (node:net:1940:16)[39m
[31m    at listenInCluster (node:net:1997:12)[39m
[31m    at Server.listen (node:net:2102:7)[39m
[31m    at ExpressAdapter.listen (D:\Web\full-projects\daftar-v1\dafter-api-v1\node_modules\@nestjs\platform-express\adapters\express-adapter.js:127:32)[39m
[31m    at D:\Web\full-projects\daftar-v1\dafter-api-v1\node_modules\@nestjs\core\nest-application.js:188:30[39m
[31m    at new Promise (<anonymous>)[39m
[31m    at NestApplication.listen (D:\Web\full-projects\daftar-v1\dafter-api-v1\node_modules\@nestjs\core\nest-application.js:178:16)[39m
[31m    at async bootstrap (D:\Web\full-projects\daftar-v1\dafter-api-v1\src\main.ts:88:3)[39m | {"error":{"code":"EADDRINUSE","errno":-4091,"syscall":"listen","address":"::","port":7000},"stack":"Error: listen EADDRINUSE: address already in use :::7000\n    at Server.setupListenHandle [as _listen2] (node:net:1940:16)\n    at listenInCluster (node:net:1997:12)\n    at Server.listen (node:net:2102:7)\n    at ExpressAdapter.listen (D:\\Web\\full-projects\\daftar-v1\\dafter-api-v1\\node_modules\\@nestjs\\platform-express\\adapters\\express-adapter.js:127:32)\n    at D:\\Web\\full-projects\\daftar-v1\\dafter-api-v1\\node_modules\\@nestjs\\core\\nest-application.js:188:30\n    at new Promise (<anonymous>)\n    at NestApplication.listen (D:\\Web\\full-projects\\daftar-v1\\dafter-api-v1\\node_modules\\@nestjs\\core\\nest-application.js:178:16)\n    at async bootstrap (D:\\Web\\full-projects\\daftar-v1\\dafter-api-v1\\src\\main.ts:88:3)","rejection":true,"date":"Sun Feb 22 2026 17:49:38 GMT+0200 (Eastern European Standard Time)","process":{"pid":17356,"uid":null,"gid":null,"cwd":"D:\\Web\\full-projects\\daftar-v1\\dafter-api-v1","execPath":"C:\\Program Files\\nodejs\\node.exe","version":"v24.12.0","argv":["C:\\Program Files\\nodejs\\node.exe","D:\\Web\\full-projects\\daftar-v1\\dafter-api-v1\\dist\\src\\main"],"memoryUsage":{"rss":219504640,"heapTotal":205197312,"heapUsed":76558248,"external":9464486,"arrayBuffers":3719305}},"os":{"loadavg":[0,0,0],"uptime":355901.703},"trace":[{"column":16,"file":"node:net","function":"Server.setupListenHandle [as _listen2]","line":1940,"method":"setupListenHandle [as _listen2]","native":false},{"column":12,"file":"node:net","function":"listenInCluster","line":1997,"method":null,"native":false},{"column":7,"file":"node:net","function":"Server.listen","line":2102,"method":"listen","native":false},{"column":32,"file":"D:\\Web\\full-projects\\daftar-v1\\dafter-api-v1\\node_modules\\@nestjs\\platform-express\\adapters\\express-adapter.js","function":"ExpressAdapter.listen","line":127,"method":"listen","native":false},{"column":30,"file":"D:\\Web\\full-projects\\daftar-v1\\dafter-api-v1\\node_modules\\@nestjs\\core\\nest-application.js","function":null,"line":188,"method":null,"native":false},{"column":null,"file":null,"function":"new Promise","line":null,"method":null,"native":false},{"column":16,"file":"D:\\Web\\full-projects\\daftar-v1\\dafter-api-v1\\node_modules\\@nestjs\\core\\nest-application.js","function":"NestApplication.listen","line":178,"method":"listen","native":false},{"column":3,"file":"D:\\Web\\full-projects\\daftar-v1\\dafter-api-v1\\src\\main.ts","function":"async bootstrap","line":88,"method":null,"native":false}]}
[2J[3J[H[[90m5:49:44 PM[0m] File change detected. Starting incremental compilation...

[[90m5:49:44 PM[0m] Found 0 errors. Watching for file changes.

[32m[Nest] 11428  - [39m02/22/2026, 5:49:49 PM [32m    LOG[39m [38;5;3m[NestFactory] [39m[32mStarting Nest application...[39m
[32m[Nest] 11428  - [39m02/22/2026, 5:49:49 PM [32m    LOG[39m [38;5;3m[InstanceLoader] [39m[32mBullModule dependencies initialized[39m[38;5;3m +2ms[39m
[32m[Nest] 11428  - [39m02/22/2026, 5:49:49 PM [32m    LOG[39m [38;5;3m[InstanceLoader] [39m[32mDatabaseModule dependencies initialized[39m[38;5;3m +1ms[39m
[32m[Nest] 11428  - [39m02/22/2026, 5:49:49 PM [32m    LOG[39m [38;5;3m[InstanceLoader] [39m[32mPrismaModule dependencies initialized[39m[38;5;3m +0ms[39m
[32m[Nest] 11428  - [39m02/22/2026, 5:49:49 PM [32m    LOG[39m [38;5;3m[InstanceLoader] [39m[32mLoggerModule dependencies initialized[39m[38;5;3m +0ms[39m
[32m[Nest] 11428  - [39m02/22/2026, 5:49:49 PM [32m    LOG[39m [38;5;3m[InstanceLoader] [39m[32mTranslationModule dependencies initialized[39m[38;5;3m +0ms[39m
[32m[Nest] 11428  - [39m02/22/2026, 5:49:49 PM [32m    LOG[39m [38;5;3m[InstanceLoader] [39m[32mPassportModule dependencies initialized[39m[38;5;3m +0ms[39m
[32m[Nest] 11428  - [39m02/22/2026, 5:49:49 PM [32m    LOG[39m [38;5;3m[InstanceLoader] [39m[32mConfigHostModule dependencies initialized[39m[38;5;3m +0ms[39m
[32m[Nest] 11428  - [39m02/22/2026, 5:49:49 PM [32m    LOG[39m [38;5;3m[InstanceLoader] [39m[32mThrottlerModule dependencies initialized[39m[38;5;3m +0ms[39m
[32m[Nest] 11428  - [39m02/22/2026, 5:49:49 PM [32m    LOG[39m [38;5;3m[InstanceLoader] [39m[32mDiscoveryModule dependencies initialized[39m[38;5;3m +1ms[39m
[33m[Nest] 11428  - [39m02/22/2026, 5:49:49 PM [33m   WARN[39m [38;5;3m[WhatsAppService] [39m[33mTwilio credentials not configured — WhatsApp sending disabled[39m
[32m[Nest] 11428  - [39m02/22/2026, 5:49:49 PM [32m    LOG[39m [38;5;3m[InstanceLoader] [39m[32mGuardsModule dependencies initialized[39m[38;5;3m +0ms[39m
[32m[Nest] 11428  - [39m02/22/2026, 5:49:49 PM [32m    LOG[39m [38;5;3m[InstanceLoader] [39m[32mConfigModule dependencies initialized[39m[38;5;3m +0ms[39m
[32m[Nest] 11428  - [39m02/22/2026, 5:49:49 PM [32m    LOG[39m [38;5;3m[InstanceLoader] [39m[32mConfigModule dependencies initialized[39m[38;5;3m +0ms[39m
[32m[Nest] 11428  - [39m02/22/2026, 5:49:49 PM [32m    LOG[39m [38;5;3m[InstanceLoader] [39m[32mBullModule dependencies initialized[39m[38;5;3m +0ms[39m
[32m[Nest] 11428  - [39m02/22/2026, 5:49:49 PM [32m    LOG[39m [38;5;3m[InstanceLoader] [39m[32mCacheModule dependencies initialized[39m[38;5;3m +0ms[39m
[32m[Nest] 11428  - [39m02/22/2026, 5:49:49 PM [32m    LOG[39m [38;5;3m[InstanceLoader] [39m[32mJwtModule dependencies initialized[39m[38;5;3m +0ms[39m
[32m[Nest] 11428  - [39m02/22/2026, 5:49:49 PM [32m    LOG[39m [38;5;3m[InstanceLoader] [39m[32mBullModule dependencies initialized[39m[38;5;3m +1ms[39m
[32m[Nest] 11428  - [39m02/22/2026, 5:49:49 PM [32m    LOG[39m [38;5;3m[InstanceLoader] [39m[32mAppModule dependencies initialized[39m[38;5;3m +0ms[39m
[32m[Nest] 11428  - [39m02/22/2026, 5:49:49 PM [32m    LOG[39m [38;5;3m[InstanceLoader] [39m[32mPlatformModule dependencies initialized[39m[38;5;3m +0ms[39m
[32m[Nest] 11428  - [39m02/22/2026, 5:49:49 PM [32m    LOG[39m [38;5;3m[InstanceLoader] [39m[32mUsersModule dependencies initialized[39m[38;5;3m +0ms[39m
[32m[Nest] 11428  - [39m02/22/2026, 5:49:49 PM [32m    LOG[39m [38;5;3m[InstanceLoader] [39m[32mCustomersModule dependencies initialized[39m[38;5;3m +0ms[39m
[32m[Nest] 11428  - [39m02/22/2026, 5:49:49 PM [32m    LOG[39m [38;5;3m[InstanceLoader] [39m[32mSuppliersModule dependencies initialized[39m[38;5;3m +0ms[39m
[32m[Nest] 11428  - [39m02/22/2026, 5:49:49 PM [32m    LOG[39m [38;5;3m[InstanceLoader] [39m[32mEmployeesModule dependencies initialized[39m[38;5;3m +0ms[39m
[32m[Nest] 11428  - [39m02/22/2026, 5:49:49 PM [32m    LOG[39m [38;5;3m[InstanceLoader] [39m[32mNotificationsModule dependencies initialized[39m[38;5;3m +0ms[39m
[32m[Nest] 11428  - [39m02/22/2026, 5:49:49 PM [32m    LOG[39m [38;5;3m[InstanceLoader] [39m[32mLedgerModule dependencies initialized[39m[38;5;3m +0ms[39m
[32m[Nest] 11428  - [39m02/22/2026, 5:49:49 PM [32m    LOG[39m [38;5;3m[InstanceLoader] [39m[32mAuthModule dependencies initialized[39m[38;5;3m +0ms[39m
[32m[Nest] 11428  - [39m02/22/2026, 5:49:49 PM [32m    LOG[39m [38;5;3m[RoutesResolver] [39m[32mAppController {/api/v1}:[39m[38;5;3m +0ms[39m
[32m[Nest] 11428  - [39m02/22/2026, 5:49:49 PM [32m    LOG[39m [38;5;3m[RouterExplorer] [39m[32mMapped {/api/v1/health, GET} route[39m[38;5;3m +0ms[39m
[32m[Nest] 11428  - [39m02/22/2026, 5:49:49 PM [32m    LOG[39m [38;5;3m[RoutesResolver] [39m[32mAuthController {/api/v1/auth}:[39m[38;5;3m +0ms[39m
[32m[Nest] 11428  - [39m02/22/2026, 5:49:49 PM [32m    LOG[39m [38;5;3m[RouterExplorer] [39m[32mMapped {/api/v1/auth/register, POST} route[39m[38;5;3m +0ms[39m
[32m[Nest] 11428  - [39m02/22/2026, 5:49:49 PM [32m    LOG[39m [38;5;3m[RouterExplorer] [39m[32mMapped {/api/v1/auth/login, POST} route[39m[38;5;3m +0ms[39m
[32m[Nest] 11428  - [39m02/22/2026, 5:49:49 PM [32m    LOG[39m [38;5;3m[RouterExplorer] [39m[32mMapped {/api/v1/auth/refresh, POST} route[39m[38;5;3m +0ms[39m
[32m[Nest] 11428  - [39m02/22/2026, 5:49:49 PM [32m    LOG[39m [38;5;3m[RouterExplorer] [39m[32mMapped {/api/v1/auth/logout, POST} route[39m[38;5;3m +0ms[39m
[32m[Nest] 11428  - [39m02/22/2026, 5:49:49 PM [32m    LOG[39m [38;5;3m[RouterExplorer] [39m[32mMapped {/api/v1/auth/logout-all, POST} route[39m[38;5;3m +0ms[39m
[32m[Nest] 11428  - [39m02/22/2026, 5:49:49 PM [32m    LOG[39m [38;5;3m[RouterExplorer] [39m[32mMapped {/api/v1/auth/change-password, POST} route[39m[38;5;3m +0ms[39m
[32m[Nest] 11428  - [39m02/22/2026, 5:49:49 PM [32m    LOG[39m [38;5;3m[RouterExplorer] [39m[32mMapped {/api/v1/auth/me, GET} route[39m[38;5;3m +0ms[39m
[32m[Nest] 11428  - [39m02/22/2026, 5:49:49 PM [32m    LOG[39m [38;5;3m[RouterExplorer] [39m[32mMapped {/api/v1/auth/sessions, GET} route[39m[38;5;3m +0ms[39m
[32m[Nest] 11428  - [39m02/22/2026, 5:49:49 PM [32m    LOG[39m [38;5;3m[RouterExplorer] [39m[32mMapped {/api/v1/auth/forgot-password, POST} route[39m[38;5;3m +0ms[39m
[32m[Nest] 11428  - [39m02/22/2026, 5:49:49 PM [32m    LOG[39m [38;5;3m[RouterExplorer] [39m[32mMapped {/api/v1/auth/reset-password, POST} route[39m[38;5;3m +0ms[39m
[32m[Nest] 11428  - [39m02/22/2026, 5:49:49 PM [32m    LOG[39m [38;5;3m[RoutesResolver] [39m[32mNotificationsController {/api/v1/notifications}:[39m[38;5;3m +1ms[39m
[32m[Nest] 11428  - [39m02/22/2026, 5:49:49 PM [32m    LOG[39m [38;5;3m[RouterExplorer] [39m[32mMapped {/api/v1/notifications/device-token, POST} route[39m[38;5;3m +0ms[39m
[32m[Nest] 11428  - [39m02/22/2026, 5:49:49 PM [32m    LOG[39m [38;5;3m[RouterExplorer] [39m[32mMapped {/api/v1/notifications/device-token/:token, DELETE} route[39m[38;5;3m +0ms[39m
[32m[Nest] 11428  - [39m02/22/2026, 5:49:49 PM [32m    LOG[39m [38;5;3m[RouterExplorer] [39m[32mMapped {/api/v1/notifications/unread-count, GET} route[39m[38;5;3m +0ms[39m
[32m[Nest] 11428  - [39m02/22/2026, 5:49:49 PM [32m    LOG[39m [38;5;3m[RouterExplorer] [39m[32mMapped {/api/v1/notifications, GET} route[39m[38;5;3m +0ms[39m
[32m[Nest] 11428  - [39m02/22/2026, 5:49:49 PM [32m    LOG[39m [38;5;3m[RouterExplorer] [39m[32mMapped {/api/v1/notifications/read-all, PATCH} route[39m[38;5;3m +0ms[39m
[32m[Nest] 11428  - [39m02/22/2026, 5:49:49 PM [32m    LOG[39m [38;5;3m[RouterExplorer] [39m[32mMapped {/api/v1/notifications/:id/read, PATCH} route[39m[38;5;3m +0ms[39m
[32m[Nest] 11428  - [39m02/22/2026, 5:49:49 PM [32m    LOG[39m [38;5;3m[RoutesResolver] [39m[32mPlatformController {/api/v1/platform}:[39m[38;5;3m +0ms[39m
[32m[Nest] 11428  - [39m02/22/2026, 5:49:49 PM [32m    LOG[39m [38;5;3m[RouterExplorer] [39m[32mMapped {/api/v1/platform/companies, POST} route[39m[38;5;3m +0ms[39m
[32m[Nest] 11428  - [39m02/22/2026, 5:49:49 PM [32m    LOG[39m [38;5;3m[RouterExplorer] [39m[32mMapped {/api/v1/platform/companies, GET} route[39m[38;5;3m +0ms[39m
[32m[Nest] 11428  - [39m02/22/2026, 5:49:49 PM [32m    LOG[39m [38;5;3m[RouterExplorer] [39m[32mMapped {/api/v1/platform/companies/:id, GET} route[39m[38;5;3m +0ms[39m
[32m[Nest] 11428  - [39m02/22/2026, 5:49:49 PM [32m    LOG[39m [38;5;3m[RouterExplorer] [39m[32mMapped {/api/v1/platform/companies/:id/metrics, GET} route[39m[38;5;3m +0ms[39m
[32m[Nest] 11428  - [39m02/22/2026, 5:49:49 PM [32m    LOG[39m [38;5;3m[RouterExplorer] [39m[32mMapped {/api/v1/platform/plans, POST} route[39m[38;5;3m +0ms[39m
[32m[Nest] 11428  - [39m02/22/2026, 5:49:49 PM [32m    LOG[39m [38;5;3m[RouterExplorer] [39m[32mMapped {/api/v1/platform/plans, GET} route[39m[38;5;3m +0ms[39m
[32m[Nest] 11428  - [39m02/22/2026, 5:49:49 PM [32m    LOG[39m [38;5;3m[RouterExplorer] [39m[32mMapped {/api/v1/platform/plans/:id, PATCH} route[39m[38;5;3m +0ms[39m
[32m[Nest] 11428  - [39m02/22/2026, 5:49:49 PM [32m    LOG[39m [38;5;3m[RouterExplorer] [39m[32mMapped {/api/v1/platform/subscriptions/activate, POST} route[39m[38;5;3m +0ms[39m
[32m[Nest] 11428  - [39m02/22/2026, 5:49:49 PM [32m    LOG[39m [38;5;3m[RouterExplorer] [39m[32mMapped {/api/v1/platform/subscriptions/suspend, POST} route[39m[38;5;3m +0ms[39m
[32m[Nest] 11428  - [39m02/22/2026, 5:49:49 PM [32m    LOG[39m [38;5;3m[RouterExplorer] [39m[32mMapped {/api/v1/platform/subscriptions/extend, POST} route[39m[38;5;3m +0ms[39m
[32m[Nest] 11428  - [39m02/22/2026, 5:49:49 PM [32m    LOG[39m [38;5;3m[RoutesResolver] [39m[32mUsersController {/api/v1/users}:[39m[38;5;3m +0ms[39m
[32m[Nest] 11428  - [39m02/22/2026, 5:49:49 PM [32m    LOG[39m [38;5;3m[RouterExplorer] [39m[32mMapped {/api/v1/users/staff, POST} route[39m[38;5;3m +0ms[39m
[32m[Nest] 11428  - [39m02/22/2026, 5:49:49 PM [32m    LOG[39m [38;5;3m[RouterExplorer] [39m[32mMapped {/api/v1/users/stats, GET} route[39m[38;5;3m +0ms[39m
[32m[Nest] 11428  - [39m02/22/2026, 5:49:49 PM [32m    LOG[39m [38;5;3m[RouterExplorer] [39m[32mMapped {/api/v1/users, GET} route[39m[38;5;3m +1ms[39m
[32m[Nest] 11428  - [39m02/22/2026, 5:49:49 PM [32m    LOG[39m [38;5;3m[RouterExplorer] [39m[32mMapped {/api/v1/users/:id, GET} route[39m[38;5;3m +0ms[39m
[32m[Nest] 11428  - [39m02/22/2026, 5:49:49 PM [32m    LOG[39m [38;5;3m[RouterExplorer] [39m[32mMapped {/api/v1/users/:id, PATCH} route[39m[38;5;3m +0ms[39m
[32m[Nest] 11428  - [39m02/22/2026, 5:49:49 PM [32m    LOG[39m [38;5;3m[RouterExplorer] [39m[32mMapped {/api/v1/users/:id/permissions, PATCH} route[39m[38;5;3m +0ms[39m
[32m[Nest] 11428  - [39m02/22/2026, 5:49:49 PM [32m    LOG[39m [38;5;3m[RouterExplorer] [39m[32mMapped {/api/v1/users/:id/disable, PATCH} route[39m[38;5;3m +0ms[39m
[32m[Nest] 11428  - [39m02/22/2026, 5:49:49 PM [32m    LOG[39m [38;5;3m[RouterExplorer] [39m[32mMapped {/api/v1/users/:id/enable, PATCH} route[39m[38;5;3m +0ms[39m
[32m[Nest] 11428  - [39m02/22/2026, 5:49:49 PM [32m    LOG[39m [38;5;3m[RoutesResolver] [39m[32mCustomersController {/api/v1/customers}:[39m[38;5;3m +0ms[39m
[32m[Nest] 11428  - [39m02/22/2026, 5:49:49 PM [32m    LOG[39m [38;5;3m[RouterExplorer] [39m[32mMapped {/api/v1/customers, POST} route[39m[38;5;3m +0ms[39m
[32m[Nest] 11428  - [39m02/22/2026, 5:49:49 PM [32m    LOG[39m [38;5;3m[RouterExplorer] [39m[32mMapped {/api/v1/customers, GET} route[39m[38;5;3m +0ms[39m
[32m[Nest] 11428  - [39m02/22/2026, 5:49:49 PM [32m    LOG[39m [38;5;3m[RouterExplorer] [39m[32mMapped {/api/v1/customers/:id, GET} route[39m[38;5;3m +0ms[39m
[32m[Nest] 11428  - [39m02/22/2026, 5:49:49 PM [32m    LOG[39m [38;5;3m[RouterExplorer] [39m[32mMapped {/api/v1/customers/:id, PATCH} route[39m[38;5;3m +0ms[39m
[32m[Nest] 11428  - [39m02/22/2026, 5:49:49 PM [32m    LOG[39m [38;5;3m[RouterExplorer] [39m[32mMapped {/api/v1/customers/:id, DELETE} route[39m[38;5;3m +0ms[39m
[32m[Nest] 11428  - [39m02/22/2026, 5:49:49 PM [32m    LOG[39m [38;5;3m[RoutesResolver] [39m[32mSuppliersController {/api/v1/suppliers}:[39m[38;5;3m +0ms[39m
[32m[Nest] 11428  - [39m02/22/2026, 5:49:49 PM [32m    LOG[39m [38;5;3m[RouterExplorer] [39m[32mMapped {/api/v1/suppliers, POST} route[39m[38;5;3m +0ms[39m
[32m[Nest] 11428  - [39m02/22/2026, 5:49:49 PM [32m    LOG[39m [38;5;3m[RouterExplorer] [39m[32mMapped {/api/v1/suppliers, GET} route[39m[38;5;3m +0ms[39m
[32m[Nest] 11428  - [39m02/22/2026, 5:49:49 PM [32m    LOG[39m [38;5;3m[RouterExplorer] [39m[32mMapped {/api/v1/suppliers/:id, GET} route[39m[38;5;3m +0ms[39m
[32m[Nest] 11428  - [39m02/22/2026, 5:49:49 PM [32m    LOG[39m [38;5;3m[RouterExplorer] [39m[32mMapped {/api/v1/suppliers/:id, PATCH} route[39m[38;5;3m +0ms[39m
[32m[Nest] 11428  - [39m02/22/2026, 5:49:49 PM [32m    LOG[39m [38;5;3m[RouterExplorer] [39m[32mMapped {/api/v1/suppliers/:id, DELETE} route[39m[38;5;3m +0ms[39m
[32m[Nest] 11428  - [39m02/22/2026, 5:49:49 PM [32m    LOG[39m [38;5;3m[RoutesResolver] [39m[32mEmployeesController {/api/v1/employees}:[39m[38;5;3m +0ms[39m
[32m[Nest] 11428  - [39m02/22/2026, 5:49:49 PM [32m    LOG[39m [38;5;3m[RouterExplorer] [39m[32mMapped {/api/v1/employees, POST} route[39m[38;5;3m +0ms[39m
[32m[Nest] 11428  - [39m02/22/2026, 5:49:49 PM [32m    LOG[39m [38;5;3m[RouterExplorer] [39m[32mMapped {/api/v1/employees, GET} route[39m[38;5;3m +0ms[39m
[32m[Nest] 11428  - [39m02/22/2026, 5:49:49 PM [32m    LOG[39m [38;5;3m[RouterExplorer] [39m[32mMapped {/api/v1/employees/:id, GET} route[39m[38;5;3m +0ms[39m
[32m[Nest] 11428  - [39m02/22/2026, 5:49:49 PM [32m    LOG[39m [38;5;3m[RouterExplorer] [39m[32mMapped {/api/v1/employees/:id, PATCH} route[39m[38;5;3m +0ms[39m
[32m[Nest] 11428  - [39m02/22/2026, 5:49:49 PM [32m    LOG[39m [38;5;3m[RouterExplorer] [39m[32mMapped {/api/v1/employees/:id, DELETE} route[39m[38;5;3m +0ms[39m
[32m[Nest] 11428  - [39m02/22/2026, 5:49:49 PM [32m    LOG[39m [38;5;3m[RoutesResolver] [39m[32mLedgerController {/api/v1/ledger}:[39m[38;5;3m +0ms[39m
[32m[Nest] 11428  - [39m02/22/2026, 5:49:49 PM [32m    LOG[39m [38;5;3m[RouterExplorer] [39m[32mMapped {/api/v1/ledger, POST} route[39m[38;5;3m +0ms[39m
[32m[Nest] 11428  - [39m02/22/2026, 5:49:49 PM [32m    LOG[39m [38;5;3m[RouterExplorer] [39m[32mMapped {/api/v1/ledger/:id, DELETE} route[39m[38;5;3m +0ms[39m
[32m[Nest] 11428  - [39m02/22/2026, 5:49:49 PM [32m    LOG[39m [38;5;3m[RouterExplorer] [39m[32mMapped {/api/v1/ledger/statement, GET} route[39m[38;5;3m +0ms[39m
[32m[Nest] 11428  - [39m02/22/2026, 5:49:49 PM [32m    LOG[39m [38;5;3m[PrismaService] [39m[32m✅ Connected to database[39m
[32m[Nest] 11428  - [39m02/22/2026, 5:49:49 PM [32m    LOG[39m [38;5;3m[PrismaService] [39m[32m✅ Connected to database[39m
[32m[Nest] 11428  - [39m02/22/2026, 5:49:49 PM [32m    LOG[39m [38;5;3m[NestApplication] [39m[32mNest application successfully started[39m[38;5;3m +0ms[39m
2026-02-22 17:49:49  [32MINFO[39M [Bootstrap] [32m🚀 Daftar API running on http://localhost:7000[39m
2026-02-22 17:49:49  [32MINFO[39M [Bootstrap] [32m📚 Swagger docs: http://localhost:7000/api/docs[39m
2026-02-22 17:49:49  [32MINFO[39M [Bootstrap] [32m🔗 API prefix: /api/v1[39m
2026-02-22 17:49:49  [32MINFO[39M [Bootstrap] [32m🌍 Environment: development[39m
[32m[Nest] 11428  - [39m02/22/2026, 5:49:49 PM [32m    LOG[39m [38;5;3m[CacheService] [39m[32m✅ Redis Connected[39m
[32m[Nest] 11428  - [39m02/22/2026, 5:49:49 PM [32m    LOG[39m [38;5;3m[CacheService] [39m[32m✅ Redis Cache Service Initialized[39m
[2J[3J[H[[90m5:51:13 PM[0m] File change detected. Starting incremental compilation...

[[90m5:51:14 PM[0m] Found 0 errors. Watching for file changes.

2026-02-22 17:51:19  [31MERROR[39M  [31munhandledRejection: listen EADDRINUSE: address already in use :::7000[39m
[31mError: listen EADDRINUSE: address already in use :::7000[39m
[31m    at Server.setupListenHandle [as _listen2] (node:net:1940:16)[39m
[31m    at listenInCluster (node:net:1997:12)[39m
[31m    at Server.listen (node:net:2102:7)[39m
[31m    at ExpressAdapter.listen (D:\Web\full-projects\daftar-v1\dafter-api-v1\node_modules\@nestjs\platform-express\adapters\express-adapter.js:127:32)[39m
[31m    at D:\Web\full-projects\daftar-v1\dafter-api-v1\node_modules\@nestjs\core\nest-application.js:188:30[39m
[31m    at new Promise (<anonymous>)[39m
[31m    at NestApplication.listen (D:\Web\full-projects\daftar-v1\dafter-api-v1\node_modules\@nestjs\core\nest-application.js:178:16)[39m
[31m    at async bootstrap (D:\Web\full-projects\daftar-v1\dafter-api-v1\src\main.ts:88:3)[39m | {"error":{"code":"EADDRINUSE","errno":-4091,"syscall":"listen","address":"::","port":7000},"stack":"Error: listen EADDRINUSE: address already in use :::7000\n    at Server.setupListenHandle [as _listen2] (node:net:1940:16)\n    at listenInCluster (node:net:1997:12)\n    at Server.listen (node:net:2102:7)\n    at ExpressAdapter.listen (D:\\Web\\full-projects\\daftar-v1\\dafter-api-v1\\node_modules\\@nestjs\\platform-express\\adapters\\express-adapter.js:127:32)\n    at D:\\Web\\full-projects\\daftar-v1\\dafter-api-v1\\node_modules\\@nestjs\\core\\nest-application.js:188:30\n    at new Promise (<anonymous>)\n    at NestApplication.listen (D:\\Web\\full-projects\\daftar-v1\\dafter-api-v1\\node_modules\\@nestjs\\core\\nest-application.js:178:16)\n    at async bootstrap (D:\\Web\\full-projects\\daftar-v1\\dafter-api-v1\\src\\main.ts:88:3)","rejection":true,"date":"Sun Feb 22 2026 17:51:19 GMT+0200 (Eastern European Standard Time)","process":{"pid":10040,"uid":null,"gid":null,"cwd":"D:\\Web\\full-projects\\daftar-v1\\dafter-api-v1","execPath":"C:\\Program Files\\nodejs\\node.exe","version":"v24.12.0","argv":["C:\\Program Files\\nodejs\\node.exe","D:\\Web\\full-projects\\daftar-v1\\dafter-api-v1\\dist\\src\\main"],"memoryUsage":{"rss":211824640,"heapTotal":127340544,"heapUsed":89379696,"external":9518342,"arrayBuffers":3773161}},"os":{"loadavg":[0,0,0],"uptime":356002.25},"trace":[{"column":16,"file":"node:net","function":"Server.setupListenHandle [as _listen2]","line":1940,"method":"setupListenHandle [as _listen2]","native":false},{"column":12,"file":"node:net","function":"listenInCluster","line":1997,"method":null,"native":false},{"column":7,"file":"node:net","function":"Server.listen","line":2102,"method":"listen","native":false},{"column":32,"file":"D:\\Web\\full-projects\\daftar-v1\\dafter-api-v1\\node_modules\\@nestjs\\platform-express\\adapters\\express-adapter.js","function":"ExpressAdapter.listen","line":127,"method":"listen","native":false},{"column":30,"file":"D:\\Web\\full-projects\\daftar-v1\\dafter-api-v1\\node_modules\\@nestjs\\core\\nest-application.js","function":null,"line":188,"method":null,"native":false},{"column":null,"file":null,"function":"new Promise","line":null,"method":null,"native":false},{"column":16,"file":"D:\\Web\\full-projects\\daftar-v1\\dafter-api-v1\\node_modules\\@nestjs\\core\\nest-application.js","function":"NestApplication.listen","line":178,"method":"listen","native":false},{"column":3,"file":"D:\\Web\\full-projects\\daftar-v1\\dafter-api-v1\\src\\main.ts","function":"async bootstrap","line":88,"method":null,"native":false}]}
[2J[3J[H[[90m5:51:53 PM[0m] File change detected. Starting incremental compilation...

[[90m5:51:54 PM[0m] Found 0 errors. Watching for file changes.

[32m[Nest] 12092  - [39m02/22/2026, 5:51:57 PM [32m    LOG[39m [38;5;3m[NestFactory] [39m[32mStarting Nest application...[39m
[32m[Nest] 12092  - [39m02/22/2026, 5:51:57 PM [32m    LOG[39m [38;5;3m[InstanceLoader] [39m[32mBullModule dependencies initialized[39m[38;5;3m +2ms[39m
[32m[Nest] 12092  - [39m02/22/2026, 5:51:57 PM [32m    LOG[39m [38;5;3m[InstanceLoader] [39m[32mDatabaseModule dependencies initialized[39m[38;5;3m +0ms[39m
[32m[Nest] 12092  - [39m02/22/2026, 5:51:57 PM [32m    LOG[39m [38;5;3m[InstanceLoader] [39m[32mPrismaModule dependencies initialized[39m[38;5;3m +1ms[39m
[32m[Nest] 12092  - [39m02/22/2026, 5:51:57 PM [32m    LOG[39m [38;5;3m[InstanceLoader] [39m[32mLoggerModule dependencies initialized[39m[38;5;3m +0ms[39m
[32m[Nest] 12092  - [39m02/22/2026, 5:51:57 PM [32m    LOG[39m [38;5;3m[InstanceLoader] [39m[32mTranslationModule dependencies initialized[39m[38;5;3m +0ms[39m
[32m[Nest] 12092  - [39m02/22/2026, 5:51:57 PM [32m    LOG[39m [38;5;3m[InstanceLoader] [39m[32mPassportModule dependencies initialized[39m[38;5;3m +0ms[39m
[32m[Nest] 12092  - [39m02/22/2026, 5:51:57 PM [32m    LOG[39m [38;5;3m[InstanceLoader] [39m[32mConfigHostModule dependencies initialized[39m[38;5;3m +0ms[39m
[32m[Nest] 12092  - [39m02/22/2026, 5:51:57 PM [32m    LOG[39m [38;5;3m[InstanceLoader] [39m[32mThrottlerModule dependencies initialized[39m[38;5;3m +0ms[39m
[32m[Nest] 12092  - [39m02/22/2026, 5:51:57 PM [32m    LOG[39m [38;5;3m[InstanceLoader] [39m[32mDiscoveryModule dependencies initialized[39m[38;5;3m +0ms[39m
[33m[Nest] 12092  - [39m02/22/2026, 5:51:57 PM [33m   WARN[39m [38;5;3m[WhatsAppService] [39m[33mTwilio credentials not configured — WhatsApp sending disabled[39m
[32m[Nest] 12092  - [39m02/22/2026, 5:51:57 PM [32m    LOG[39m [38;5;3m[InstanceLoader] [39m[32mGuardsModule dependencies initialized[39m[38;5;3m +0ms[39m
[32m[Nest] 12092  - [39m02/22/2026, 5:51:57 PM [32m    LOG[39m [38;5;3m[InstanceLoader] [39m[32mConfigModule dependencies initialized[39m[38;5;3m +0ms[39m
[32m[Nest] 12092  - [39m02/22/2026, 5:51:57 PM [32m    LOG[39m [38;5;3m[InstanceLoader] [39m[32mConfigModule dependencies initialized[39m[38;5;3m +0ms[39m
[32m[Nest] 12092  - [39m02/22/2026, 5:51:57 PM [32m    LOG[39m [38;5;3m[InstanceLoader] [39m[32mBullModule dependencies initialized[39m[38;5;3m +0ms[39m
[32m[Nest] 12092  - [39m02/22/2026, 5:51:57 PM [32m    LOG[39m [38;5;3m[InstanceLoader] [39m[32mCacheModule dependencies initialized[39m[38;5;3m +0ms[39m
[32m[Nest] 12092  - [39m02/22/2026, 5:51:57 PM [32m    LOG[39m [38;5;3m[InstanceLoader] [39m[32mJwtModule dependencies initialized[39m[38;5;3m +0ms[39m
[32m[Nest] 12092  - [39m02/22/2026, 5:51:57 PM [32m    LOG[39m [38;5;3m[InstanceLoader] [39m[32mBullModule dependencies initialized[39m[38;5;3m +0ms[39m
[32m[Nest] 12092  - [39m02/22/2026, 5:51:57 PM [32m    LOG[39m [38;5;3m[InstanceLoader] [39m[32mAppModule dependencies initialized[39m[38;5;3m +0ms[39m
[32m[Nest] 12092  - [39m02/22/2026, 5:51:57 PM [32m    LOG[39m [38;5;3m[InstanceLoader] [39m[32mPlatformModule dependencies initialized[39m[38;5;3m +1ms[39m
[32m[Nest] 12092  - [39m02/22/2026, 5:51:57 PM [32m    LOG[39m [38;5;3m[InstanceLoader] [39m[32mUsersModule dependencies initialized[39m[38;5;3m +0ms[39m
[32m[Nest] 12092  - [39m02/22/2026, 5:51:57 PM [32m    LOG[39m [38;5;3m[InstanceLoader] [39m[32mCustomersModule dependencies initialized[39m[38;5;3m +0ms[39m
[32m[Nest] 12092  - [39m02/22/2026, 5:51:57 PM [32m    LOG[39m [38;5;3m[InstanceLoader] [39m[32mSuppliersModule dependencies initialized[39m[38;5;3m +0ms[39m
[32m[Nest] 12092  - [39m02/22/2026, 5:51:57 PM [32m    LOG[39m [38;5;3m[InstanceLoader] [39m[32mEmployeesModule dependencies initialized[39m[38;5;3m +0ms[39m
[32m[Nest] 12092  - [39m02/22/2026, 5:51:57 PM [32m    LOG[39m [38;5;3m[InstanceLoader] [39m[32mNotificationsModule dependencies initialized[39m[38;5;3m +0ms[39m
[32m[Nest] 12092  - [39m02/22/2026, 5:51:57 PM [32m    LOG[39m [38;5;3m[InstanceLoader] [39m[32mLedgerModule dependencies initialized[39m[38;5;3m +0ms[39m
[32m[Nest] 12092  - [39m02/22/2026, 5:51:57 PM [32m    LOG[39m [38;5;3m[InstanceLoader] [39m[32mAuthModule dependencies initialized[39m[38;5;3m +0ms[39m
[32m[Nest] 12092  - [39m02/22/2026, 5:51:57 PM [32m    LOG[39m [38;5;3m[RoutesResolver] [39m[32mAppController {/api/v1}:[39m[38;5;3m +0ms[39m
[32m[Nest] 12092  - [39m02/22/2026, 5:51:57 PM [32m    LOG[39m [38;5;3m[RouterExplorer] [39m[32mMapped {/api/v1/health, GET} route[39m[38;5;3m +0ms[39m
[32m[Nest] 12092  - [39m02/22/2026, 5:51:57 PM [32m    LOG[39m [38;5;3m[RoutesResolver] [39m[32mAuthController {/api/v1/auth}:[39m[38;5;3m +0ms[39m
[32m[Nest] 12092  - [39m02/22/2026, 5:51:57 PM [32m    LOG[39m [38;5;3m[RouterExplorer] [39m[32mMapped {/api/v1/auth/register, POST} route[39m[38;5;3m +0ms[39m
[32m[Nest] 12092  - [39m02/22/2026, 5:51:57 PM [32m    LOG[39m [38;5;3m[RouterExplorer] [39m[32mMapped {/api/v1/auth/login, POST} route[39m[38;5;3m +0ms[39m
[32m[Nest] 12092  - [39m02/22/2026, 5:51:57 PM [32m    LOG[39m [38;5;3m[RouterExplorer] [39m[32mMapped {/api/v1/auth/refresh, POST} route[39m[38;5;3m +0ms[39m
[32m[Nest] 12092  - [39m02/22/2026, 5:51:57 PM [32m    LOG[39m [38;5;3m[RouterExplorer] [39m[32mMapped {/api/v1/auth/logout, POST} route[39m[38;5;3m +0ms[39m
[32m[Nest] 12092  - [39m02/22/2026, 5:51:57 PM [32m    LOG[39m [38;5;3m[RouterExplorer] [39m[32mMapped {/api/v1/auth/logout-all, POST} route[39m[38;5;3m +0ms[39m
[32m[Nest] 12092  - [39m02/22/2026, 5:51:57 PM [32m    LOG[39m [38;5;3m[RouterExplorer] [39m[32mMapped {/api/v1/auth/change-password, POST} route[39m[38;5;3m +0ms[39m
[32m[Nest] 12092  - [39m02/22/2026, 5:51:57 PM [32m    LOG[39m [38;5;3m[RouterExplorer] [39m[32mMapped {/api/v1/auth/me, GET} route[39m[38;5;3m +0ms[39m
[32m[Nest] 12092  - [39m02/22/2026, 5:51:57 PM [32m    LOG[39m [38;5;3m[RouterExplorer] [39m[32mMapped {/api/v1/auth/sessions, GET} route[39m[38;5;3m +0ms[39m
[32m[Nest] 12092  - [39m02/22/2026, 5:51:57 PM [32m    LOG[39m [38;5;3m[RouterExplorer] [39m[32mMapped {/api/v1/auth/forgot-password, POST} route[39m[38;5;3m +0ms[39m
[32m[Nest] 12092  - [39m02/22/2026, 5:51:57 PM [32m    LOG[39m [38;5;3m[RouterExplorer] [39m[32mMapped {/api/v1/auth/reset-password, POST} route[39m[38;5;3m +1ms[39m
[32m[Nest] 12092  - [39m02/22/2026, 5:51:57 PM [32m    LOG[39m [38;5;3m[RoutesResolver] [39m[32mNotificationsController {/api/v1/notifications}:[39m[38;5;3m +0ms[39m
[32m[Nest] 12092  - [39m02/22/2026, 5:51:57 PM [32m    LOG[39m [38;5;3m[RouterExplorer] [39m[32mMapped {/api/v1/notifications/device-token, POST} route[39m[38;5;3m +0ms[39m
[32m[Nest] 12092  - [39m02/22/2026, 5:51:57 PM [32m    LOG[39m [38;5;3m[RouterExplorer] [39m[32mMapped {/api/v1/notifications/device-token/:token, DELETE} route[39m[38;5;3m +0ms[39m
[32m[Nest] 12092  - [39m02/22/2026, 5:51:57 PM [32m    LOG[39m [38;5;3m[RouterExplorer] [39m[32mMapped {/api/v1/notifications/unread-count, GET} route[39m[38;5;3m +0ms[39m
[32m[Nest] 12092  - [39m02/22/2026, 5:51:57 PM [32m    LOG[39m [38;5;3m[RouterExplorer] [39m[32mMapped {/api/v1/notifications, GET} route[39m[38;5;3m +0ms[39m
[32m[Nest] 12092  - [39m02/22/2026, 5:51:57 PM [32m    LOG[39m [38;5;3m[RouterExplorer] [39m[32mMapped {/api/v1/notifications/read-all, PATCH} route[39m[38;5;3m +0ms[39m
[32m[Nest] 12092  - [39m02/22/2026, 5:51:57 PM [32m    LOG[39m [38;5;3m[RouterExplorer] [39m[32mMapped {/api/v1/notifications/:id/read, PATCH} route[39m[38;5;3m +0ms[39m
[32m[Nest] 12092  - [39m02/22/2026, 5:51:57 PM [32m    LOG[39m [38;5;3m[RoutesResolver] [39m[32mPlatformController {/api/v1/platform}:[39m[38;5;3m +0ms[39m
[32m[Nest] 12092  - [39m02/22/2026, 5:51:57 PM [32m    LOG[39m [38;5;3m[RouterExplorer] [39m[32mMapped {/api/v1/platform/companies, POST} route[39m[38;5;3m +0ms[39m
[32m[Nest] 12092  - [39m02/22/2026, 5:51:57 PM [32m    LOG[39m [38;5;3m[RouterExplorer] [39m[32mMapped {/api/v1/platform/companies, GET} route[39m[38;5;3m +0ms[39m
[32m[Nest] 12092  - [39m02/22/2026, 5:51:57 PM [32m    LOG[39m [38;5;3m[RouterExplorer] [39m[32mMapped {/api/v1/platform/companies/:id, GET} route[39m[38;5;3m +0ms[39m
[32m[Nest] 12092  - [39m02/22/2026, 5:51:57 PM [32m    LOG[39m [38;5;3m[RouterExplorer] [39m[32mMapped {/api/v1/platform/companies/:id/metrics, GET} route[39m[38;5;3m +0ms[39m
[32m[Nest] 12092  - [39m02/22/2026, 5:51:57 PM [32m    LOG[39m [38;5;3m[RouterExplorer] [39m[32mMapped {/api/v1/platform/plans, POST} route[39m[38;5;3m +0ms[39m
[32m[Nest] 12092  - [39m02/22/2026, 5:51:57 PM [32m    LOG[39m [38;5;3m[RouterExplorer] [39m[32mMapped {/api/v1/platform/plans, GET} route[39m[38;5;3m +0ms[39m
[32m[Nest] 12092  - [39m02/22/2026, 5:51:57 PM [32m    LOG[39m [38;5;3m[RouterExplorer] [39m[32mMapped {/api/v1/platform/plans/:id, PATCH} route[39m[38;5;3m +0ms[39m
[32m[Nest] 12092  - [39m02/22/2026, 5:51:57 PM [32m    LOG[39m [38;5;3m[RouterExplorer] [39m[32mMapped {/api/v1/platform/subscriptions/activate, POST} route[39m[38;5;3m +0ms[39m
[32m[Nest] 12092  - [39m02/22/2026, 5:51:57 PM [32m    LOG[39m [38;5;3m[RouterExplorer] [39m[32mMapped {/api/v1/platform/subscriptions/suspend, POST} route[39m[38;5;3m +0ms[39m
[32m[Nest] 12092  - [39m02/22/2026, 5:51:57 PM [32m    LOG[39m [38;5;3m[RouterExplorer] [39m[32mMapped {/api/v1/platform/subscriptions/extend, POST} route[39m[38;5;3m +0ms[39m
[32m[Nest] 12092  - [39m02/22/2026, 5:51:57 PM [32m    LOG[39m [38;5;3m[RoutesResolver] [39m[32mUsersController {/api/v1/users}:[39m[38;5;3m +0ms[39m
[32m[Nest] 12092  - [39m02/22/2026, 5:51:57 PM [32m    LOG[39m [38;5;3m[RouterExplorer] [39m[32mMapped {/api/v1/users/staff, POST} route[39m[38;5;3m +0ms[39m
[32m[Nest] 12092  - [39m02/22/2026, 5:51:57 PM [32m    LOG[39m [38;5;3m[RouterExplorer] [39m[32mMapped {/api/v1/users/stats, GET} route[39m[38;5;3m +0ms[39m
[32m[Nest] 12092  - [39m02/22/2026, 5:51:57 PM [32m    LOG[39m [38;5;3m[RouterExplorer] [39m[32mMapped {/api/v1/users, GET} route[39m[38;5;3m +0ms[39m
[32m[Nest] 12092  - [39m02/22/2026, 5:51:57 PM [32m    LOG[39m [38;5;3m[RouterExplorer] [39m[32mMapped {/api/v1/users/:id, GET} route[39m[38;5;3m +0ms[39m
[32m[Nest] 12092  - [39m02/22/2026, 5:51:57 PM [32m    LOG[39m [38;5;3m[RouterExplorer] [39m[32mMapped {/api/v1/users/:id, PATCH} route[39m[38;5;3m +1ms[39m
[32m[Nest] 12092  - [39m02/22/2026, 5:51:57 PM [32m    LOG[39m [38;5;3m[RouterExplorer] [39m[32mMapped {/api/v1/users/:id/permissions, PATCH} route[39m[38;5;3m +0ms[39m
[32m[Nest] 12092  - [39m02/22/2026, 5:51:57 PM [32m    LOG[39m [38;5;3m[RouterExplorer] [39m[32mMapped {/api/v1/users/:id/disable, PATCH} route[39m[38;5;3m +0ms[39m
[32m[Nest] 12092  - [39m02/22/2026, 5:51:57 PM [32m    LOG[39m [38;5;3m[RouterExplorer] [39m[32mMapped {/api/v1/users/:id/enable, PATCH} route[39m[38;5;3m +0ms[39m
[32m[Nest] 12092  - [39m02/22/2026, 5:51:57 PM [32m    LOG[39m [38;5;3m[RoutesResolver] [39m[32mCustomersController {/api/v1/customers}:[39m[38;5;3m +0ms[39m
[32m[Nest] 12092  - [39m02/22/2026, 5:51:57 PM [32m    LOG[39m [38;5;3m[RouterExplorer] [39m[32mMapped {/api/v1/customers, POST} route[39m[38;5;3m +0ms[39m
[32m[Nest] 12092  - [39m02/22/2026, 5:51:57 PM [32m    LOG[39m [38;5;3m[RouterExplorer] [39m[32mMapped {/api/v1/customers, GET} route[39m[38;5;3m +0ms[39m
[32m[Nest] 12092  - [39m02/22/2026, 5:51:57 PM [32m    LOG[39m [38;5;3m[RouterExplorer] [39m[32mMapped {/api/v1/customers/:id, GET} route[39m[38;5;3m +0ms[39m
[32m[Nest] 12092  - [39m02/22/2026, 5:51:57 PM [32m    LOG[39m [38;5;3m[RouterExplorer] [39m[32mMapped {/api/v1/customers/:id, PATCH} route[39m[38;5;3m +0ms[39m
[32m[Nest] 12092  - [39m02/22/2026, 5:51:57 PM [32m    LOG[39m [38;5;3m[RouterExplorer] [39m[32mMapped {/api/v1/customers/:id, DELETE} route[39m[38;5;3m +0ms[39m
[32m[Nest] 12092  - [39m02/22/2026, 5:51:57 PM [32m    LOG[39m [38;5;3m[RoutesResolver] [39m[32mSuppliersController {/api/v1/suppliers}:[39m[38;5;3m +0ms[39m
[32m[Nest] 12092  - [39m02/22/2026, 5:51:57 PM [32m    LOG[39m [38;5;3m[RouterExplorer] [39m[32mMapped {/api/v1/suppliers, POST} route[39m[38;5;3m +0ms[39m
[32m[Nest] 12092  - [39m02/22/2026, 5:51:57 PM [32m    LOG[39m [38;5;3m[RouterExplorer] [39m[32mMapped {/api/v1/suppliers, GET} route[39m[38;5;3m +0ms[39m
[32m[Nest] 12092  - [39m02/22/2026, 5:51:57 PM [32m    LOG[39m [38;5;3m[RouterExplorer] [39m[32mMapped {/api/v1/suppliers/:id, GET} route[39m[38;5;3m +0ms[39m
[32m[Nest] 12092  - [39m02/22/2026, 5:51:57 PM [32m    LOG[39m [38;5;3m[RouterExplorer] [39m[32mMapped {/api/v1/suppliers/:id, PATCH} route[39m[38;5;3m +0ms[39m
[32m[Nest] 12092  - [39m02/22/2026, 5:51:57 PM [32m    LOG[39m [38;5;3m[RouterExplorer] [39m[32mMapped {/api/v1/suppliers/:id, DELETE} route[39m[38;5;3m +0ms[39m
[32m[Nest] 12092  - [39m02/22/2026, 5:51:57 PM [32m    LOG[39m [38;5;3m[RoutesResolver] [39m[32mEmployeesController {/api/v1/employees}:[39m[38;5;3m +0ms[39m
[32m[Nest] 12092  - [39m02/22/2026, 5:51:57 PM [32m    LOG[39m [38;5;3m[RouterExplorer] [39m[32mMapped {/api/v1/employees, POST} route[39m[38;5;3m +0ms[39m
[32m[Nest] 12092  - [39m02/22/2026, 5:51:57 PM [32m    LOG[39m [38;5;3m[RouterExplorer] [39m[32mMapped {/api/v1/employees, GET} route[39m[38;5;3m +0ms[39m
[32m[Nest] 12092  - [39m02/22/2026, 5:51:57 PM [32m    LOG[39m [38;5;3m[RouterExplorer] [39m[32mMapped {/api/v1/employees/:id, GET} route[39m[38;5;3m +0ms[39m
[32m[Nest] 12092  - [39m02/22/2026, 5:51:57 PM [32m    LOG[39m [38;5;3m[RouterExplorer] [39m[32mMapped {/api/v1/employees/:id, PATCH} route[39m[38;5;3m +0ms[39m
[32m[Nest] 12092  - [39m02/22/2026, 5:51:57 PM [32m    LOG[39m [38;5;3m[RouterExplorer] [39m[32mMapped {/api/v1/employees/:id, DELETE} route[39m[38;5;3m +0ms[39m
[32m[Nest] 12092  - [39m02/22/2026, 5:51:57 PM [32m    LOG[39m [38;5;3m[RoutesResolver] [39m[32mLedgerController {/api/v1/ledger}:[39m[38;5;3m +0ms[39m
[32m[Nest] 12092  - [39m02/22/2026, 5:51:57 PM [32m    LOG[39m [38;5;3m[RouterExplorer] [39m[32mMapped {/api/v1/ledger, POST} route[39m[38;5;3m +0ms[39m
[32m[Nest] 12092  - [39m02/22/2026, 5:51:57 PM [32m    LOG[39m [38;5;3m[RouterExplorer] [39m[32mMapped {/api/v1/ledger/:id, DELETE} route[39m[38;5;3m +1ms[39m
[32m[Nest] 12092  - [39m02/22/2026, 5:51:57 PM [32m    LOG[39m [38;5;3m[RouterExplorer] [39m[32mMapped {/api/v1/ledger/statement, GET} route[39m[38;5;3m +0ms[39m
[32m[Nest] 12092  - [39m02/22/2026, 5:51:57 PM [32m    LOG[39m [38;5;3m[PrismaService] [39m[32m✅ Connected to database[39m
[32m[Nest] 12092  - [39m02/22/2026, 5:51:57 PM [32m    LOG[39m [38;5;3m[PrismaService] [39m[32m✅ Connected to database[39m
[32m[Nest] 12092  - [39m02/22/2026, 5:51:57 PM [32m    LOG[39m [38;5;3m[NestApplication] [39m[32mNest application successfully started[39m[38;5;3m +0ms[39m
2026-02-22 17:51:57  [32MINFO[39M [Bootstrap] [32m🚀 Daftar API running on http://localhost:7000[39m
2026-02-22 17:51:57  [32MINFO[39M [Bootstrap] [32m📚 Swagger docs: http://localhost:7000/api/docs[39m
2026-02-22 17:51:57  [32MINFO[39M [Bootstrap] [32m🔗 API prefix: /api/v1[39m
2026-02-22 17:51:57  [32MINFO[39M [Bootstrap] [32m🌍 Environment: development[39m
[32m[Nest] 12092  - [39m02/22/2026, 5:51:57 PM [32m    LOG[39m [38;5;3m[CacheService] [39m[32m✅ Redis Connected[39m
[32m[Nest] 12092  - [39m02/22/2026, 5:51:57 PM [32m    LOG[39m [38;5;3m[CacheService] [39m[32m✅ Redis Cache Service Initialized[39m
[2J[3J[H[[90m5:53:39 PM[0m] File change detected. Starting incremental compilation...

[[90m5:53:45 PM[0m] Found 0 errors. Watching for file changes.

node:internal/modules/cjs/loader:1424
  throw err;
  ^

Error: Cannot find module 'D:\Web\full-projects\daftar-v1\dafter-api-v1\dist\main'
    at Module._resolveFilename (node:internal/modules/cjs/loader:1421:15)
    at defaultResolveImpl (node:internal/modules/cjs/loader:1059:19)
    at resolveForCJSWithHooks (node:internal/modules/cjs/loader:1064:22)
    at Module._load (node:internal/modules/cjs/loader:1227:37)
    at TracingChannel.traceSync (node:diagnostics_channel:328:14)
    at wrapModuleLoad (node:internal/modules/cjs/loader:245:24)
    at Module.executeUserEntryPoint [as runMain] (node:internal/modules/run_main:154:5)
    at node:internal/main/run_main_module:33:47 {
  code: 'MODULE_NOT_FOUND',
  requireStack: []
}

Node.js v24.12.0
[2J[3J[H[[90m6:39:22 PM[0m] File change detected. Starting incremental compilation...

[[90m6:39:24 PM[0m] Found 0 errors. Watching for file changes.

[32m[Nest] 14344  - [39m02/22/2026, 6:39:29 PM [32m    LOG[39m [38;5;3m[NestFactory] [39m[32mStarting Nest application...[39m
[32m[Nest] 14344  - [39m02/22/2026, 6:39:29 PM [32m    LOG[39m [38;5;3m[InstanceLoader] [39m[32mBullModule dependencies initialized[39m[38;5;3m +2ms[39m
[32m[Nest] 14344  - [39m02/22/2026, 6:39:29 PM [32m    LOG[39m [38;5;3m[InstanceLoader] [39m[32mDatabaseModule dependencies initialized[39m[38;5;3m +1ms[39m
[32m[Nest] 14344  - [39m02/22/2026, 6:39:29 PM [32m    LOG[39m [38;5;3m[InstanceLoader] [39m[32mPrismaModule dependencies initialized[39m[38;5;3m +0ms[39m
[32m[Nest] 14344  - [39m02/22/2026, 6:39:29 PM [32m    LOG[39m [38;5;3m[InstanceLoader] [39m[32mLoggerModule dependencies initialized[39m[38;5;3m +0ms[39m
[32m[Nest] 14344  - [39m02/22/2026, 6:39:29 PM [32m    LOG[39m [38;5;3m[InstanceLoader] [39m[32mTranslationModule dependencies initialized[39m[38;5;3m +0ms[39m
[32m[Nest] 14344  - [39m02/22/2026, 6:39:29 PM [32m    LOG[39m [38;5;3m[InstanceLoader] [39m[32mPassportModule dependencies initialized[39m[38;5;3m +0ms[39m
[32m[Nest] 14344  - [39m02/22/2026, 6:39:29 PM [32m    LOG[39m [38;5;3m[InstanceLoader] [39m[32mConfigHostModule dependencies initialized[39m[38;5;3m +0ms[39m
[32m[Nest] 14344  - [39m02/22/2026, 6:39:29 PM [32m    LOG[39m [38;5;3m[InstanceLoader] [39m[32mThrottlerModule dependencies initialized[39m[38;5;3m +0ms[39m
[32m[Nest] 14344  - [39m02/22/2026, 6:39:29 PM [32m    LOG[39m [38;5;3m[InstanceLoader] [39m[32mDiscoveryModule dependencies initialized[39m[38;5;3m +0ms[39m
[33m[Nest] 14344  - [39m02/22/2026, 6:39:29 PM [33m   WARN[39m [38;5;3m[WhatsAppService] [39m[33mTwilio credentials not configured — WhatsApp sending disabled[39m
[32m[Nest] 14344  - [39m02/22/2026, 6:39:29 PM [32m    LOG[39m [38;5;3m[InstanceLoader] [39m[32mGuardsModule dependencies initialized[39m[38;5;3m +0ms[39m
[32m[Nest] 14344  - [39m02/22/2026, 6:39:29 PM [32m    LOG[39m [38;5;3m[InstanceLoader] [39m[32mConfigModule dependencies initialized[39m[38;5;3m +0ms[39m
[32m[Nest] 14344  - [39m02/22/2026, 6:39:29 PM [32m    LOG[39m [38;5;3m[InstanceLoader] [39m[32mConfigModule dependencies initialized[39m[38;5;3m +0ms[39m
[32m[Nest] 14344  - [39m02/22/2026, 6:39:29 PM [32m    LOG[39m [38;5;3m[InstanceLoader] [39m[32mBullModule dependencies initialized[39m[38;5;3m +0ms[39m
[32m[Nest] 14344  - [39m02/22/2026, 6:39:29 PM [32m    LOG[39m [38;5;3m[InstanceLoader] [39m[32mCacheModule dependencies initialized[39m[38;5;3m +0ms[39m
[32m[Nest] 14344  - [39m02/22/2026, 6:39:29 PM [32m    LOG[39m [38;5;3m[InstanceLoader] [39m[32mJwtModule dependencies initialized[39m[38;5;3m +0ms[39m
[32m[Nest] 14344  - [39m02/22/2026, 6:39:29 PM [32m    LOG[39m [38;5;3m[InstanceLoader] [39m[32mBullModule dependencies initialized[39m[38;5;3m +0ms[39m
[32m[Nest] 14344  - [39m02/22/2026, 6:39:29 PM [32m    LOG[39m [38;5;3m[InstanceLoader] [39m[32mAppModule dependencies initialized[39m[38;5;3m +0ms[39m
[32m[Nest] 14344  - [39m02/22/2026, 6:39:29 PM [32m    LOG[39m [38;5;3m[InstanceLoader] [39m[32mPlatformModule dependencies initialized[39m[38;5;3m +0ms[39m
[32m[Nest] 14344  - [39m02/22/2026, 6:39:29 PM [32m    LOG[39m [38;5;3m[InstanceLoader] [39m[32mUsersModule dependencies initialized[39m[38;5;3m +0ms[39m
[32m[Nest] 14344  - [39m02/22/2026, 6:39:29 PM [32m    LOG[39m [38;5;3m[InstanceLoader] [39m[32mCustomersModule dependencies initialized[39m[38;5;3m +0ms[39m
[32m[Nest] 14344  - [39m02/22/2026, 6:39:29 PM [32m    LOG[39m [38;5;3m[InstanceLoader] [39m[32mSuppliersModule dependencies initialized[39m[38;5;3m +1ms[39m
[32m[Nest] 14344  - [39m02/22/2026, 6:39:29 PM [32m    LOG[39m [38;5;3m[InstanceLoader] [39m[32mEmployeesModule dependencies initialized[39m[38;5;3m +0ms[39m
[32m[Nest] 14344  - [39m02/22/2026, 6:39:29 PM [32m    LOG[39m [38;5;3m[InstanceLoader] [39m[32mNotificationsModule dependencies initialized[39m[38;5;3m +0ms[39m
[32m[Nest] 14344  - [39m02/22/2026, 6:39:29 PM [32m    LOG[39m [38;5;3m[InstanceLoader] [39m[32mLedgerModule dependencies initialized[39m[38;5;3m +0ms[39m
[32m[Nest] 14344  - [39m02/22/2026, 6:39:29 PM [32m    LOG[39m [38;5;3m[InstanceLoader] [39m[32mAuthModule dependencies initialized[39m[38;5;3m +0ms[39m
[32m[Nest] 14344  - [39m02/22/2026, 6:39:29 PM [32m    LOG[39m [38;5;3m[RoutesResolver] [39m[32mAppController {/api/v1}:[39m[38;5;3m +0ms[39m
[32m[Nest] 14344  - [39m02/22/2026, 6:39:29 PM [32m    LOG[39m [38;5;3m[RouterExplorer] [39m[32mMapped {/api/v1/health, GET} route[39m[38;5;3m +0ms[39m
[32m[Nest] 14344  - [39m02/22/2026, 6:39:29 PM [32m    LOG[39m [38;5;3m[RoutesResolver] [39m[32mAuthController {/api/v1/auth}:[39m[38;5;3m +0ms[39m
[32m[Nest] 14344  - [39m02/22/2026, 6:39:29 PM [32m    LOG[39m [38;5;3m[RouterExplorer] [39m[32mMapped {/api/v1/auth/register, POST} route[39m[38;5;3m +0ms[39m
[32m[Nest] 14344  - [39m02/22/2026, 6:39:29 PM [32m    LOG[39m [38;5;3m[RouterExplorer] [39m[32mMapped {/api/v1/auth/login, POST} route[39m[38;5;3m +0ms[39m
[32m[Nest] 14344  - [39m02/22/2026, 6:39:29 PM [32m    LOG[39m [38;5;3m[RouterExplorer] [39m[32mMapped {/api/v1/auth/refresh, POST} route[39m[38;5;3m +0ms[39m
[32m[Nest] 14344  - [39m02/22/2026, 6:39:29 PM [32m    LOG[39m [38;5;3m[RouterExplorer] [39m[32mMapped {/api/v1/auth/logout, POST} route[39m[38;5;3m +0ms[39m
[32m[Nest] 14344  - [39m02/22/2026, 6:39:29 PM [32m    LOG[39m [38;5;3m[RouterExplorer] [39m[32mMapped {/api/v1/auth/logout-all, POST} route[39m[38;5;3m +0ms[39m
[32m[Nest] 14344  - [39m02/22/2026, 6:39:29 PM [32m    LOG[39m [38;5;3m[RouterExplorer] [39m[32mMapped {/api/v1/auth/change-password, POST} route[39m[38;5;3m +0ms[39m
[32m[Nest] 14344  - [39m02/22/2026, 6:39:29 PM [32m    LOG[39m [38;5;3m[RouterExplorer] [39m[32mMapped {/api/v1/auth/me, GET} route[39m[38;5;3m +0ms[39m
[32m[Nest] 14344  - [39m02/22/2026, 6:39:29 PM [32m    LOG[39m [38;5;3m[RouterExplorer] [39m[32mMapped {/api/v1/auth/sessions, GET} route[39m[38;5;3m +0ms[39m
[32m[Nest] 14344  - [39m02/22/2026, 6:39:29 PM [32m    LOG[39m [38;5;3m[RouterExplorer] [39m[32mMapped {/api/v1/auth/forgot-password, POST} route[39m[38;5;3m +0ms[39m
[32m[Nest] 14344  - [39m02/22/2026, 6:39:29 PM [32m    LOG[39m [38;5;3m[RouterExplorer] [39m[32mMapped {/api/v1/auth/reset-password, POST} route[39m[38;5;3m +0ms[39m
[32m[Nest] 14344  - [39m02/22/2026, 6:39:29 PM [32m    LOG[39m [38;5;3m[RoutesResolver] [39m[32mNotificationsController {/api/v1/notifications}:[39m[38;5;3m +0ms[39m
[32m[Nest] 14344  - [39m02/22/2026, 6:39:29 PM [32m    LOG[39m [38;5;3m[RouterExplorer] [39m[32mMapped {/api/v1/notifications/device-token, POST} route[39m[38;5;3m +0ms[39m
[32m[Nest] 14344  - [39m02/22/2026, 6:39:29 PM [32m    LOG[39m [38;5;3m[RouterExplorer] [39m[32mMapped {/api/v1/notifications/device-token/:token, DELETE} route[39m[38;5;3m +1ms[39m
[32m[Nest] 14344  - [39m02/22/2026, 6:39:29 PM [32m    LOG[39m [38;5;3m[RouterExplorer] [39m[32mMapped {/api/v1/notifications/unread-count, GET} route[39m[38;5;3m +0ms[39m
[32m[Nest] 14344  - [39m02/22/2026, 6:39:29 PM [32m    LOG[39m [38;5;3m[RouterExplorer] [39m[32mMapped {/api/v1/notifications, GET} route[39m[38;5;3m +0ms[39m
[32m[Nest] 14344  - [39m02/22/2026, 6:39:29 PM [32m    LOG[39m [38;5;3m[RouterExplorer] [39m[32mMapped {/api/v1/notifications/read-all, PATCH} route[39m[38;5;3m +0ms[39m
[32m[Nest] 14344  - [39m02/22/2026, 6:39:29 PM [32m    LOG[39m [38;5;3m[RouterExplorer] [39m[32mMapped {/api/v1/notifications/:id/read, PATCH} route[39m[38;5;3m +0ms[39m
[32m[Nest] 14344  - [39m02/22/2026, 6:39:29 PM [32m    LOG[39m [38;5;3m[RoutesResolver] [39m[32mPlatformController {/api/v1/platform}:[39m[38;5;3m +0ms[39m
[32m[Nest] 14344  - [39m02/22/2026, 6:39:29 PM [32m    LOG[39m [38;5;3m[RouterExplorer] [39m[32mMapped {/api/v1/platform/companies, POST} route[39m[38;5;3m +0ms[39m
[32m[Nest] 14344  - [39m02/22/2026, 6:39:29 PM [32m    LOG[39m [38;5;3m[RouterExplorer] [39m[32mMapped {/api/v1/platform/companies, GET} route[39m[38;5;3m +0ms[39m
[32m[Nest] 14344  - [39m02/22/2026, 6:39:29 PM [32m    LOG[39m [38;5;3m[RouterExplorer] [39m[32mMapped {/api/v1/platform/companies/:id, GET} route[39m[38;5;3m +0ms[39m
[32m[Nest] 14344  - [39m02/22/2026, 6:39:29 PM [32m    LOG[39m [38;5;3m[RouterExplorer] [39m[32mMapped {/api/v1/platform/companies/:id/metrics, GET} route[39m[38;5;3m +0ms[39m
[32m[Nest] 14344  - [39m02/22/2026, 6:39:29 PM [32m    LOG[39m [38;5;3m[RouterExplorer] [39m[32mMapped {/api/v1/platform/plans, POST} route[39m[38;5;3m +0ms[39m
[32m[Nest] 14344  - [39m02/22/2026, 6:39:29 PM [32m    LOG[39m [38;5;3m[RouterExplorer] [39m[32mMapped {/api/v1/platform/plans, GET} route[39m[38;5;3m +0ms[39m
[32m[Nest] 14344  - [39m02/22/2026, 6:39:29 PM [32m    LOG[39m [38;5;3m[RouterExplorer] [39m[32mMapped {/api/v1/platform/plans/:id, PATCH} route[39m[38;5;3m +0ms[39m
[32m[Nest] 14344  - [39m02/22/2026, 6:39:29 PM [32m    LOG[39m [38;5;3m[RouterExplorer] [39m[32mMapped {/api/v1/platform/subscriptions/activate, POST} route[39m[38;5;3m +0ms[39m
[32m[Nest] 14344  - [39m02/22/2026, 6:39:29 PM [32m    LOG[39m [38;5;3m[RouterExplorer] [39m[32mMapped {/api/v1/platform/subscriptions/suspend, POST} route[39m[38;5;3m +0ms[39m
[32m[Nest] 14344  - [39m02/22/2026, 6:39:29 PM [32m    LOG[39m [38;5;3m[RouterExplorer] [39m[32mMapped {/api/v1/platform/subscriptions/extend, POST} route[39m[38;5;3m +0ms[39m
[32m[Nest] 14344  - [39m02/22/2026, 6:39:29 PM [32m    LOG[39m [38;5;3m[RoutesResolver] [39m[32mUsersController {/api/v1/users}:[39m[38;5;3m +0ms[39m
[32m[Nest] 14344  - [39m02/22/2026, 6:39:29 PM [32m    LOG[39m [38;5;3m[RouterExplorer] [39m[32mMapped {/api/v1/users/staff, POST} route[39m[38;5;3m +0ms[39m
[32m[Nest] 14344  - [39m02/22/2026, 6:39:29 PM [32m    LOG[39m [38;5;3m[RouterExplorer] [39m[32mMapped {/api/v1/users/stats, GET} route[39m[38;5;3m +0ms[39m
[32m[Nest] 14344  - [39m02/22/2026, 6:39:29 PM [32m    LOG[39m [38;5;3m[RouterExplorer] [39m[32mMapped {/api/v1/users, GET} route[39m[38;5;3m +0ms[39m
[32m[Nest] 14344  - [39m02/22/2026, 6:39:29 PM [32m    LOG[39m [38;5;3m[RouterExplorer] [39m[32mMapped {/api/v1/users/:id, GET} route[39m[38;5;3m +0ms[39m
[32m[Nest] 14344  - [39m02/22/2026, 6:39:29 PM [32m    LOG[39m [38;5;3m[RouterExplorer] [39m[32mMapped {/api/v1/users/:id, PATCH} route[39m[38;5;3m +0ms[39m
[32m[Nest] 14344  - [39m02/22/2026, 6:39:29 PM [32m    LOG[39m [38;5;3m[RouterExplorer] [39m[32mMapped {/api/v1/users/:id/permissions, PATCH} route[39m[38;5;3m +1ms[39m
[32m[Nest] 14344  - [39m02/22/2026, 6:39:29 PM [32m    LOG[39m [38;5;3m[RouterExplorer] [39m[32mMapped {/api/v1/users/:id/disable, PATCH} route[39m[38;5;3m +0ms[39m
[32m[Nest] 14344  - [39m02/22/2026, 6:39:29 PM [32m    LOG[39m [38;5;3m[RouterExplorer] [39m[32mMapped {/api/v1/users/:id/enable, PATCH} route[39m[38;5;3m +0ms[39m
[32m[Nest] 14344  - [39m02/22/2026, 6:39:29 PM [32m    LOG[39m [38;5;3m[RoutesResolver] [39m[32mCustomersController {/api/v1/customers}:[39m[38;5;3m +0ms[39m
[32m[Nest] 14344  - [39m02/22/2026, 6:39:29 PM [32m    LOG[39m [38;5;3m[RouterExplorer] [39m[32mMapped {/api/v1/customers, POST} route[39m[38;5;3m +0ms[39m
[32m[Nest] 14344  - [39m02/22/2026, 6:39:29 PM [32m    LOG[39m [38;5;3m[RouterExplorer] [39m[32mMapped {/api/v1/customers, GET} route[39m[38;5;3m +0ms[39m
[32m[Nest] 14344  - [39m02/22/2026, 6:39:29 PM [32m    LOG[39m [38;5;3m[RouterExplorer] [39m[32mMapped {/api/v1/customers/:id, GET} route[39m[38;5;3m +0ms[39m
[32m[Nest] 14344  - [39m02/22/2026, 6:39:29 PM [32m    LOG[39m [38;5;3m[RouterExplorer] [39m[32mMapped {/api/v1/customers/:id, PATCH} route[39m[38;5;3m +0ms[39m
[32m[Nest] 14344  - [39m02/22/2026, 6:39:29 PM [32m    LOG[39m [38;5;3m[RouterExplorer] [39m[32mMapped {/api/v1/customers/:id, DELETE} route[39m[38;5;3m +0ms[39m
[32m[Nest] 14344  - [39m02/22/2026, 6:39:29 PM [32m    LOG[39m [38;5;3m[RoutesResolver] [39m[32mSuppliersController {/api/v1/suppliers}:[39m[38;5;3m +0ms[39m
[32m[Nest] 14344  - [39m02/22/2026, 6:39:29 PM [32m    LOG[39m [38;5;3m[RouterExplorer] [39m[32mMapped {/api/v1/suppliers, POST} route[39m[38;5;3m +0ms[39m
[32m[Nest] 14344  - [39m02/22/2026, 6:39:29 PM [32m    LOG[39m [38;5;3m[RouterExplorer] [39m[32mMapped {/api/v1/suppliers, GET} route[39m[38;5;3m +0ms[39m
[32m[Nest] 14344  - [39m02/22/2026, 6:39:29 PM [32m    LOG[39m [38;5;3m[RouterExplorer] [39m[32mMapped {/api/v1/suppliers/:id, GET} route[39m[38;5;3m +0ms[39m
[32m[Nest] 14344  - [39m02/22/2026, 6:39:29 PM [32m    LOG[39m [38;5;3m[RouterExplorer] [39m[32mMapped {/api/v1/suppliers/:id, PATCH} route[39m[38;5;3m +0ms[39m
[32m[Nest] 14344  - [39m02/22/2026, 6:39:29 PM [32m    LOG[39m [38;5;3m[RouterExplorer] [39m[32mMapped {/api/v1/suppliers/:id, DELETE} route[39m[38;5;3m +0ms[39m
[32m[Nest] 14344  - [39m02/22/2026, 6:39:29 PM [32m    LOG[39m [38;5;3m[RoutesResolver] [39m[32mEmployeesController {/api/v1/employees}:[39m[38;5;3m +0ms[39m
[32m[Nest] 14344  - [39m02/22/2026, 6:39:29 PM [32m    LOG[39m [38;5;3m[RouterExplorer] [39m[32mMapped {/api/v1/employees, POST} route[39m[38;5;3m +0ms[39m
[32m[Nest] 14344  - [39m02/22/2026, 6:39:29 PM [32m    LOG[39m [38;5;3m[RouterExplorer] [39m[32mMapped {/api/v1/employees, GET} route[39m[38;5;3m +0ms[39m
[32m[Nest] 14344  - [39m02/22/2026, 6:39:29 PM [32m    LOG[39m [38;5;3m[RouterExplorer] [39m[32mMapped {/api/v1/employees/:id, GET} route[39m[38;5;3m +0ms[39m
[32m[Nest] 14344  - [39m02/22/2026, 6:39:29 PM [32m    LOG[39m [38;5;3m[RouterExplorer] [39m[32mMapped {/api/v1/employees/:id, PATCH} route[39m[38;5;3m +0ms[39m
[32m[Nest] 14344  - [39m02/22/2026, 6:39:29 PM [32m    LOG[39m [38;5;3m[RouterExplorer] [39m[32mMapped {/api/v1/employees/:id, DELETE} route[39m[38;5;3m +0ms[39m
[32m[Nest] 14344  - [39m02/22/2026, 6:39:29 PM [32m    LOG[39m [38;5;3m[RoutesResolver] [39m[32mLedgerController {/api/v1/ledger}:[39m[38;5;3m +0ms[39m
[32m[Nest] 14344  - [39m02/22/2026, 6:39:29 PM [32m    LOG[39m [38;5;3m[RouterExplorer] [39m[32mMapped {/api/v1/ledger, POST} route[39m[38;5;3m +0ms[39m
[32m[Nest] 14344  - [39m02/22/2026, 6:39:29 PM [32m    LOG[39m [38;5;3m[RouterExplorer] [39m[32mMapped {/api/v1/ledger/:id, DELETE} route[39m[38;5;3m +0ms[39m
[32m[Nest] 14344  - [39m02/22/2026, 6:39:29 PM [32m    LOG[39m [38;5;3m[RouterExplorer] [39m[32mMapped {/api/v1/ledger/statement, GET} route[39m[38;5;3m +0ms[39m
[32m[Nest] 14344  - [39m02/22/2026, 6:39:29 PM [32m    LOG[39m [38;5;3m[PrismaService] [39m[32m✅ Connected to database[39m
[32m[Nest] 14344  - [39m02/22/2026, 6:39:29 PM [32m    LOG[39m [38;5;3m[PrismaService] [39m[32m✅ Connected to database[39m
[32m[Nest] 14344  - [39m02/22/2026, 6:39:29 PM [32m    LOG[39m [38;5;3m[NestApplication] [39m[32mNest application successfully started[39m[38;5;3m +0ms[39m
2026-02-22 18:39:29  [32MINFO[39M [Bootstrap] [32m🚀 Daftar API running on http://localhost:7000[39m
2026-02-22 18:39:29  [32MINFO[39M [Bootstrap] [32m📚 Swagger docs: http://localhost:7000/api/docs[39m
2026-02-22 18:39:29  [32MINFO[39M [Bootstrap] [32m🔗 API prefix: /api/v1[39m
2026-02-22 18:39:29  [32MINFO[39M [Bootstrap] [32m🌍 Environment: development[39m
[32m[Nest] 14344  - [39m02/22/2026, 6:39:29 PM [32m    LOG[39m [38;5;3m[CacheService] [39m[32m✅ Redis Connected[39m
[32m[Nest] 14344  - [39m02/22/2026, 6:39:29 PM [32m    LOG[39m [38;5;3m[CacheService] [39m[32m✅ Redis Cache Service Initialized[39m
[2J[3J[H[[90m6:43:50 PM[0m] File change detected. Starting incremental compilation...

[2J[3J[H[[90m6:56:20 PM[0m] File change detected. Starting incremental compilation...

[[90m6:56:21 PM[0m] Found 0 errors. Watching for file changes.

[2J[3J[H[[90m6:56:21 PM[0m] File change detected. Starting incremental compilation...

[[90m6:56:23 PM[0m] Found 0 errors. Watching for file changes.

[2J[3J[H[[90m6:56:23 PM[0m] File change detected. Starting incremental compilation...

[[90m6:56:24 PM[0m] Found 0 errors. Watching for file changes.

[2J[3J[H[[90m6:56:25 PM[0m] File change detected. Starting incremental compilation...

[[90m6:56:26 PM[0m] Found 0 errors. Watching for file changes.

[2J[3J[H[[90m6:56:27 PM[0m] File change detected. Starting incremental compilation...

[[90m6:56:28 PM[0m] Found 0 errors. Watching for file changes.

[2J[3J[H[[90m6:56:29 PM[0m] File change detected. Starting incremental compilation...

[[90m6:56:29 PM[0m] Found 0 errors. Watching for file changes.

[2J[3J[H[[90m6:56:32 PM[0m] File change detected. Starting incremental compilation...

2026-02-22 18:56:32  [31MERROR[39M  [31munhandledRejection: listen EADDRINUSE: address already in use :::7000[39m
[31mError: listen EADDRINUSE: address already in use :::7000[39m
[31m    at Server.setupListenHandle [as _listen2] (node:net:1940:16)[39m
[31m    at listenInCluster (node:net:1997:12)[39m
[31m    at Server.listen (node:net:2102:7)[39m
[31m    at ExpressAdapter.listen (D:\Web\full-projects\daftar-v1\dafter-api-v1\node_modules\@nestjs\platform-express\adapters\express-adapter.js:127:32)[39m
[31m    at D:\Web\full-projects\daftar-v1\dafter-api-v1\node_modules\@nestjs\core\nest-application.js:188:30[39m
[31m    at new Promise (<anonymous>)[39m
[31m    at NestApplication.listen (D:\Web\full-projects\daftar-v1\dafter-api-v1\node_modules\@nestjs\core\nest-application.js:178:16)[39m
[31m    at async bootstrap (D:\Web\full-projects\daftar-v1\dafter-api-v1\src\main.ts:88:3)[39m | {"error":{"code":"EADDRINUSE","errno":-4091,"syscall":"listen","address":"::","port":7000},"stack":"Error: listen EADDRINUSE: address already in use :::7000\n    at Server.setupListenHandle [as _listen2] (node:net:1940:16)\n    at listenInCluster (node:net:1997:12)\n    at Server.listen (node:net:2102:7)\n    at ExpressAdapter.listen (D:\\Web\\full-projects\\daftar-v1\\dafter-api-v1\\node_modules\\@nestjs\\platform-express\\adapters\\express-adapter.js:127:32)\n    at D:\\Web\\full-projects\\daftar-v1\\dafter-api-v1\\node_modules\\@nestjs\\core\\nest-application.js:188:30\n    at new Promise (<anonymous>)\n    at NestApplication.listen (D:\\Web\\full-projects\\daftar-v1\\dafter-api-v1\\node_modules\\@nestjs\\core\\nest-application.js:178:16)\n    at async bootstrap (D:\\Web\\full-projects\\daftar-v1\\dafter-api-v1\\src\\main.ts:88:3)","rejection":true,"date":"Sun Feb 22 2026 18:56:32 GMT+0200 (Eastern European Standard Time)","process":{"pid":21400,"uid":null,"gid":null,"cwd":"D:\\Web\\full-projects\\daftar-v1\\dafter-api-v1","execPath":"C:\\Program Files\\nodejs\\node.exe","version":"v24.12.0","argv":["C:\\Program Files\\nodejs\\node.exe","D:\\Web\\full-projects\\daftar-v1\\dafter-api-v1\\dist\\src\\main"],"memoryUsage":{"rss":212238336,"heapTotal":127340544,"heapUsed":89338776,"external":9518342,"arrayBuffers":3773161}},"os":{"loadavg":[0,0,0],"uptime":359915.812},"trace":[{"column":16,"file":"node:net","function":"Server.setupListenHandle [as _listen2]","line":1940,"method":"setupListenHandle [as _listen2]","native":false},{"column":12,"file":"node:net","function":"listenInCluster","line":1997,"method":null,"native":false},{"column":7,"file":"node:net","function":"Server.listen","line":2102,"method":"listen","native":false},{"column":32,"file":"D:\\Web\\full-projects\\daftar-v1\\dafter-api-v1\\node_modules\\@nestjs\\platform-express\\adapters\\express-adapter.js","function":"ExpressAdapter.listen","line":127,"method":"listen","native":false},{"column":30,"file":"D:\\Web\\full-projects\\daftar-v1\\dafter-api-v1\\node_modules\\@nestjs\\core\\nest-application.js","function":null,"line":188,"method":null,"native":false},{"column":null,"file":null,"function":"new Promise","line":null,"method":null,"native":false},{"column":16,"file":"D:\\Web\\full-projects\\daftar-v1\\dafter-api-v1\\node_modules\\@nestjs\\core\\nest-application.js","function":"NestApplication.listen","line":178,"method":"listen","native":false},{"column":3,"file":"D:\\Web\\full-projects\\daftar-v1\\dafter-api-v1\\src\\main.ts","function":"async bootstrap","line":88,"method":null,"native":false}]}
[[90m6:56:33 PM[0m] Found 0 errors. Watching for file changes.

[32m[Nest] 10660  - [39m02/22/2026, 6:56:36 PM [32m    LOG[39m [38;5;3m[NestFactory] [39m[32mStarting Nest application...[39m
[32m[Nest] 10660  - [39m02/22/2026, 6:56:36 PM [32m    LOG[39m [38;5;3m[InstanceLoader] [39m[32mBullModule dependencies initialized[39m[38;5;3m +1ms[39m
[32m[Nest] 10660  - [39m02/22/2026, 6:56:36 PM [32m    LOG[39m [38;5;3m[InstanceLoader] [39m[32mDatabaseModule dependencies initialized[39m[38;5;3m +0ms[39m
[32m[Nest] 10660  - [39m02/22/2026, 6:56:36 PM [32m    LOG[39m [38;5;3m[InstanceLoader] [39m[32mPrismaModule dependencies initialized[39m[38;5;3m +1ms[39m
[32m[Nest] 10660  - [39m02/22/2026, 6:56:36 PM [32m    LOG[39m [38;5;3m[InstanceLoader] [39m[32mLoggerModule dependencies initialized[39m[38;5;3m +0ms[39m
[32m[Nest] 10660  - [39m02/22/2026, 6:56:36 PM [32m    LOG[39m [38;5;3m[InstanceLoader] [39m[32mTranslationModule dependencies initialized[39m[38;5;3m +0ms[39m
[32m[Nest] 10660  - [39m02/22/2026, 6:56:36 PM [32m    LOG[39m [38;5;3m[InstanceLoader] [39m[32mPassportModule dependencies initialized[39m[38;5;3m +0ms[39m
[32m[Nest] 10660  - [39m02/22/2026, 6:56:36 PM [32m    LOG[39m [38;5;3m[InstanceLoader] [39m[32mConfigHostModule dependencies initialized[39m[38;5;3m +0ms[39m
[32m[Nest] 10660  - [39m02/22/2026, 6:56:36 PM [32m    LOG[39m [38;5;3m[InstanceLoader] [39m[32mThrottlerModule dependencies initialized[39m[38;5;3m +0ms[39m
[32m[Nest] 10660  - [39m02/22/2026, 6:56:36 PM [32m    LOG[39m [38;5;3m[InstanceLoader] [39m[32mDiscoveryModule dependencies initialized[39m[38;5;3m +0ms[39m
[33m[Nest] 10660  - [39m02/22/2026, 6:56:36 PM [33m   WARN[39m [38;5;3m[WhatsAppService] [39m[33mTwilio credentials not configured — WhatsApp sending disabled[39m
[32m[Nest] 10660  - [39m02/22/2026, 6:56:36 PM [32m    LOG[39m [38;5;3m[InstanceLoader] [39m[32mGuardsModule dependencies initialized[39m[38;5;3m +0ms[39m
[32m[Nest] 10660  - [39m02/22/2026, 6:56:36 PM [32m    LOG[39m [38;5;3m[InstanceLoader] [39m[32mConfigModule dependencies initialized[39m[38;5;3m +0ms[39m
[32m[Nest] 10660  - [39m02/22/2026, 6:56:36 PM [32m    LOG[39m [38;5;3m[InstanceLoader] [39m[32mConfigModule dependencies initialized[39m[38;5;3m +0ms[39m
[32m[Nest] 10660  - [39m02/22/2026, 6:56:36 PM [32m    LOG[39m [38;5;3m[InstanceLoader] [39m[32mBullModule dependencies initialized[39m[38;5;3m +0ms[39m
[32m[Nest] 10660  - [39m02/22/2026, 6:56:36 PM [32m    LOG[39m [38;5;3m[InstanceLoader] [39m[32mCacheModule dependencies initialized[39m[38;5;3m +0ms[39m
[32m[Nest] 10660  - [39m02/22/2026, 6:56:36 PM [32m    LOG[39m [38;5;3m[InstanceLoader] [39m[32mJwtModule dependencies initialized[39m[38;5;3m +0ms[39m
[32m[Nest] 10660  - [39m02/22/2026, 6:56:36 PM [32m    LOG[39m [38;5;3m[InstanceLoader] [39m[32mBullModule dependencies initialized[39m[38;5;3m +0ms[39m
[32m[Nest] 10660  - [39m02/22/2026, 6:56:36 PM [32m    LOG[39m [38;5;3m[InstanceLoader] [39m[32mAppModule dependencies initialized[39m[38;5;3m +0ms[39m
[32m[Nest] 10660  - [39m02/22/2026, 6:56:36 PM [32m    LOG[39m [38;5;3m[InstanceLoader] [39m[32mPlatformModule dependencies initialized[39m[38;5;3m +0ms[39m
[32m[Nest] 10660  - [39m02/22/2026, 6:56:36 PM [32m    LOG[39m [38;5;3m[InstanceLoader] [39m[32mUsersModule dependencies initialized[39m[38;5;3m +1ms[39m
[32m[Nest] 10660  - [39m02/22/2026, 6:56:36 PM [32m    LOG[39m [38;5;3m[InstanceLoader] [39m[32mCustomersModule dependencies initialized[39m[38;5;3m +0ms[39m
[32m[Nest] 10660  - [39m02/22/2026, 6:56:36 PM [32m    LOG[39m [38;5;3m[InstanceLoader] [39m[32mSuppliersModule dependencies initialized[39m[38;5;3m +0ms[39m
[32m[Nest] 10660  - [39m02/22/2026, 6:56:36 PM [32m    LOG[39m [38;5;3m[InstanceLoader] [39m[32mEmployeesModule dependencies initialized[39m[38;5;3m +0ms[39m
[32m[Nest] 10660  - [39m02/22/2026, 6:56:36 PM [32m    LOG[39m [38;5;3m[InstanceLoader] [39m[32mNotificationsModule dependencies initialized[39m[38;5;3m +0ms[39m
[32m[Nest] 10660  - [39m02/22/2026, 6:56:36 PM [32m    LOG[39m [38;5;3m[InstanceLoader] [39m[32mLedgerModule dependencies initialized[39m[38;5;3m +0ms[39m
[32m[Nest] 10660  - [39m02/22/2026, 6:56:36 PM [32m    LOG[39m [38;5;3m[InstanceLoader] [39m[32mAuthModule dependencies initialized[39m[38;5;3m +0ms[39m
[32m[Nest] 10660  - [39m02/22/2026, 6:56:36 PM [32m    LOG[39m [38;5;3m[RoutesResolver] [39m[32mAppController {/api/v1}:[39m[38;5;3m +0ms[39m
[32m[Nest] 10660  - [39m02/22/2026, 6:56:36 PM [32m    LOG[39m [38;5;3m[RouterExplorer] [39m[32mMapped {/api/v1/health, GET} route[39m[38;5;3m +0ms[39m
[32m[Nest] 10660  - [39m02/22/2026, 6:56:36 PM [32m    LOG[39m [38;5;3m[RoutesResolver] [39m[32mAuthController {/api/v1/auth}:[39m[38;5;3m +0ms[39m
[32m[Nest] 10660  - [39m02/22/2026, 6:56:36 PM [32m    LOG[39m [38;5;3m[RouterExplorer] [39m[32mMapped {/api/v1/auth/register, POST} route[39m[38;5;3m +0ms[39m
[32m[Nest] 10660  - [39m02/22/2026, 6:56:36 PM [32m    LOG[39m [38;5;3m[RouterExplorer] [39m[32mMapped {/api/v1/auth/login, POST} route[39m[38;5;3m +0ms[39m
[32m[Nest] 10660  - [39m02/22/2026, 6:56:36 PM [32m    LOG[39m [38;5;3m[RouterExplorer] [39m[32mMapped {/api/v1/auth/refresh, POST} route[39m[38;5;3m +0ms[39m
[32m[Nest] 10660  - [39m02/22/2026, 6:56:36 PM [32m    LOG[39m [38;5;3m[RouterExplorer] [39m[32mMapped {/api/v1/auth/logout, POST} route[39m[38;5;3m +0ms[39m
[32m[Nest] 10660  - [39m02/22/2026, 6:56:36 PM [32m    LOG[39m [38;5;3m[RouterExplorer] [39m[32mMapped {/api/v1/auth/logout-all, POST} route[39m[38;5;3m +0ms[39m
[32m[Nest] 10660  - [39m02/22/2026, 6:56:36 PM [32m    LOG[39m [38;5;3m[RouterExplorer] [39m[32mMapped {/api/v1/auth/change-password, POST} route[39m[38;5;3m +0ms[39m
[32m[Nest] 10660  - [39m02/22/2026, 6:56:36 PM [32m    LOG[39m [38;5;3m[RouterExplorer] [39m[32mMapped {/api/v1/auth/me, GET} route[39m[38;5;3m +0ms[39m
[32m[Nest] 10660  - [39m02/22/2026, 6:56:36 PM [32m    LOG[39m [38;5;3m[RouterExplorer] [39m[32mMapped {/api/v1/auth/sessions, GET} route[39m[38;5;3m +0ms[39m
[32m[Nest] 10660  - [39m02/22/2026, 6:56:36 PM [32m    LOG[39m [38;5;3m[RouterExplorer] [39m[32mMapped {/api/v1/auth/forgot-password, POST} route[39m[38;5;3m +0ms[39m
[32m[Nest] 10660  - [39m02/22/2026, 6:56:36 PM [32m    LOG[39m [38;5;3m[RouterExplorer] [39m[32mMapped {/api/v1/auth/reset-password, POST} route[39m[38;5;3m +0ms[39m
[32m[Nest] 10660  - [39m02/22/2026, 6:56:36 PM [32m    LOG[39m [38;5;3m[RoutesResolver] [39m[32mNotificationsController {/api/v1/notifications}:[39m[38;5;3m +0ms[39m
[32m[Nest] 10660  - [39m02/22/2026, 6:56:36 PM [32m    LOG[39m [38;5;3m[RouterExplorer] [39m[32mMapped {/api/v1/notifications/device-token, POST} route[39m[38;5;3m +0ms[39m
[32m[Nest] 10660  - [39m02/22/2026, 6:56:36 PM [32m    LOG[39m [38;5;3m[RouterExplorer] [39m[32mMapped {/api/v1/notifications/device-token/:token, DELETE} route[39m[38;5;3m +0ms[39m
[32m[Nest] 10660  - [39m02/22/2026, 6:56:36 PM [32m    LOG[39m [38;5;3m[RouterExplorer] [39m[32mMapped {/api/v1/notifications/unread-count, GET} route[39m[38;5;3m +0ms[39m
[32m[Nest] 10660  - [39m02/22/2026, 6:56:36 PM [32m    LOG[39m [38;5;3m[RouterExplorer] [39m[32mMapped {/api/v1/notifications, GET} route[39m[38;5;3m +0ms[39m
[32m[Nest] 10660  - [39m02/22/2026, 6:56:36 PM [32m    LOG[39m [38;5;3m[RouterExplorer] [39m[32mMapped {/api/v1/notifications/read-all, PATCH} route[39m[38;5;3m +0ms[39m
[32m[Nest] 10660  - [39m02/22/2026, 6:56:36 PM [32m    LOG[39m [38;5;3m[RouterExplorer] [39m[32mMapped {/api/v1/notifications/:id/read, PATCH} route[39m[38;5;3m +1ms[39m
[32m[Nest] 10660  - [39m02/22/2026, 6:56:36 PM [32m    LOG[39m [38;5;3m[RoutesResolver] [39m[32mPlatformController {/api/v1/platform}:[39m[38;5;3m +0ms[39m
[32m[Nest] 10660  - [39m02/22/2026, 6:56:36 PM [32m    LOG[39m [38;5;3m[RouterExplorer] [39m[32mMapped {/api/v1/platform/companies, POST} route[39m[38;5;3m +0ms[39m
[32m[Nest] 10660  - [39m02/22/2026, 6:56:36 PM [32m    LOG[39m [38;5;3m[RouterExplorer] [39m[32mMapped {/api/v1/platform/companies, GET} route[39m[38;5;3m +0ms[39m
[32m[Nest] 10660  - [39m02/22/2026, 6:56:36 PM [32m    LOG[39m [38;5;3m[RouterExplorer] [39m[32mMapped {/api/v1/platform/companies/:id, GET} route[39m[38;5;3m +0ms[39m
[32m[Nest] 10660  - [39m02/22/2026, 6:56:36 PM [32m    LOG[39m [38;5;3m[RouterExplorer] [39m[32mMapped {/api/v1/platform/companies/:id/metrics, GET} route[39m[38;5;3m +0ms[39m
[32m[Nest] 10660  - [39m02/22/2026, 6:56:36 PM [32m    LOG[39m [38;5;3m[RouterExplorer] [39m[32mMapped {/api/v1/platform/plans, POST} route[39m[38;5;3m +0ms[39m
[32m[Nest] 10660  - [39m02/22/2026, 6:56:36 PM [32m    LOG[39m [38;5;3m[RouterExplorer] [39m[32mMapped {/api/v1/platform/plans, GET} route[39m[38;5;3m +0ms[39m
[32m[Nest] 10660  - [39m02/22/2026, 6:56:36 PM [32m    LOG[39m [38;5;3m[RouterExplorer] [39m[32mMapped {/api/v1/platform/plans/:id, PATCH} route[39m[38;5;3m +0ms[39m
[32m[Nest] 10660  - [39m02/22/2026, 6:56:36 PM [32m    LOG[39m [38;5;3m[RouterExplorer] [39m[32mMapped {/api/v1/platform/subscriptions/activate, POST} route[39m[38;5;3m +0ms[39m
[32m[Nest] 10660  - [39m02/22/2026, 6:56:36 PM [32m    LOG[39m [38;5;3m[RouterExplorer] [39m[32mMapped {/api/v1/platform/subscriptions/suspend, POST} route[39m[38;5;3m +0ms[39m
[32m[Nest] 10660  - [39m02/22/2026, 6:56:36 PM [32m    LOG[39m [38;5;3m[RouterExplorer] [39m[32mMapped {/api/v1/platform/subscriptions/extend, POST} route[39m[38;5;3m +0ms[39m
[32m[Nest] 10660  - [39m02/22/2026, 6:56:36 PM [32m    LOG[39m [38;5;3m[RoutesResolver] [39m[32mUsersController {/api/v1/users}:[39m[38;5;3m +0ms[39m
[32m[Nest] 10660  - [39m02/22/2026, 6:56:36 PM [32m    LOG[39m [38;5;3m[RouterExplorer] [39m[32mMapped {/api/v1/users/staff, POST} route[39m[38;5;3m +0ms[39m
[32m[Nest] 10660  - [39m02/22/2026, 6:56:36 PM [32m    LOG[39m [38;5;3m[RouterExplorer] [39m[32mMapped {/api/v1/users/stats, GET} route[39m[38;5;3m +0ms[39m
[32m[Nest] 10660  - [39m02/22/2026, 6:56:36 PM [32m    LOG[39m [38;5;3m[RouterExplorer] [39m[32mMapped {/api/v1/users, GET} route[39m[38;5;3m +0ms[39m
[32m[Nest] 10660  - [39m02/22/2026, 6:56:36 PM [32m    LOG[39m [38;5;3m[RouterExplorer] [39m[32mMapped {/api/v1/users/:id, GET} route[39m[38;5;3m +0ms[39m
[32m[Nest] 10660  - [39m02/22/2026, 6:56:36 PM [32m    LOG[39m [38;5;3m[RouterExplorer] [39m[32mMapped {/api/v1/users/:id, PATCH} route[39m[38;5;3m +0ms[39m
[32m[Nest] 10660  - [39m02/22/2026, 6:56:36 PM [32m    LOG[39m [38;5;3m[RouterExplorer] [39m[32mMapped {/api/v1/users/:id/permissions, PATCH} route[39m[38;5;3m +0ms[39m
[32m[Nest] 10660  - [39m02/22/2026, 6:56:36 PM [32m    LOG[39m [38;5;3m[RouterExplorer] [39m[32mMapped {/api/v1/users/:id/disable, PATCH} route[39m[38;5;3m +0ms[39m
[32m[Nest] 10660  - [39m02/22/2026, 6:56:36 PM [32m    LOG[39m [38;5;3m[RouterExplorer] [39m[32mMapped {/api/v1/users/:id/enable, PATCH} route[39m[38;5;3m +0ms[39m
[32m[Nest] 10660  - [39m02/22/2026, 6:56:36 PM [32m    LOG[39m [38;5;3m[RoutesResolver] [39m[32mCustomersController {/api/v1/customers}:[39m[38;5;3m +0ms[39m
[32m[Nest] 10660  - [39m02/22/2026, 6:56:36 PM [32m    LOG[39m [38;5;3m[RouterExplorer] [39m[32mMapped {/api/v1/customers, POST} route[39m[38;5;3m +0ms[39m
[32m[Nest] 10660  - [39m02/22/2026, 6:56:36 PM [32m    LOG[39m [38;5;3m[RouterExplorer] [39m[32mMapped {/api/v1/customers, GET} route[39m[38;5;3m +0ms[39m
[32m[Nest] 10660  - [39m02/22/2026, 6:56:36 PM [32m    LOG[39m [38;5;3m[RouterExplorer] [39m[32mMapped {/api/v1/customers/:id, GET} route[39m[38;5;3m +0ms[39m
[32m[Nest] 10660  - [39m02/22/2026, 6:56:36 PM [32m    LOG[39m [38;5;3m[RouterExplorer] [39m[32mMapped {/api/v1/customers/:id, PATCH} route[39m[38;5;3m +0ms[39m
[32m[Nest] 10660  - [39m02/22/2026, 6:56:36 PM [32m    LOG[39m [38;5;3m[RouterExplorer] [39m[32mMapped {/api/v1/customers/:id, DELETE} route[39m[38;5;3m +0ms[39m
[32m[Nest] 10660  - [39m02/22/2026, 6:56:36 PM [32m    LOG[39m [38;5;3m[RoutesResolver] [39m[32mSuppliersController {/api/v1/suppliers}:[39m[38;5;3m +0ms[39m
[32m[Nest] 10660  - [39m02/22/2026, 6:56:36 PM [32m    LOG[39m [38;5;3m[RouterExplorer] [39m[32mMapped {/api/v1/suppliers, POST} route[39m[38;5;3m +1ms[39m
[32m[Nest] 10660  - [39m02/22/2026, 6:56:36 PM [32m    LOG[39m [38;5;3m[RouterExplorer] [39m[32mMapped {/api/v1/suppliers, GET} route[39m[38;5;3m +0ms[39m
[32m[Nest] 10660  - [39m02/22/2026, 6:56:36 PM [32m    LOG[39m [38;5;3m[RouterExplorer] [39m[32mMapped {/api/v1/suppliers/:id, GET} route[39m[38;5;3m +0ms[39m
[32m[Nest] 10660  - [39m02/22/2026, 6:56:36 PM [32m    LOG[39m [38;5;3m[RouterExplorer] [39m[32mMapped {/api/v1/suppliers/:id, PATCH} route[39m[38;5;3m +0ms[39m
[32m[Nest] 10660  - [39m02/22/2026, 6:56:36 PM [32m    LOG[39m [38;5;3m[RouterExplorer] [39m[32mMapped {/api/v1/suppliers/:id, DELETE} route[39m[38;5;3m +0ms[39m
[32m[Nest] 10660  - [39m02/22/2026, 6:56:36 PM [32m    LOG[39m [38;5;3m[RoutesResolver] [39m[32mEmployeesController {/api/v1/employees}:[39m[38;5;3m +0ms[39m
[32m[Nest] 10660  - [39m02/22/2026, 6:56:36 PM [32m    LOG[39m [38;5;3m[RouterExplorer] [39m[32mMapped {/api/v1/employees, POST} route[39m[38;5;3m +0ms[39m
[32m[Nest] 10660  - [39m02/22/2026, 6:56:36 PM [32m    LOG[39m [38;5;3m[RouterExplorer] [39m[32mMapped {/api/v1/employees, GET} route[39m[38;5;3m +0ms[39m
[32m[Nest] 10660  - [39m02/22/2026, 6:56:36 PM [32m    LOG[39m [38;5;3m[RouterExplorer] [39m[32mMapped {/api/v1/employees/:id, GET} route[39m[38;5;3m +0ms[39m
[32m[Nest] 10660  - [39m02/22/2026, 6:56:36 PM [32m    LOG[39m [38;5;3m[RouterExplorer] [39m[32mMapped {/api/v1/employees/:id, PATCH} route[39m[38;5;3m +0ms[39m
[32m[Nest] 10660  - [39m02/22/2026, 6:56:36 PM [32m    LOG[39m [38;5;3m[RouterExplorer] [39m[32mMapped {/api/v1/employees/:id, DELETE} route[39m[38;5;3m +0ms[39m
[32m[Nest] 10660  - [39m02/22/2026, 6:56:36 PM [32m    LOG[39m [38;5;3m[RoutesResolver] [39m[32mLedgerController {/api/v1/ledger}:[39m[38;5;3m +0ms[39m
[32m[Nest] 10660  - [39m02/22/2026, 6:56:36 PM [32m    LOG[39m [38;5;3m[RouterExplorer] [39m[32mMapped {/api/v1/ledger, POST} route[39m[38;5;3m +0ms[39m
[32m[Nest] 10660  - [39m02/22/2026, 6:56:36 PM [32m    LOG[39m [38;5;3m[RouterExplorer] [39m[32mMapped {/api/v1/ledger/:id, DELETE} route[39m[38;5;3m +0ms[39m
[32m[Nest] 10660  - [39m02/22/2026, 6:56:36 PM [32m    LOG[39m [38;5;3m[RouterExplorer] [39m[32mMapped {/api/v1/ledger/statement, GET} route[39m[38;5;3m +0ms[39m
[32m[Nest] 10660  - [39m02/22/2026, 6:56:36 PM [32m    LOG[39m [38;5;3m[PrismaService] [39m[32m✅ Connected to database[39m
[32m[Nest] 10660  - [39m02/22/2026, 6:56:36 PM [32m    LOG[39m [38;5;3m[PrismaService] [39m[32m✅ Connected to database[39m
[32m[Nest] 10660  - [39m02/22/2026, 6:56:36 PM [32m    LOG[39m [38;5;3m[NestApplication] [39m[32mNest application successfully started[39m[38;5;3m +1ms[39m
2026-02-22 18:56:36  [32MINFO[39M [Bootstrap] [32m🚀 Daftar API running on http://localhost:7000[39m
2026-02-22 18:56:36  [32MINFO[39M [Bootstrap] [32m📚 Swagger docs: http://localhost:7000/api/docs[39m
2026-02-22 18:56:36  [32MINFO[39M [Bootstrap] [32m🔗 API prefix: /api/v1[39m
2026-02-22 18:56:36  [32MINFO[39M [Bootstrap] [32m🌍 Environment: development[39m
[32m[Nest] 10660  - [39m02/22/2026, 6:56:36 PM [32m    LOG[39m [38;5;3m[CacheService] [39m[32m✅ Redis Connected[39m
[32m[Nest] 10660  - [39m02/22/2026, 6:56:36 PM [32m    LOG[39m [38;5;3m[CacheService] [39m[32m✅ Redis Cache Service Initialized[39m
[2J[3J[H[[90m7:01:40 PM[0m] File change detected. Starting incremental compilation...

[[90m7:01:40 PM[0m] Found 0 errors. Watching for file changes.

2026-02-22 19:01:44  [31MERROR[39M  [31munhandledRejection: listen EADDRINUSE: address already in use :::7000[39m
[31mError: listen EADDRINUSE: address already in use :::7000[39m
[31m    at Server.setupListenHandle [as _listen2] (node:net:1940:16)[39m
[31m    at listenInCluster (node:net:1997:12)[39m
[31m    at Server.listen (node:net:2102:7)[39m
[31m    at ExpressAdapter.listen (D:\Web\full-projects\daftar-v1\dafter-api-v1\node_modules\@nestjs\platform-express\adapters\express-adapter.js:127:32)[39m
[31m    at D:\Web\full-projects\daftar-v1\dafter-api-v1\node_modules\@nestjs\core\nest-application.js:188:30[39m
[31m    at new Promise (<anonymous>)[39m
[31m    at NestApplication.listen (D:\Web\full-projects\daftar-v1\dafter-api-v1\node_modules\@nestjs\core\nest-application.js:178:16)[39m
[31m    at async bootstrap (D:\Web\full-projects\daftar-v1\dafter-api-v1\src\main.ts:88:3)[39m | {"error":{"code":"EADDRINUSE","errno":-4091,"syscall":"listen","address":"::","port":7000},"stack":"Error: listen EADDRINUSE: address already in use :::7000\n    at Server.setupListenHandle [as _listen2] (node:net:1940:16)\n    at listenInCluster (node:net:1997:12)\n    at Server.listen (node:net:2102:7)\n    at ExpressAdapter.listen (D:\\Web\\full-projects\\daftar-v1\\dafter-api-v1\\node_modules\\@nestjs\\platform-express\\adapters\\express-adapter.js:127:32)\n    at D:\\Web\\full-projects\\daftar-v1\\dafter-api-v1\\node_modules\\@nestjs\\core\\nest-application.js:188:30\n    at new Promise (<anonymous>)\n    at NestApplication.listen (D:\\Web\\full-projects\\daftar-v1\\dafter-api-v1\\node_modules\\@nestjs\\core\\nest-application.js:178:16)\n    at async bootstrap (D:\\Web\\full-projects\\daftar-v1\\dafter-api-v1\\src\\main.ts:88:3)","rejection":true,"date":"Sun Feb 22 2026 19:01:44 GMT+0200 (Eastern European Standard Time)","process":{"pid":28248,"uid":null,"gid":null,"cwd":"D:\\Web\\full-projects\\daftar-v1\\dafter-api-v1","execPath":"C:\\Program Files\\nodejs\\node.exe","version":"v24.12.0","argv":["C:\\Program Files\\nodejs\\node.exe","D:\\Web\\full-projects\\daftar-v1\\dafter-api-v1\\dist\\src\\main"],"memoryUsage":{"rss":223338496,"heapTotal":130748416,"heapUsed":84557064,"external":9464486,"arrayBuffers":3719305}},"os":{"loadavg":[0,0,0],"uptime":360227.718},"trace":[{"column":16,"file":"node:net","function":"Server.setupListenHandle [as _listen2]","line":1940,"method":"setupListenHandle [as _listen2]","native":false},{"column":12,"file":"node:net","function":"listenInCluster","line":1997,"method":null,"native":false},{"column":7,"file":"node:net","function":"Server.listen","line":2102,"method":"listen","native":false},{"column":32,"file":"D:\\Web\\full-projects\\daftar-v1\\dafter-api-v1\\node_modules\\@nestjs\\platform-express\\adapters\\express-adapter.js","function":"ExpressAdapter.listen","line":127,"method":"listen","native":false},{"column":30,"file":"D:\\Web\\full-projects\\daftar-v1\\dafter-api-v1\\node_modules\\@nestjs\\core\\nest-application.js","function":null,"line":188,"method":null,"native":false},{"column":null,"file":null,"function":"new Promise","line":null,"method":null,"native":false},{"column":16,"file":"D:\\Web\\full-projects\\daftar-v1\\dafter-api-v1\\node_modules\\@nestjs\\core\\nest-application.js","function":"NestApplication.listen","line":178,"method":"listen","native":false},{"column":3,"file":"D:\\Web\\full-projects\\daftar-v1\\dafter-api-v1\\src\\main.ts","function":"async bootstrap","line":88,"method":null,"native":false}]}
[2J[3J[H[[90m8:50:28 PM[0m] File change detected. Starting incremental compilation...

[[90m8:50:29 PM[0m] Found 0 errors. Watching for file changes.

[2J[3J[H[[90m8:50:30 PM[0m] File change detected. Starting incremental compilation...

[[90m8:50:31 PM[0m] Found 0 errors. Watching for file changes.

[2J[3J[H[[90m8:50:32 PM[0m] File change detected. Starting incremental compilation...

[[90m8:50:33 PM[0m] Found 0 errors. Watching for file changes.

[2J[3J[H[[90m8:50:33 PM[0m] File change detected. Starting incremental compilation...

[[90m8:50:34 PM[0m] Found 0 errors. Watching for file changes.

[2J[3J[H[[90m8:50:36 PM[0m] File change detected. Starting incremental compilation...

[[90m8:50:36 PM[0m] Found 0 errors. Watching for file changes.

[2J[3J[H[[90m8:50:37 PM[0m] File change detected. Starting incremental compilation...

[[90m8:50:37 PM[0m] Found 0 errors. Watching for file changes.

[32m[Nest] 22036  - [39m02/22/2026, 8:50:39 PM [32m    LOG[39m [38;5;3m[NestFactory] [39m[32mStarting Nest application...[39m
[32m[Nest] 22036  - [39m02/22/2026, 8:50:39 PM [32m    LOG[39m [38;5;3m[InstanceLoader] [39m[32mBullModule dependencies initialized[39m[38;5;3m +1ms[39m
[32m[Nest] 22036  - [39m02/22/2026, 8:50:39 PM [32m    LOG[39m [38;5;3m[InstanceLoader] [39m[32mDatabaseModule dependencies initialized[39m[38;5;3m +0ms[39m
[32m[Nest] 22036  - [39m02/22/2026, 8:50:39 PM [32m    LOG[39m [38;5;3m[InstanceLoader] [39m[32mPrismaModule dependencies initialized[39m[38;5;3m +0ms[39m
[32m[Nest] 22036  - [39m02/22/2026, 8:50:39 PM [32m    LOG[39m [38;5;3m[InstanceLoader] [39m[32mLoggerModule dependencies initialized[39m[38;5;3m +0ms[39m
[32m[Nest] 22036  - [39m02/22/2026, 8:50:39 PM [32m    LOG[39m [38;5;3m[InstanceLoader] [39m[32mTranslationModule dependencies initialized[39m[38;5;3m +0ms[39m
[32m[Nest] 22036  - [39m02/22/2026, 8:50:39 PM [32m    LOG[39m [38;5;3m[InstanceLoader] [39m[32mPassportModule dependencies initialized[39m[38;5;3m +0ms[39m
[32m[Nest] 22036  - [39m02/22/2026, 8:50:39 PM [32m    LOG[39m [38;5;3m[InstanceLoader] [39m[32mConfigHostModule dependencies initialized[39m[38;5;3m +0ms[39m
[32m[Nest] 22036  - [39m02/22/2026, 8:50:39 PM [32m    LOG[39m [38;5;3m[InstanceLoader] [39m[32mThrottlerModule dependencies initialized[39m[38;5;3m +0ms[39m
[32m[Nest] 22036  - [39m02/22/2026, 8:50:39 PM [32m    LOG[39m [38;5;3m[InstanceLoader] [39m[32mDiscoveryModule dependencies initialized[39m[38;5;3m +0ms[39m
[33m[Nest] 22036  - [39m02/22/2026, 8:50:39 PM [33m   WARN[39m [38;5;3m[WhatsAppService] [39m[33mTwilio credentials not configured — WhatsApp sending disabled[39m
[32m[Nest] 22036  - [39m02/22/2026, 8:50:39 PM [32m    LOG[39m [38;5;3m[InstanceLoader] [39m[32mGuardsModule dependencies initialized[39m[38;5;3m +0ms[39m
[32m[Nest] 22036  - [39m02/22/2026, 8:50:39 PM [32m    LOG[39m [38;5;3m[InstanceLoader] [39m[32mConfigModule dependencies initialized[39m[38;5;3m +0ms[39m
[32m[Nest] 22036  - [39m02/22/2026, 8:50:39 PM [32m    LOG[39m [38;5;3m[InstanceLoader] [39m[32mConfigModule dependencies initialized[39m[38;5;3m +0ms[39m
[32m[Nest] 22036  - [39m02/22/2026, 8:50:39 PM [32m    LOG[39m [38;5;3m[InstanceLoader] [39m[32mBullModule dependencies initialized[39m[38;5;3m +0ms[39m
[32m[Nest] 22036  - [39m02/22/2026, 8:50:39 PM [32m    LOG[39m [38;5;3m[InstanceLoader] [39m[32mCacheModule dependencies initialized[39m[38;5;3m +0ms[39m
[32m[Nest] 22036  - [39m02/22/2026, 8:50:39 PM [32m    LOG[39m [38;5;3m[InstanceLoader] [39m[32mJwtModule dependencies initialized[39m[38;5;3m +0ms[39m
[32m[Nest] 22036  - [39m02/22/2026, 8:50:39 PM [32m    LOG[39m [38;5;3m[InstanceLoader] [39m[32mBullModule dependencies initialized[39m[38;5;3m +0ms[39m
[32m[Nest] 22036  - [39m02/22/2026, 8:50:39 PM [32m    LOG[39m [38;5;3m[InstanceLoader] [39m[32mAppModule dependencies initialized[39m[38;5;3m +0ms[39m
[32m[Nest] 22036  - [39m02/22/2026, 8:50:39 PM [32m    LOG[39m [38;5;3m[InstanceLoader] [39m[32mPlatformModule dependencies initialized[39m[38;5;3m +0ms[39m
[32m[Nest] 22036  - [39m02/22/2026, 8:50:39 PM [32m    LOG[39m [38;5;3m[InstanceLoader] [39m[32mUsersModule dependencies initialized[39m[38;5;3m +0ms[39m
[32m[Nest] 22036  - [39m02/22/2026, 8:50:39 PM [32m    LOG[39m [38;5;3m[InstanceLoader] [39m[32mCustomersModule dependencies initialized[39m[38;5;3m +0ms[39m
[32m[Nest] 22036  - [39m02/22/2026, 8:50:39 PM [32m    LOG[39m [38;5;3m[InstanceLoader] [39m[32mSuppliersModule dependencies initialized[39m[38;5;3m +0ms[39m
[32m[Nest] 22036  - [39m02/22/2026, 8:50:39 PM [32m    LOG[39m [38;5;3m[InstanceLoader] [39m[32mEmployeesModule dependencies initialized[39m[38;5;3m +0ms[39m
[32m[Nest] 22036  - [39m02/22/2026, 8:50:39 PM [32m    LOG[39m [38;5;3m[InstanceLoader] [39m[32mNotificationsModule dependencies initialized[39m[38;5;3m +0ms[39m
[32m[Nest] 22036  - [39m02/22/2026, 8:50:39 PM [32m    LOG[39m [38;5;3m[InstanceLoader] [39m[32mLedgerModule dependencies initialized[39m[38;5;3m +0ms[39m
[32m[Nest] 22036  - [39m02/22/2026, 8:50:39 PM [32m    LOG[39m [38;5;3m[InstanceLoader] [39m[32mAuthModule dependencies initialized[39m[38;5;3m +0ms[39m
[32m[Nest] 22036  - [39m02/22/2026, 8:50:39 PM [32m    LOG[39m [38;5;3m[RoutesResolver] [39m[32mAppController {/api/v1}:[39m[38;5;3m +0ms[39m
[32m[Nest] 22036  - [39m02/22/2026, 8:50:39 PM [32m    LOG[39m [38;5;3m[RouterExplorer] [39m[32mMapped {/api/v1/health, GET} route[39m[38;5;3m +0ms[39m
[32m[Nest] 22036  - [39m02/22/2026, 8:50:39 PM [32m    LOG[39m [38;5;3m[RoutesResolver] [39m[32mAuthController {/api/v1/auth}:[39m[38;5;3m +0ms[39m
[32m[Nest] 22036  - [39m02/22/2026, 8:50:39 PM [32m    LOG[39m [38;5;3m[RouterExplorer] [39m[32mMapped {/api/v1/auth/register, POST} route[39m[38;5;3m +0ms[39m
[32m[Nest] 22036  - [39m02/22/2026, 8:50:39 PM [32m    LOG[39m [38;5;3m[RouterExplorer] [39m[32mMapped {/api/v1/auth/login, POST} route[39m[38;5;3m +0ms[39m
[32m[Nest] 22036  - [39m02/22/2026, 8:50:39 PM [32m    LOG[39m [38;5;3m[RouterExplorer] [39m[32mMapped {/api/v1/auth/refresh, POST} route[39m[38;5;3m +0ms[39m
[32m[Nest] 22036  - [39m02/22/2026, 8:50:39 PM [32m    LOG[39m [38;5;3m[RouterExplorer] [39m[32mMapped {/api/v1/auth/logout, POST} route[39m[38;5;3m +0ms[39m
[32m[Nest] 22036  - [39m02/22/2026, 8:50:39 PM [32m    LOG[39m [38;5;3m[RouterExplorer] [39m[32mMapped {/api/v1/auth/logout-all, POST} route[39m[38;5;3m +0ms[39m
[32m[Nest] 22036  - [39m02/22/2026, 8:50:39 PM [32m    LOG[39m [38;5;3m[RouterExplorer] [39m[32mMapped {/api/v1/auth/change-password, POST} route[39m[38;5;3m +0ms[39m
[32m[Nest] 22036  - [39m02/22/2026, 8:50:39 PM [32m    LOG[39m [38;5;3m[RouterExplorer] [39m[32mMapped {/api/v1/auth/me, GET} route[39m[38;5;3m +0ms[39m
[32m[Nest] 22036  - [39m02/22/2026, 8:50:39 PM [32m    LOG[39m [38;5;3m[RouterExplorer] [39m[32mMapped {/api/v1/auth/sessions, GET} route[39m[38;5;3m +0ms[39m
[32m[Nest] 22036  - [39m02/22/2026, 8:50:39 PM [32m    LOG[39m [38;5;3m[RouterExplorer] [39m[32mMapped {/api/v1/auth/forgot-password, POST} route[39m[38;5;3m +1ms[39m
[32m[Nest] 22036  - [39m02/22/2026, 8:50:39 PM [32m    LOG[39m [38;5;3m[RouterExplorer] [39m[32mMapped {/api/v1/auth/reset-password, POST} route[39m[38;5;3m +0ms[39m
[32m[Nest] 22036  - [39m02/22/2026, 8:50:39 PM [32m    LOG[39m [38;5;3m[RoutesResolver] [39m[32mNotificationsController {/api/v1/notifications}:[39m[38;5;3m +0ms[39m
[32m[Nest] 22036  - [39m02/22/2026, 8:50:39 PM [32m    LOG[39m [38;5;3m[RouterExplorer] [39m[32mMapped {/api/v1/notifications/device-token, POST} route[39m[38;5;3m +0ms[39m
[32m[Nest] 22036  - [39m02/22/2026, 8:50:39 PM [32m    LOG[39m [38;5;3m[RouterExplorer] [39m[32mMapped {/api/v1/notifications/device-token/:token, DELETE} route[39m[38;5;3m +0ms[39m
[32m[Nest] 22036  - [39m02/22/2026, 8:50:39 PM [32m    LOG[39m [38;5;3m[RouterExplorer] [39m[32mMapped {/api/v1/notifications/unread-count, GET} route[39m[38;5;3m +0ms[39m
[32m[Nest] 22036  - [39m02/22/2026, 8:50:39 PM [32m    LOG[39m [38;5;3m[RouterExplorer] [39m[32mMapped {/api/v1/notifications, GET} route[39m[38;5;3m +0ms[39m
[32m[Nest] 22036  - [39m02/22/2026, 8:50:39 PM [32m    LOG[39m [38;5;3m[RouterExplorer] [39m[32mMapped {/api/v1/notifications/read-all, PATCH} route[39m[38;5;3m +0ms[39m
[32m[Nest] 22036  - [39m02/22/2026, 8:50:39 PM [32m    LOG[39m [38;5;3m[RouterExplorer] [39m[32mMapped {/api/v1/notifications/:id/read, PATCH} route[39m[38;5;3m +0ms[39m
[32m[Nest] 22036  - [39m02/22/2026, 8:50:39 PM [32m    LOG[39m [38;5;3m[RoutesResolver] [39m[32mPlatformController {/api/v1/platform}:[39m[38;5;3m +0ms[39m
[32m[Nest] 22036  - [39m02/22/2026, 8:50:39 PM [32m    LOG[39m [38;5;3m[RouterExplorer] [39m[32mMapped {/api/v1/platform/companies, POST} route[39m[38;5;3m +0ms[39m
[32m[Nest] 22036  - [39m02/22/2026, 8:50:39 PM [32m    LOG[39m [38;5;3m[RouterExplorer] [39m[32mMapped {/api/v1/platform/companies, GET} route[39m[38;5;3m +0ms[39m
[32m[Nest] 22036  - [39m02/22/2026, 8:50:39 PM [32m    LOG[39m [38;5;3m[RouterExplorer] [39m[32mMapped {/api/v1/platform/companies/:id, GET} route[39m[38;5;3m +0ms[39m
[32m[Nest] 22036  - [39m02/22/2026, 8:50:39 PM [32m    LOG[39m [38;5;3m[RouterExplorer] [39m[32mMapped {/api/v1/platform/companies/:id/metrics, GET} route[39m[38;5;3m +0ms[39m
[32m[Nest] 22036  - [39m02/22/2026, 8:50:39 PM [32m    LOG[39m [38;5;3m[RouterExplorer] [39m[32mMapped {/api/v1/platform/plans, POST} route[39m[38;5;3m +0ms[39m
[32m[Nest] 22036  - [39m02/22/2026, 8:50:39 PM [32m    LOG[39m [38;5;3m[RouterExplorer] [39m[32mMapped {/api/v1/platform/plans, GET} route[39m[38;5;3m +0ms[39m
[32m[Nest] 22036  - [39m02/22/2026, 8:50:39 PM [32m    LOG[39m [38;5;3m[RouterExplorer] [39m[32mMapped {/api/v1/platform/plans/:id, PATCH} route[39m[38;5;3m +0ms[39m
[32m[Nest] 22036  - [39m02/22/2026, 8:50:39 PM [32m    LOG[39m [38;5;3m[RouterExplorer] [39m[32mMapped {/api/v1/platform/subscriptions/activate, POST} route[39m[38;5;3m +0ms[39m
[32m[Nest] 22036  - [39m02/22/2026, 8:50:39 PM [32m    LOG[39m [38;5;3m[RouterExplorer] [39m[32mMapped {/api/v1/platform/subscriptions/suspend, POST} route[39m[38;5;3m +0ms[39m
[32m[Nest] 22036  - [39m02/22/2026, 8:50:39 PM [32m    LOG[39m [38;5;3m[RouterExplorer] [39m[32mMapped {/api/v1/platform/subscriptions/extend, POST} route[39m[38;5;3m +0ms[39m
[32m[Nest] 22036  - [39m02/22/2026, 8:50:39 PM [32m    LOG[39m [38;5;3m[RoutesResolver] [39m[32mUsersController {/api/v1/users}:[39m[38;5;3m +0ms[39m
[32m[Nest] 22036  - [39m02/22/2026, 8:50:39 PM [32m    LOG[39m [38;5;3m[RouterExplorer] [39m[32mMapped {/api/v1/users/staff, POST} route[39m[38;5;3m +0ms[39m
[32m[Nest] 22036  - [39m02/22/2026, 8:50:39 PM [32m    LOG[39m [38;5;3m[RouterExplorer] [39m[32mMapped {/api/v1/users/stats, GET} route[39m[38;5;3m +0ms[39m
[32m[Nest] 22036  - [39m02/22/2026, 8:50:39 PM [32m    LOG[39m [38;5;3m[RouterExplorer] [39m[32mMapped {/api/v1/users, GET} route[39m[38;5;3m +0ms[39m
[32m[Nest] 22036  - [39m02/22/2026, 8:50:39 PM [32m    LOG[39m [38;5;3m[RouterExplorer] [39m[32mMapped {/api/v1/users/:id, GET} route[39m[38;5;3m +0ms[39m
[32m[Nest] 22036  - [39m02/22/2026, 8:50:39 PM [32m    LOG[39m [38;5;3m[RouterExplorer] [39m[32mMapped {/api/v1/users/:id, PATCH} route[39m[38;5;3m +0ms[39m
[32m[Nest] 22036  - [39m02/22/2026, 8:50:39 PM [32m    LOG[39m [38;5;3m[RouterExplorer] [39m[32mMapped {/api/v1/users/:id/permissions, PATCH} route[39m[38;5;3m +0ms[39m
[32m[Nest] 22036  - [39m02/22/2026, 8:50:39 PM [32m    LOG[39m [38;5;3m[RouterExplorer] [39m[32mMapped {/api/v1/users/:id/disable, PATCH} route[39m[38;5;3m +0ms[39m
[32m[Nest] 22036  - [39m02/22/2026, 8:50:39 PM [32m    LOG[39m [38;5;3m[RouterExplorer] [39m[32mMapped {/api/v1/users/:id/enable, PATCH} route[39m[38;5;3m +0ms[39m
[32m[Nest] 22036  - [39m02/22/2026, 8:50:39 PM [32m    LOG[39m [38;5;3m[RoutesResolver] [39m[32mCustomersController {/api/v1/customers}:[39m[38;5;3m +0ms[39m
[32m[Nest] 22036  - [39m02/22/2026, 8:50:39 PM [32m    LOG[39m [38;5;3m[RouterExplorer] [39m[32mMapped {/api/v1/customers, POST} route[39m[38;5;3m +0ms[39m
[32m[Nest] 22036  - [39m02/22/2026, 8:50:39 PM [32m    LOG[39m [38;5;3m[RouterExplorer] [39m[32mMapped {/api/v1/customers, GET} route[39m[38;5;3m +0ms[39m
[32m[Nest] 22036  - [39m02/22/2026, 8:50:39 PM [32m    LOG[39m [38;5;3m[RouterExplorer] [39m[32mMapped {/api/v1/customers/:id, GET} route[39m[38;5;3m +0ms[39m
[32m[Nest] 22036  - [39m02/22/2026, 8:50:39 PM [32m    LOG[39m [38;5;3m[RouterExplorer] [39m[32mMapped {/api/v1/customers/:id, PATCH} route[39m[38;5;3m +0ms[39m
[32m[Nest] 22036  - [39m02/22/2026, 8:50:39 PM [32m    LOG[39m [38;5;3m[RouterExplorer] [39m[32mMapped {/api/v1/customers/:id, DELETE} route[39m[38;5;3m +0ms[39m
[32m[Nest] 22036  - [39m02/22/2026, 8:50:39 PM [32m    LOG[39m [38;5;3m[RoutesResolver] [39m[32mSuppliersController {/api/v1/suppliers}:[39m[38;5;3m +0ms[39m
[32m[Nest] 22036  - [39m02/22/2026, 8:50:39 PM [32m    LOG[39m [38;5;3m[RouterExplorer] [39m[32mMapped {/api/v1/suppliers, POST} route[39m[38;5;3m +0ms[39m
[32m[Nest] 22036  - [39m02/22/2026, 8:50:39 PM [32m    LOG[39m [38;5;3m[RouterExplorer] [39m[32mMapped {/api/v1/suppliers, GET} route[39m[38;5;3m +0ms[39m
[32m[Nest] 22036  - [39m02/22/2026, 8:50:39 PM [32m    LOG[39m [38;5;3m[RouterExplorer] [39m[32mMapped {/api/v1/suppliers/:id, GET} route[39m[38;5;3m +0ms[39m
[32m[Nest] 22036  - [39m02/22/2026, 8:50:39 PM [32m    LOG[39m [38;5;3m[RouterExplorer] [39m[32mMapped {/api/v1/suppliers/:id, PATCH} route[39m[38;5;3m +0ms[39m
[32m[Nest] 22036  - [39m02/22/2026, 8:50:39 PM [32m    LOG[39m [38;5;3m[RouterExplorer] [39m[32mMapped {/api/v1/suppliers/:id, DELETE} route[39m[38;5;3m +0ms[39m
[32m[Nest] 22036  - [39m02/22/2026, 8:50:39 PM [32m    LOG[39m [38;5;3m[RoutesResolver] [39m[32mEmployeesController {/api/v1/employees}:[39m[38;5;3m +0ms[39m
[32m[Nest] 22036  - [39m02/22/2026, 8:50:39 PM [32m    LOG[39m [38;5;3m[RouterExplorer] [39m[32mMapped {/api/v1/employees, POST} route[39m[38;5;3m +0ms[39m
[32m[Nest] 22036  - [39m02/22/2026, 8:50:39 PM [32m    LOG[39m [38;5;3m[RouterExplorer] [39m[32mMapped {/api/v1/employees, GET} route[39m[38;5;3m +0ms[39m
[32m[Nest] 22036  - [39m02/22/2026, 8:50:39 PM [32m    LOG[39m [38;5;3m[RouterExplorer] [39m[32mMapped {/api/v1/employees/:id, GET} route[39m[38;5;3m +0ms[39m
[32m[Nest] 22036  - [39m02/22/2026, 8:50:39 PM [32m    LOG[39m [38;5;3m[RouterExplorer] [39m[32mMapped {/api/v1/employees/:id, PATCH} route[39m[38;5;3m +0ms[39m
[32m[Nest] 22036  - [39m02/22/2026, 8:50:39 PM [32m    LOG[39m [38;5;3m[RouterExplorer] [39m[32mMapped {/api/v1/employees/:id, DELETE} route[39m[38;5;3m +0ms[39m
[32m[Nest] 22036  - [39m02/22/2026, 8:50:39 PM [32m    LOG[39m [38;5;3m[RoutesResolver] [39m[32mLedgerController {/api/v1/ledger}:[39m[38;5;3m +0ms[39m
[32m[Nest] 22036  - [39m02/22/2026, 8:50:39 PM [32m    LOG[39m [38;5;3m[RouterExplorer] [39m[32mMapped {/api/v1/ledger, POST} route[39m[38;5;3m +0ms[39m
[32m[Nest] 22036  - [39m02/22/2026, 8:50:39 PM [32m    LOG[39m [38;5;3m[RouterExplorer] [39m[32mMapped {/api/v1/ledger/:id, DELETE} route[39m[38;5;3m +0ms[39m
[32m[Nest] 22036  - [39m02/22/2026, 8:50:39 PM [32m    LOG[39m [38;5;3m[RouterExplorer] [39m[32mMapped {/api/v1/ledger/statement, GET} route[39m[38;5;3m +0ms[39m
[32m[Nest] 22036  - [39m02/22/2026, 8:50:39 PM [32m    LOG[39m [38;5;3m[PrismaService] [39m[32m✅ Connected to database[39m
[32m[Nest] 22036  - [39m02/22/2026, 8:50:39 PM [32m    LOG[39m [38;5;3m[PrismaService] [39m[32m✅ Connected to database[39m
[32m[Nest] 22036  - [39m02/22/2026, 8:50:39 PM [32m    LOG[39m [38;5;3m[NestApplication] [39m[32mNest application successfully started[39m[38;5;3m +0ms[39m
2026-02-22 20:50:39  [32MINFO[39M [Bootstrap] [32m🚀 Daftar API running on http://localhost:7000[39m
2026-02-22 20:50:39  [32MINFO[39M [Bootstrap] [32m📚 Swagger docs: http://localhost:7000/api/docs[39m
2026-02-22 20:50:39  [32MINFO[39M [Bootstrap] [32m🔗 API prefix: /api/v1[39m
2026-02-22 20:50:39  [32MINFO[39M [Bootstrap] [32m🌍 Environment: development[39m
[32m[Nest] 22036  - [39m02/22/2026, 8:50:40 PM [32m    LOG[39m [38;5;3m[CacheService] [39m[32m✅ Redis Connected[39m
[32m[Nest] 22036  - [39m02/22/2026, 8:50:40 PM [32m    LOG[39m [38;5;3m[CacheService] [39m[32m✅ Redis Cache Service Initialized[39m
[2J[3J[H[[90m8:50:40 PM[0m] File change detected. Starting incremental compilation...

[[90m8:50:40 PM[0m] Found 0 errors. Watching for file changes.

[32m[Nest] 28484  - [39m02/22/2026, 8:50:43 PM [32m    LOG[39m [38;5;3m[NestFactory] [39m[32mStarting Nest application...[39m
[32m[Nest] 28484  - [39m02/22/2026, 8:50:43 PM [32m    LOG[39m [38;5;3m[InstanceLoader] [39m[32mBullModule dependencies initialized[39m[38;5;3m +0ms[39m
[32m[Nest] 28484  - [39m02/22/2026, 8:50:43 PM [32m    LOG[39m [38;5;3m[InstanceLoader] [39m[32mDatabaseModule dependencies initialized[39m[38;5;3m +0ms[39m
[32m[Nest] 28484  - [39m02/22/2026, 8:50:43 PM [32m    LOG[39m [38;5;3m[InstanceLoader] [39m[32mPrismaModule dependencies initialized[39m[38;5;3m +0ms[39m
[32m[Nest] 28484  - [39m02/22/2026, 8:50:43 PM [32m    LOG[39m [38;5;3m[InstanceLoader] [39m[32mLoggerModule dependencies initialized[39m[38;5;3m +0ms[39m
[32m[Nest] 28484  - [39m02/22/2026, 8:50:43 PM [32m    LOG[39m [38;5;3m[InstanceLoader] [39m[32mTranslationModule dependencies initialized[39m[38;5;3m +0ms[39m
[32m[Nest] 28484  - [39m02/22/2026, 8:50:43 PM [32m    LOG[39m [38;5;3m[InstanceLoader] [39m[32mPassportModule dependencies initialized[39m[38;5;3m +0ms[39m
[32m[Nest] 28484  - [39m02/22/2026, 8:50:43 PM [32m    LOG[39m [38;5;3m[InstanceLoader] [39m[32mConfigHostModule dependencies initialized[39m[38;5;3m +0ms[39m
[32m[Nest] 28484  - [39m02/22/2026, 8:50:43 PM [32m    LOG[39m [38;5;3m[InstanceLoader] [39m[32mThrottlerModule dependencies initialized[39m[38;5;3m +0ms[39m
[32m[Nest] 28484  - [39m02/22/2026, 8:50:43 PM [32m    LOG[39m [38;5;3m[InstanceLoader] [39m[32mDiscoveryModule dependencies initialized[39m[38;5;3m +0ms[39m
[33m[Nest] 28484  - [39m02/22/2026, 8:50:43 PM [33m   WARN[39m [38;5;3m[WhatsAppService] [39m[33mTwilio credentials not configured — WhatsApp sending disabled[39m
[32m[Nest] 28484  - [39m02/22/2026, 8:50:43 PM [32m    LOG[39m [38;5;3m[InstanceLoader] [39m[32mGuardsModule dependencies initialized[39m[38;5;3m +0ms[39m
[32m[Nest] 28484  - [39m02/22/2026, 8:50:43 PM [32m    LOG[39m [38;5;3m[InstanceLoader] [39m[32mConfigModule dependencies initialized[39m[38;5;3m +0ms[39m
[32m[Nest] 28484  - [39m02/22/2026, 8:50:43 PM [32m    LOG[39m [38;5;3m[InstanceLoader] [39m[32mConfigModule dependencies initialized[39m[38;5;3m +0ms[39m
[32m[Nest] 28484  - [39m02/22/2026, 8:50:43 PM [32m    LOG[39m [38;5;3m[InstanceLoader] [39m[32mBullModule dependencies initialized[39m[38;5;3m +0ms[39m
[32m[Nest] 28484  - [39m02/22/2026, 8:50:43 PM [32m    LOG[39m [38;5;3m[InstanceLoader] [39m[32mCacheModule dependencies initialized[39m[38;5;3m +1ms[39m
[32m[Nest] 28484  - [39m02/22/2026, 8:50:43 PM [32m    LOG[39m [38;5;3m[InstanceLoader] [39m[32mJwtModule dependencies initialized[39m[38;5;3m +0ms[39m
[32m[Nest] 28484  - [39m02/22/2026, 8:50:43 PM [32m    LOG[39m [38;5;3m[InstanceLoader] [39m[32mBullModule dependencies initialized[39m[38;5;3m +0ms[39m
[32m[Nest] 28484  - [39m02/22/2026, 8:50:43 PM [32m    LOG[39m [38;5;3m[InstanceLoader] [39m[32mAppModule dependencies initialized[39m[38;5;3m +0ms[39m
[32m[Nest] 28484  - [39m02/22/2026, 8:50:43 PM [32m    LOG[39m [38;5;3m[InstanceLoader] [39m[32mPlatformModule dependencies initialized[39m[38;5;3m +0ms[39m
[32m[Nest] 28484  - [39m02/22/2026, 8:50:43 PM [32m    LOG[39m [38;5;3m[InstanceLoader] [39m[32mUsersModule dependencies initialized[39m[38;5;3m +0ms[39m
[32m[Nest] 28484  - [39m02/22/2026, 8:50:43 PM [32m    LOG[39m [38;5;3m[InstanceLoader] [39m[32mCustomersModule dependencies initialized[39m[38;5;3m +0ms[39m
[32m[Nest] 28484  - [39m02/22/2026, 8:50:43 PM [32m    LOG[39m [38;5;3m[InstanceLoader] [39m[32mSuppliersModule dependencies initialized[39m[38;5;3m +0ms[39m
[32m[Nest] 28484  - [39m02/22/2026, 8:50:43 PM [32m    LOG[39m [38;5;3m[InstanceLoader] [39m[32mEmployeesModule dependencies initialized[39m[38;5;3m +0ms[39m
[32m[Nest] 28484  - [39m02/22/2026, 8:50:43 PM [32m    LOG[39m [38;5;3m[InstanceLoader] [39m[32mNotificationsModule dependencies initialized[39m[38;5;3m +0ms[39m
[32m[Nest] 28484  - [39m02/22/2026, 8:50:43 PM [32m    LOG[39m [38;5;3m[InstanceLoader] [39m[32mLedgerModule dependencies initialized[39m[38;5;3m +0ms[39m
[32m[Nest] 28484  - [39m02/22/2026, 8:50:43 PM [32m    LOG[39m [38;5;3m[InstanceLoader] [39m[32mAuthModule dependencies initialized[39m[38;5;3m +0ms[39m
[32m[Nest] 28484  - [39m02/22/2026, 8:50:43 PM [32m    LOG[39m [38;5;3m[RoutesResolver] [39m[32mAppController {/api/v1}:[39m[38;5;3m +0ms[39m
[32m[Nest] 28484  - [39m02/22/2026, 8:50:43 PM [32m    LOG[39m [38;5;3m[RouterExplorer] [39m[32mMapped {/api/v1/health, GET} route[39m[38;5;3m +0ms[39m
[32m[Nest] 28484  - [39m02/22/2026, 8:50:43 PM [32m    LOG[39m [38;5;3m[RoutesResolver] [39m[32mAuthController {/api/v1/auth}:[39m[38;5;3m +0ms[39m
[32m[Nest] 28484  - [39m02/22/2026, 8:50:43 PM [32m    LOG[39m [38;5;3m[RouterExplorer] [39m[32mMapped {/api/v1/auth/register, POST} route[39m[38;5;3m +0ms[39m
[32m[Nest] 28484  - [39m02/22/2026, 8:50:43 PM [32m    LOG[39m [38;5;3m[RouterExplorer] [39m[32mMapped {/api/v1/auth/login, POST} route[39m[38;5;3m +0ms[39m
[32m[Nest] 28484  - [39m02/22/2026, 8:50:43 PM [32m    LOG[39m [38;5;3m[RouterExplorer] [39m[32mMapped {/api/v1/auth/refresh, POST} route[39m[38;5;3m +0ms[39m
[32m[Nest] 28484  - [39m02/22/2026, 8:50:43 PM [32m    LOG[39m [38;5;3m[RouterExplorer] [39m[32mMapped {/api/v1/auth/logout, POST} route[39m[38;5;3m +0ms[39m
[32m[Nest] 28484  - [39m02/22/2026, 8:50:43 PM [32m    LOG[39m [38;5;3m[RouterExplorer] [39m[32mMapped {/api/v1/auth/logout-all, POST} route[39m[38;5;3m +0ms[39m
[32m[Nest] 28484  - [39m02/22/2026, 8:50:43 PM [32m    LOG[39m [38;5;3m[RouterExplorer] [39m[32mMapped {/api/v1/auth/change-password, POST} route[39m[38;5;3m +0ms[39m
[32m[Nest] 28484  - [39m02/22/2026, 8:50:43 PM [32m    LOG[39m [38;5;3m[RouterExplorer] [39m[32mMapped {/api/v1/auth/me, GET} route[39m[38;5;3m +0ms[39m
[32m[Nest] 28484  - [39m02/22/2026, 8:50:43 PM [32m    LOG[39m [38;5;3m[RouterExplorer] [39m[32mMapped {/api/v1/auth/sessions, GET} route[39m[38;5;3m +0ms[39m
[32m[Nest] 28484  - [39m02/22/2026, 8:50:43 PM [32m    LOG[39m [38;5;3m[RouterExplorer] [39m[32mMapped {/api/v1/auth/forgot-password, POST} route[39m[38;5;3m +0ms[39m
[32m[Nest] 28484  - [39m02/22/2026, 8:50:43 PM [32m    LOG[39m [38;5;3m[RouterExplorer] [39m[32mMapped {/api/v1/auth/reset-password, POST} route[39m[38;5;3m +0ms[39m
[32m[Nest] 28484  - [39m02/22/2026, 8:50:43 PM [32m    LOG[39m [38;5;3m[RoutesResolver] [39m[32mNotificationsController {/api/v1/notifications}:[39m[38;5;3m +0ms[39m
[32m[Nest] 28484  - [39m02/22/2026, 8:50:43 PM [32m    LOG[39m [38;5;3m[RouterExplorer] [39m[32mMapped {/api/v1/notifications/device-token, POST} route[39m[38;5;3m +0ms[39m
[32m[Nest] 28484  - [39m02/22/2026, 8:50:43 PM [32m    LOG[39m [38;5;3m[RouterExplorer] [39m[32mMapped {/api/v1/notifications/device-token/:token, DELETE} route[39m[38;5;3m +0ms[39m
[32m[Nest] 28484  - [39m02/22/2026, 8:50:43 PM [32m    LOG[39m [38;5;3m[RouterExplorer] [39m[32mMapped {/api/v1/notifications/unread-count, GET} route[39m[38;5;3m +0ms[39m
[32m[Nest] 28484  - [39m02/22/2026, 8:50:43 PM [32m    LOG[39m [38;5;3m[RouterExplorer] [39m[32mMapped {/api/v1/notifications, GET} route[39m[38;5;3m +0ms[39m
[32m[Nest] 28484  - [39m02/22/2026, 8:50:43 PM [32m    LOG[39m [38;5;3m[RouterExplorer] [39m[32mMapped {/api/v1/notifications/read-all, PATCH} route[39m[38;5;3m +0ms[39m
[32m[Nest] 28484  - [39m02/22/2026, 8:50:43 PM [32m    LOG[39m [38;5;3m[RouterExplorer] [39m[32mMapped {/api/v1/notifications/:id/read, PATCH} route[39m[38;5;3m +0ms[39m
[32m[Nest] 28484  - [39m02/22/2026, 8:50:43 PM [32m    LOG[39m [38;5;3m[RoutesResolver] [39m[32mPlatformController {/api/v1/platform}:[39m[38;5;3m +0ms[39m
[32m[Nest] 28484  - [39m02/22/2026, 8:50:43 PM [32m    LOG[39m [38;5;3m[RouterExplorer] [39m[32mMapped {/api/v1/platform/companies, POST} route[39m[38;5;3m +0ms[39m
[32m[Nest] 28484  - [39m02/22/2026, 8:50:43 PM [32m    LOG[39m [38;5;3m[RouterExplorer] [39m[32mMapped {/api/v1/platform/companies, GET} route[39m[38;5;3m +0ms[39m
[32m[Nest] 28484  - [39m02/22/2026, 8:50:43 PM [32m    LOG[39m [38;5;3m[RouterExplorer] [39m[32mMapped {/api/v1/platform/companies/:id, GET} route[39m[38;5;3m +0ms[39m
[32m[Nest] 28484  - [39m02/22/2026, 8:50:43 PM [32m    LOG[39m [38;5;3m[RouterExplorer] [39m[32mMapped {/api/v1/platform/companies/:id/metrics, GET} route[39m[38;5;3m +0ms[39m
[32m[Nest] 28484  - [39m02/22/2026, 8:50:43 PM [32m    LOG[39m [38;5;3m[RouterExplorer] [39m[32mMapped {/api/v1/platform/plans, POST} route[39m[38;5;3m +0ms[39m
[32m[Nest] 28484  - [39m02/22/2026, 8:50:43 PM [32m    LOG[39m [38;5;3m[RouterExplorer] [39m[32mMapped {/api/v1/platform/plans, GET} route[39m[38;5;3m +0ms[39m
[32m[Nest] 28484  - [39m02/22/2026, 8:50:43 PM [32m    LOG[39m [38;5;3m[RouterExplorer] [39m[32mMapped {/api/v1/platform/plans/:id, PATCH} route[39m[38;5;3m +0ms[39m
[32m[Nest] 28484  - [39m02/22/2026, 8:50:43 PM [32m    LOG[39m [38;5;3m[RouterExplorer] [39m[32mMapped {/api/v1/platform/subscriptions/activate, POST} route[39m[38;5;3m +0ms[39m
[32m[Nest] 28484  - [39m02/22/2026, 8:50:43 PM [32m    LOG[39m [38;5;3m[RouterExplorer] [39m[32mMapped {/api/v1/platform/subscriptions/suspend, POST} route[39m[38;5;3m +0ms[39m
[32m[Nest] 28484  - [39m02/22/2026, 8:50:43 PM [32m    LOG[39m [38;5;3m[RouterExplorer] [39m[32mMapped {/api/v1/platform/subscriptions/extend, POST} route[39m[38;5;3m +0ms[39m
[32m[Nest] 28484  - [39m02/22/2026, 8:50:43 PM [32m    LOG[39m [38;5;3m[RoutesResolver] [39m[32mUsersController {/api/v1/users}:[39m[38;5;3m +1ms[39m
[32m[Nest] 28484  - [39m02/22/2026, 8:50:43 PM [32m    LOG[39m [38;5;3m[RouterExplorer] [39m[32mMapped {/api/v1/users/staff, POST} route[39m[38;5;3m +0ms[39m
[32m[Nest] 28484  - [39m02/22/2026, 8:50:43 PM [32m    LOG[39m [38;5;3m[RouterExplorer] [39m[32mMapped {/api/v1/users/stats, GET} route[39m[38;5;3m +0ms[39m
[32m[Nest] 28484  - [39m02/22/2026, 8:50:43 PM [32m    LOG[39m [38;5;3m[RouterExplorer] [39m[32mMapped {/api/v1/users, GET} route[39m[38;5;3m +0ms[39m
[32m[Nest] 28484  - [39m02/22/2026, 8:50:43 PM [32m    LOG[39m [38;5;3m[RouterExplorer] [39m[32mMapped {/api/v1/users/:id, GET} route[39m[38;5;3m +0ms[39m
[32m[Nest] 28484  - [39m02/22/2026, 8:50:43 PM [32m    LOG[39m [38;5;3m[RouterExplorer] [39m[32mMapped {/api/v1/users/:id, PATCH} route[39m[38;5;3m +0ms[39m
[32m[Nest] 28484  - [39m02/22/2026, 8:50:43 PM [32m    LOG[39m [38;5;3m[RouterExplorer] [39m[32mMapped {/api/v1/users/:id/permissions, PATCH} route[39m[38;5;3m +0ms[39m
[32m[Nest] 28484  - [39m02/22/2026, 8:50:43 PM [32m    LOG[39m [38;5;3m[RouterExplorer] [39m[32mMapped {/api/v1/users/:id/disable, PATCH} route[39m[38;5;3m +0ms[39m
[32m[Nest] 28484  - [39m02/22/2026, 8:50:43 PM [32m    LOG[39m [38;5;3m[RouterExplorer] [39m[32mMapped {/api/v1/users/:id/enable, PATCH} route[39m[38;5;3m +0ms[39m
[32m[Nest] 28484  - [39m02/22/2026, 8:50:43 PM [32m    LOG[39m [38;5;3m[RoutesResolver] [39m[32mCustomersController {/api/v1/customers}:[39m[38;5;3m +0ms[39m
[32m[Nest] 28484  - [39m02/22/2026, 8:50:43 PM [32m    LOG[39m [38;5;3m[RouterExplorer] [39m[32mMapped {/api/v1/customers, POST} route[39m[38;5;3m +0ms[39m
[32m[Nest] 28484  - [39m02/22/2026, 8:50:43 PM [32m    LOG[39m [38;5;3m[RouterExplorer] [39m[32mMapped {/api/v1/customers, GET} route[39m[38;5;3m +0ms[39m
[32m[Nest] 28484  - [39m02/22/2026, 8:50:43 PM [32m    LOG[39m [38;5;3m[RouterExplorer] [39m[32mMapped {/api/v1/customers/:id, GET} route[39m[38;5;3m +0ms[39m
[32m[Nest] 28484  - [39m02/22/2026, 8:50:43 PM [32m    LOG[39m [38;5;3m[RouterExplorer] [39m[32mMapped {/api/v1/customers/:id, PATCH} route[39m[38;5;3m +0ms[39m
[32m[Nest] 28484  - [39m02/22/2026, 8:50:43 PM [32m    LOG[39m [38;5;3m[RouterExplorer] [39m[32mMapped {/api/v1/customers/:id, DELETE} route[39m[38;5;3m +0ms[39m
[32m[Nest] 28484  - [39m02/22/2026, 8:50:43 PM [32m    LOG[39m [38;5;3m[RoutesResolver] [39m[32mSuppliersController {/api/v1/suppliers}:[39m[38;5;3m +0ms[39m
[32m[Nest] 28484  - [39m02/22/2026, 8:50:43 PM [32m    LOG[39m [38;5;3m[RouterExplorer] [39m[32mMapped {/api/v1/suppliers, POST} route[39m[38;5;3m +0ms[39m
[32m[Nest] 28484  - [39m02/22/2026, 8:50:43 PM [32m    LOG[39m [38;5;3m[RouterExplorer] [39m[32mMapped {/api/v1/suppliers, GET} route[39m[38;5;3m +0ms[39m
[32m[Nest] 28484  - [39m02/22/2026, 8:50:43 PM [32m    LOG[39m [38;5;3m[RouterExplorer] [39m[32mMapped {/api/v1/suppliers/:id, GET} route[39m[38;5;3m +0ms[39m
[32m[Nest] 28484  - [39m02/22/2026, 8:50:43 PM [32m    LOG[39m [38;5;3m[RouterExplorer] [39m[32mMapped {/api/v1/suppliers/:id, PATCH} route[39m[38;5;3m +0ms[39m
[32m[Nest] 28484  - [39m02/22/2026, 8:50:43 PM [32m    LOG[39m [38;5;3m[RouterExplorer] [39m[32mMapped {/api/v1/suppliers/:id, DELETE} route[39m[38;5;3m +0ms[39m
[32m[Nest] 28484  - [39m02/22/2026, 8:50:43 PM [32m    LOG[39m [38;5;3m[RoutesResolver] [39m[32mEmployeesController {/api/v1/employees}:[39m[38;5;3m +0ms[39m
[32m[Nest] 28484  - [39m02/22/2026, 8:50:43 PM [32m    LOG[39m [38;5;3m[RouterExplorer] [39m[32mMapped {/api/v1/employees, POST} route[39m[38;5;3m +0ms[39m
[32m[Nest] 28484  - [39m02/22/2026, 8:50:43 PM [32m    LOG[39m [38;5;3m[RouterExplorer] [39m[32mMapped {/api/v1/employees, GET} route[39m[38;5;3m +0ms[39m
[32m[Nest] 28484  - [39m02/22/2026, 8:50:43 PM [32m    LOG[39m [38;5;3m[RouterExplorer] [39m[32mMapped {/api/v1/employees/:id, GET} route[39m[38;5;3m +0ms[39m
[32m[Nest] 28484  - [39m02/22/2026, 8:50:43 PM [32m    LOG[39m [38;5;3m[RouterExplorer] [39m[32mMapped {/api/v1/employees/:id, PATCH} route[39m[38;5;3m +0ms[39m
[32m[Nest] 28484  - [39m02/22/2026, 8:50:43 PM [32m    LOG[39m [38;5;3m[RouterExplorer] [39m[32mMapped {/api/v1/employees/:id, DELETE} route[39m[38;5;3m +0ms[39m
[32m[Nest] 28484  - [39m02/22/2026, 8:50:43 PM [32m    LOG[39m [38;5;3m[RoutesResolver] [39m[32mLedgerController {/api/v1/ledger}:[39m[38;5;3m +0ms[39m
[32m[Nest] 28484  - [39m02/22/2026, 8:50:43 PM [32m    LOG[39m [38;5;3m[RouterExplorer] [39m[32mMapped {/api/v1/ledger, POST} route[39m[38;5;3m +0ms[39m
[32m[Nest] 28484  - [39m02/22/2026, 8:50:43 PM [32m    LOG[39m [38;5;3m[RouterExplorer] [39m[32mMapped {/api/v1/ledger/:id, DELETE} route[39m[38;5;3m +0ms[39m
[32m[Nest] 28484  - [39m02/22/2026, 8:50:43 PM [32m    LOG[39m [38;5;3m[RouterExplorer] [39m[32mMapped {/api/v1/ledger/statement, GET} route[39m[38;5;3m +0ms[39m
[32m[Nest] 28484  - [39m02/22/2026, 8:50:43 PM [32m    LOG[39m [38;5;3m[PrismaService] [39m[32m✅ Connected to database[39m
[32m[Nest] 28484  - [39m02/22/2026, 8:50:43 PM [32m    LOG[39m [38;5;3m[PrismaService] [39m[32m✅ Connected to database[39m
[32m[Nest] 28484  - [39m02/22/2026, 8:50:43 PM [32m    LOG[39m [38;5;3m[NestApplication] [39m[32mNest application successfully started[39m[38;5;3m +0ms[39m
2026-02-22 20:50:43  [32MINFO[39M [Bootstrap] [32m🚀 Daftar API running on http://localhost:7000[39m
2026-02-22 20:50:43  [32MINFO[39M [Bootstrap] [32m📚 Swagger docs: http://localhost:7000/api/docs[39m
2026-02-22 20:50:43  [32MINFO[39M [Bootstrap] [32m🔗 API prefix: /api/v1[39m
2026-02-22 20:50:43  [32MINFO[39M [Bootstrap] [32m🌍 Environment: development[39m
[32m[Nest] 28484  - [39m02/22/2026, 8:50:43 PM [32m    LOG[39m [38;5;3m[CacheService] [39m[32m✅ Redis Connected[39m
[32m[Nest] 28484  - [39m02/22/2026, 8:50:43 PM [32m    LOG[39m [38;5;3m[CacheService] [39m[32m✅ Redis Cache Service Initialized[39m
[2J[3J[H[[90m8:50:55 PM[0m] File change detected. Starting incremental compilation...

[[90m8:51:05 PM[0m] Found 0 errors. Watching for file changes.

[32m[Nest] 28084  - [39m02/22/2026, 8:51:10 PM [32m    LOG[39m [38;5;3m[NestFactory] [39m[32mStarting Nest application...[39m
[32m[Nest] 28084  - [39m02/22/2026, 8:51:10 PM [32m    LOG[39m [38;5;3m[InstanceLoader] [39m[32mBullModule dependencies initialized[39m[38;5;3m +2ms[39m
[32m[Nest] 28084  - [39m02/22/2026, 8:51:10 PM [32m    LOG[39m [38;5;3m[InstanceLoader] [39m[32mDatabaseModule dependencies initialized[39m[38;5;3m +1ms[39m
[32m[Nest] 28084  - [39m02/22/2026, 8:51:10 PM [32m    LOG[39m [38;5;3m[InstanceLoader] [39m[32mPrismaModule dependencies initialized[39m[38;5;3m +0ms[39m
[32m[Nest] 28084  - [39m02/22/2026, 8:51:10 PM [32m    LOG[39m [38;5;3m[InstanceLoader] [39m[32mLoggerModule dependencies initialized[39m[38;5;3m +0ms[39m
[32m[Nest] 28084  - [39m02/22/2026, 8:51:10 PM [32m    LOG[39m [38;5;3m[InstanceLoader] [39m[32mTranslationModule dependencies initialized[39m[38;5;3m +0ms[39m
[32m[Nest] 28084  - [39m02/22/2026, 8:51:10 PM [32m    LOG[39m [38;5;3m[InstanceLoader] [39m[32mPassportModule dependencies initialized[39m[38;5;3m +0ms[39m
[32m[Nest] 28084  - [39m02/22/2026, 8:51:10 PM [32m    LOG[39m [38;5;3m[InstanceLoader] [39m[32mConfigHostModule dependencies initialized[39m[38;5;3m +0ms[39m
[32m[Nest] 28084  - [39m02/22/2026, 8:51:10 PM [32m    LOG[39m [38;5;3m[InstanceLoader] [39m[32mThrottlerModule dependencies initialized[39m[38;5;3m +0ms[39m
[32m[Nest] 28084  - [39m02/22/2026, 8:51:10 PM [32m    LOG[39m [38;5;3m[InstanceLoader] [39m[32mDiscoveryModule dependencies initialized[39m[38;5;3m +0ms[39m
[33m[Nest] 28084  - [39m02/22/2026, 8:51:10 PM [33m   WARN[39m [38;5;3m[WhatsAppService] [39m[33mTwilio credentials not configured — WhatsApp sending disabled[39m
[32m[Nest] 28084  - [39m02/22/2026, 8:51:10 PM [32m    LOG[39m [38;5;3m[InstanceLoader] [39m[32mGuardsModule dependencies initialized[39m[38;5;3m +0ms[39m
[32m[Nest] 28084  - [39m02/22/2026, 8:51:10 PM [32m    LOG[39m [38;5;3m[InstanceLoader] [39m[32mConfigModule dependencies initialized[39m[38;5;3m +0ms[39m
[32m[Nest] 28084  - [39m02/22/2026, 8:51:10 PM [32m    LOG[39m [38;5;3m[InstanceLoader] [39m[32mConfigModule dependencies initialized[39m[38;5;3m +0ms[39m
[32m[Nest] 28084  - [39m02/22/2026, 8:51:10 PM [32m    LOG[39m [38;5;3m[InstanceLoader] [39m[32mBullModule dependencies initialized[39m[38;5;3m +0ms[39m
[32m[Nest] 28084  - [39m02/22/2026, 8:51:10 PM [32m    LOG[39m [38;5;3m[InstanceLoader] [39m[32mCacheModule dependencies initialized[39m[38;5;3m +0ms[39m
[32m[Nest] 28084  - [39m02/22/2026, 8:51:10 PM [32m    LOG[39m [38;5;3m[InstanceLoader] [39m[32mJwtModule dependencies initialized[39m[38;5;3m +0ms[39m
[32m[Nest] 28084  - [39m02/22/2026, 8:51:10 PM [32m    LOG[39m [38;5;3m[InstanceLoader] [39m[32mBullModule dependencies initialized[39m[38;5;3m +0ms[39m
[32m[Nest] 28084  - [39m02/22/2026, 8:51:10 PM [32m    LOG[39m [38;5;3m[InstanceLoader] [39m[32mAppModule dependencies initialized[39m[38;5;3m +0ms[39m
[32m[Nest] 28084  - [39m02/22/2026, 8:51:10 PM [32m    LOG[39m [38;5;3m[InstanceLoader] [39m[32mPlatformModule dependencies initialized[39m[38;5;3m +0ms[39m
[32m[Nest] 28084  - [39m02/22/2026, 8:51:10 PM [32m    LOG[39m [38;5;3m[InstanceLoader] [39m[32mUsersModule dependencies initialized[39m[38;5;3m +0ms[39m
[32m[Nest] 28084  - [39m02/22/2026, 8:51:10 PM [32m    LOG[39m [38;5;3m[InstanceLoader] [39m[32mCustomersModule dependencies initialized[39m[38;5;3m +0ms[39m
[32m[Nest] 28084  - [39m02/22/2026, 8:51:10 PM [32m    LOG[39m [38;5;3m[InstanceLoader] [39m[32mSuppliersModule dependencies initialized[39m[38;5;3m +0ms[39m
[32m[Nest] 28084  - [39m02/22/2026, 8:51:10 PM [32m    LOG[39m [38;5;3m[InstanceLoader] [39m[32mEmployeesModule dependencies initialized[39m[38;5;3m +0ms[39m
[32m[Nest] 28084  - [39m02/22/2026, 8:51:10 PM [32m    LOG[39m [38;5;3m[InstanceLoader] [39m[32mNotificationsModule dependencies initialized[39m[38;5;3m +0ms[39m
[32m[Nest] 28084  - [39m02/22/2026, 8:51:10 PM [32m    LOG[39m [38;5;3m[InstanceLoader] [39m[32mLedgerModule dependencies initialized[39m[38;5;3m +0ms[39m
[32m[Nest] 28084  - [39m02/22/2026, 8:51:10 PM [32m    LOG[39m [38;5;3m[InstanceLoader] [39m[32mAuthModule dependencies initialized[39m[38;5;3m +1ms[39m
[32m[Nest] 28084  - [39m02/22/2026, 8:51:10 PM [32m    LOG[39m [38;5;3m[RoutesResolver] [39m[32mAppController {/api/v1}:[39m[38;5;3m +0ms[39m
[32m[Nest] 28084  - [39m02/22/2026, 8:51:10 PM [32m    LOG[39m [38;5;3m[RouterExplorer] [39m[32mMapped {/api/v1/health, GET} route[39m[38;5;3m +0ms[39m
[32m[Nest] 28084  - [39m02/22/2026, 8:51:10 PM [32m    LOG[39m [38;5;3m[RoutesResolver] [39m[32mAuthController {/api/v1/auth}:[39m[38;5;3m +0ms[39m
[32m[Nest] 28084  - [39m02/22/2026, 8:51:10 PM [32m    LOG[39m [38;5;3m[RouterExplorer] [39m[32mMapped {/api/v1/auth/register, POST} route[39m[38;5;3m +0ms[39m
[32m[Nest] 28084  - [39m02/22/2026, 8:51:10 PM [32m    LOG[39m [38;5;3m[RouterExplorer] [39m[32mMapped {/api/v1/auth/login, POST} route[39m[38;5;3m +0ms[39m
[32m[Nest] 28084  - [39m02/22/2026, 8:51:10 PM [32m    LOG[39m [38;5;3m[RouterExplorer] [39m[32mMapped {/api/v1/auth/refresh, POST} route[39m[38;5;3m +0ms[39m
[32m[Nest] 28084  - [39m02/22/2026, 8:51:10 PM [32m    LOG[39m [38;5;3m[RouterExplorer] [39m[32mMapped {/api/v1/auth/logout, POST} route[39m[38;5;3m +0ms[39m
[32m[Nest] 28084  - [39m02/22/2026, 8:51:10 PM [32m    LOG[39m [38;5;3m[RouterExplorer] [39m[32mMapped {/api/v1/auth/logout-all, POST} route[39m[38;5;3m +0ms[39m
[32m[Nest] 28084  - [39m02/22/2026, 8:51:10 PM [32m    LOG[39m [38;5;3m[RouterExplorer] [39m[32mMapped {/api/v1/auth/change-password, POST} route[39m[38;5;3m +0ms[39m
[32m[Nest] 28084  - [39m02/22/2026, 8:51:10 PM [32m    LOG[39m [38;5;3m[RouterExplorer] [39m[32mMapped {/api/v1/auth/me, GET} route[39m[38;5;3m +0ms[39m
[32m[Nest] 28084  - [39m02/22/2026, 8:51:10 PM [32m    LOG[39m [38;5;3m[RouterExplorer] [39m[32mMapped {/api/v1/auth/sessions, GET} route[39m[38;5;3m +0ms[39m
[32m[Nest] 28084  - [39m02/22/2026, 8:51:10 PM [32m    LOG[39m [38;5;3m[RouterExplorer] [39m[32mMapped {/api/v1/auth/forgot-password, POST} route[39m[38;5;3m +0ms[39m
[32m[Nest] 28084  - [39m02/22/2026, 8:51:10 PM [32m    LOG[39m [38;5;3m[RouterExplorer] [39m[32mMapped {/api/v1/auth/reset-password, POST} route[39m[38;5;3m +0ms[39m
[32m[Nest] 28084  - [39m02/22/2026, 8:51:10 PM [32m    LOG[39m [38;5;3m[RoutesResolver] [39m[32mNotificationsController {/api/v1/notifications}:[39m[38;5;3m +0ms[39m
[32m[Nest] 28084  - [39m02/22/2026, 8:51:10 PM [32m    LOG[39m [38;5;3m[RouterExplorer] [39m[32mMapped {/api/v1/notifications/device-token, POST} route[39m[38;5;3m +0ms[39m
[32m[Nest] 28084  - [39m02/22/2026, 8:51:10 PM [32m    LOG[39m [38;5;3m[RouterExplorer] [39m[32mMapped {/api/v1/notifications/device-token/:token, DELETE} route[39m[38;5;3m +0ms[39m
[32m[Nest] 28084  - [39m02/22/2026, 8:51:10 PM [32m    LOG[39m [38;5;3m[RouterExplorer] [39m[32mMapped {/api/v1/notifications/unread-count, GET} route[39m[38;5;3m +0ms[39m
[32m[Nest] 28084  - [39m02/22/2026, 8:51:10 PM [32m    LOG[39m [38;5;3m[RouterExplorer] [39m[32mMapped {/api/v1/notifications, GET} route[39m[38;5;3m +0ms[39m
[32m[Nest] 28084  - [39m02/22/2026, 8:51:10 PM [32m    LOG[39m [38;5;3m[RouterExplorer] [39m[32mMapped {/api/v1/notifications/read-all, PATCH} route[39m[38;5;3m +0ms[39m
[32m[Nest] 28084  - [39m02/22/2026, 8:51:10 PM [32m    LOG[39m [38;5;3m[RouterExplorer] [39m[32mMapped {/api/v1/notifications/:id/read, PATCH} route[39m[38;5;3m +0ms[39m
[32m[Nest] 28084  - [39m02/22/2026, 8:51:10 PM [32m    LOG[39m [38;5;3m[RoutesResolver] [39m[32mPlatformController {/api/v1/platform}:[39m[38;5;3m +0ms[39m
[32m[Nest] 28084  - [39m02/22/2026, 8:51:10 PM [32m    LOG[39m [38;5;3m[RouterExplorer] [39m[32mMapped {/api/v1/platform/companies, POST} route[39m[38;5;3m +0ms[39m
[32m[Nest] 28084  - [39m02/22/2026, 8:51:10 PM [32m    LOG[39m [38;5;3m[RouterExplorer] [39m[32mMapped {/api/v1/platform/companies, GET} route[39m[38;5;3m +0ms[39m
[32m[Nest] 28084  - [39m02/22/2026, 8:51:10 PM [32m    LOG[39m [38;5;3m[RouterExplorer] [39m[32mMapped {/api/v1/platform/companies/:id, GET} route[39m[38;5;3m +0ms[39m
[32m[Nest] 28084  - [39m02/22/2026, 8:51:10 PM [32m    LOG[39m [38;5;3m[RouterExplorer] [39m[32mMapped {/api/v1/platform/companies/:id/metrics, GET} route[39m[38;5;3m +0ms[39m
[32m[Nest] 28084  - [39m02/22/2026, 8:51:10 PM [32m    LOG[39m [38;5;3m[RouterExplorer] [39m[32mMapped {/api/v1/platform/plans, POST} route[39m[38;5;3m +0ms[39m
[32m[Nest] 28084  - [39m02/22/2026, 8:51:10 PM [32m    LOG[39m [38;5;3m[RouterExplorer] [39m[32mMapped {/api/v1/platform/plans, GET} route[39m[38;5;3m +0ms[39m
[32m[Nest] 28084  - [39m02/22/2026, 8:51:10 PM [32m    LOG[39m [38;5;3m[RouterExplorer] [39m[32mMapped {/api/v1/platform/plans/:id, PATCH} route[39m[38;5;3m +0ms[39m
[32m[Nest] 28084  - [39m02/22/2026, 8:51:10 PM [32m    LOG[39m [38;5;3m[RouterExplorer] [39m[32mMapped {/api/v1/platform/subscriptions/activate, POST} route[39m[38;5;3m +0ms[39m
[32m[Nest] 28084  - [39m02/22/2026, 8:51:10 PM [32m    LOG[39m [38;5;3m[RouterExplorer] [39m[32mMapped {/api/v1/platform/subscriptions/suspend, POST} route[39m[38;5;3m +0ms[39m
[32m[Nest] 28084  - [39m02/22/2026, 8:51:10 PM [32m    LOG[39m [38;5;3m[RouterExplorer] [39m[32mMapped {/api/v1/platform/subscriptions/extend, POST} route[39m[38;5;3m +0ms[39m
[32m[Nest] 28084  - [39m02/22/2026, 8:51:10 PM [32m    LOG[39m [38;5;3m[RoutesResolver] [39m[32mUsersController {/api/v1/users}:[39m[38;5;3m +1ms[39m
[32m[Nest] 28084  - [39m02/22/2026, 8:51:10 PM [32m    LOG[39m [38;5;3m[RouterExplorer] [39m[32mMapped {/api/v1/users/staff, POST} route[39m[38;5;3m +0ms[39m
[32m[Nest] 28084  - [39m02/22/2026, 8:51:10 PM [32m    LOG[39m [38;5;3m[RouterExplorer] [39m[32mMapped {/api/v1/users/stats, GET} route[39m[38;5;3m +0ms[39m
[32m[Nest] 28084  - [39m02/22/2026, 8:51:10 PM [32m    LOG[39m [38;5;3m[RouterExplorer] [39m[32mMapped {/api/v1/users, GET} route[39m[38;5;3m +0ms[39m
[32m[Nest] 28084  - [39m02/22/2026, 8:51:10 PM [32m    LOG[39m [38;5;3m[RouterExplorer] [39m[32mMapped {/api/v1/users/:id, GET} route[39m[38;5;3m +0ms[39m
[32m[Nest] 28084  - [39m02/22/2026, 8:51:10 PM [32m    LOG[39m [38;5;3m[RouterExplorer] [39m[32mMapped {/api/v1/users/:id, PATCH} route[39m[38;5;3m +0ms[39m
[32m[Nest] 28084  - [39m02/22/2026, 8:51:10 PM [32m    LOG[39m [38;5;3m[RouterExplorer] [39m[32mMapped {/api/v1/users/:id/permissions, PATCH} route[39m[38;5;3m +0ms[39m
[32m[Nest] 28084  - [39m02/22/2026, 8:51:10 PM [32m    LOG[39m [38;5;3m[RouterExplorer] [39m[32mMapped {/api/v1/users/:id/disable, PATCH} route[39m[38;5;3m +0ms[39m
[32m[Nest] 28084  - [39m02/22/2026, 8:51:10 PM [32m    LOG[39m [38;5;3m[RouterExplorer] [39m[32mMapped {/api/v1/users/:id/enable, PATCH} route[39m[38;5;3m +0ms[39m
[32m[Nest] 28084  - [39m02/22/2026, 8:51:10 PM [32m    LOG[39m [38;5;3m[RoutesResolver] [39m[32mCustomersController {/api/v1/customers}:[39m[38;5;3m +0ms[39m
[32m[Nest] 28084  - [39m02/22/2026, 8:51:10 PM [32m    LOG[39m [38;5;3m[RouterExplorer] [39m[32mMapped {/api/v1/customers, POST} route[39m[38;5;3m +0ms[39m
[32m[Nest] 28084  - [39m02/22/2026, 8:51:10 PM [32m    LOG[39m [38;5;3m[RouterExplorer] [39m[32mMapped {/api/v1/customers, GET} route[39m[38;5;3m +0ms[39m
[32m[Nest] 28084  - [39m02/22/2026, 8:51:10 PM [32m    LOG[39m [38;5;3m[RouterExplorer] [39m[32mMapped {/api/v1/customers/:id, GET} route[39m[38;5;3m +0ms[39m
[32m[Nest] 28084  - [39m02/22/2026, 8:51:10 PM [32m    LOG[39m [38;5;3m[RouterExplorer] [39m[32mMapped {/api/v1/customers/:id, PATCH} route[39m[38;5;3m +0ms[39m
[32m[Nest] 28084  - [39m02/22/2026, 8:51:10 PM [32m    LOG[39m [38;5;3m[RouterExplorer] [39m[32mMapped {/api/v1/customers/:id, DELETE} route[39m[38;5;3m +0ms[39m
[32m[Nest] 28084  - [39m02/22/2026, 8:51:10 PM [32m    LOG[39m [38;5;3m[RoutesResolver] [39m[32mSuppliersController {/api/v1/suppliers}:[39m[38;5;3m +0ms[39m
[32m[Nest] 28084  - [39m02/22/2026, 8:51:10 PM [32m    LOG[39m [38;5;3m[RouterExplorer] [39m[32mMapped {/api/v1/suppliers, POST} route[39m[38;5;3m +0ms[39m
[32m[Nest] 28084  - [39m02/22/2026, 8:51:10 PM [32m    LOG[39m [38;5;3m[RouterExplorer] [39m[32mMapped {/api/v1/suppliers, GET} route[39m[38;5;3m +0ms[39m
[32m[Nest] 28084  - [39m02/22/2026, 8:51:10 PM [32m    LOG[39m [38;5;3m[RouterExplorer] [39m[32mMapped {/api/v1/suppliers/:id, GET} route[39m[38;5;3m +0ms[39m
[32m[Nest] 28084  - [39m02/22/2026, 8:51:10 PM [32m    LOG[39m [38;5;3m[RouterExplorer] [39m[32mMapped {/api/v1/suppliers/:id, PATCH} route[39m[38;5;3m +0ms[39m
[32m[Nest] 28084  - [39m02/22/2026, 8:51:10 PM [32m    LOG[39m [38;5;3m[RouterExplorer] [39m[32mMapped {/api/v1/suppliers/:id, DELETE} route[39m[38;5;3m +0ms[39m
[32m[Nest] 28084  - [39m02/22/2026, 8:51:10 PM [32m    LOG[39m [38;5;3m[RoutesResolver] [39m[32mEmployeesController {/api/v1/employees}:[39m[38;5;3m +0ms[39m
[32m[Nest] 28084  - [39m02/22/2026, 8:51:10 PM [32m    LOG[39m [38;5;3m[RouterExplorer] [39m[32mMapped {/api/v1/employees, POST} route[39m[38;5;3m +0ms[39m
[32m[Nest] 28084  - [39m02/22/2026, 8:51:10 PM [32m    LOG[39m [38;5;3m[RouterExplorer] [39m[32mMapped {/api/v1/employees, GET} route[39m[38;5;3m +0ms[39m
[32m[Nest] 28084  - [39m02/22/2026, 8:51:10 PM [32m    LOG[39m [38;5;3m[RouterExplorer] [39m[32mMapped {/api/v1/employees/:id, GET} route[39m[38;5;3m +0ms[39m
[32m[Nest] 28084  - [39m02/22/2026, 8:51:10 PM [32m    LOG[39m [38;5;3m[RouterExplorer] [39m[32mMapped {/api/v1/employees/:id, PATCH} route[39m[38;5;3m +0ms[39m
[32m[Nest] 28084  - [39m02/22/2026, 8:51:10 PM [32m    LOG[39m [38;5;3m[RouterExplorer] [39m[32mMapped {/api/v1/employees/:id, DELETE} route[39m[38;5;3m +0ms[39m
[32m[Nest] 28084  - [39m02/22/2026, 8:51:10 PM [32m    LOG[39m [38;5;3m[RoutesResolver] [39m[32mLedgerController {/api/v1/ledger}:[39m[38;5;3m +0ms[39m
[32m[Nest] 28084  - [39m02/22/2026, 8:51:10 PM [32m    LOG[39m [38;5;3m[RouterExplorer] [39m[32mMapped {/api/v1/ledger, POST} route[39m[38;5;3m +0ms[39m
[32m[Nest] 28084  - [39m02/22/2026, 8:51:10 PM [32m    LOG[39m [38;5;3m[RouterExplorer] [39m[32mMapped {/api/v1/ledger/:id, DELETE} route[39m[38;5;3m +0ms[39m
[32m[Nest] 28084  - [39m02/22/2026, 8:51:10 PM [32m    LOG[39m [38;5;3m[RouterExplorer] [39m[32mMapped {/api/v1/ledger/statement, GET} route[39m[38;5;3m +0ms[39m
[32m[Nest] 28084  - [39m02/22/2026, 8:51:10 PM [32m    LOG[39m [38;5;3m[PrismaService] [39m[32m✅ Connected to database[39m
[32m[Nest] 28084  - [39m02/22/2026, 8:51:10 PM [32m    LOG[39m [38;5;3m[PrismaService] [39m[32m✅ Connected to database[39m
[32m[Nest] 28084  - [39m02/22/2026, 8:51:10 PM [32m    LOG[39m [38;5;3m[NestApplication] [39m[32mNest application successfully started[39m[38;5;3m +0ms[39m
2026-02-22 20:51:10  [32MINFO[39M [Bootstrap] [32m🚀 Daftar API running on http://localhost:7000[39m
2026-02-22 20:51:10  [32MINFO[39M [Bootstrap] [32m📚 Swagger docs: http://localhost:7000/api/docs[39m
2026-02-22 20:51:10  [32MINFO[39M [Bootstrap] [32m🔗 API prefix: /api/v1[39m
2026-02-22 20:51:10  [32MINFO[39M [Bootstrap] [32m🌍 Environment: development[39m
[32m[Nest] 28084  - [39m02/22/2026, 8:51:10 PM [32m    LOG[39m [38;5;3m[CacheService] [39m[32m✅ Redis Connected[39m
[32m[Nest] 28084  - [39m02/22/2026, 8:51:10 PM [32m    LOG[39m [38;5;3m[CacheService] [39m[32m✅ Redis Cache Service Initialized[39m
[2J[3J[H[[90m8:51:44 PM[0m] File change detected. Starting incremental compilation...

[[90m8:51:50 PM[0m] Found 0 errors. Watching for file changes.

[2J[3J[H[[90m8:51:51 PM[0m] File change detected. Starting incremental compilation...

[[90m8:51:51 PM[0m] Found 0 errors. Watching for file changes.

[2J[3J[H[[90m8:51:52 PM[0m] File change detected. Starting incremental compilation...

[[90m8:51:52 PM[0m] Found 0 errors. Watching for file changes.

[32m[Nest] 21720  - [39m02/22/2026, 8:51:56 PM [32m    LOG[39m [38;5;3m[NestFactory] [39m[32mStarting Nest application...[39m
[32m[Nest] 21720  - [39m02/22/2026, 8:51:56 PM [32m    LOG[39m [38;5;3m[InstanceLoader] [39m[32mBullModule dependencies initialized[39m[38;5;3m +1ms[39m
[32m[Nest] 21720  - [39m02/22/2026, 8:51:56 PM [32m    LOG[39m [38;5;3m[InstanceLoader] [39m[32mDatabaseModule dependencies initialized[39m[38;5;3m +0ms[39m
[32m[Nest] 21720  - [39m02/22/2026, 8:51:56 PM [32m    LOG[39m [38;5;3m[InstanceLoader] [39m[32mPrismaModule dependencies initialized[39m[38;5;3m +0ms[39m
[32m[Nest] 21720  - [39m02/22/2026, 8:51:56 PM [32m    LOG[39m [38;5;3m[InstanceLoader] [39m[32mLoggerModule dependencies initialized[39m[38;5;3m +0ms[39m
[32m[Nest] 21720  - [39m02/22/2026, 8:51:56 PM [32m    LOG[39m [38;5;3m[InstanceLoader] [39m[32mTranslationModule dependencies initialized[39m[38;5;3m +0ms[39m
[32m[Nest] 21720  - [39m02/22/2026, 8:51:56 PM [32m    LOG[39m [38;5;3m[InstanceLoader] [39m[32mPassportModule dependencies initialized[39m[38;5;3m +1ms[39m
[32m[Nest] 21720  - [39m02/22/2026, 8:51:56 PM [32m    LOG[39m [38;5;3m[InstanceLoader] [39m[32mConfigHostModule dependencies initialized[39m[38;5;3m +0ms[39m
[32m[Nest] 21720  - [39m02/22/2026, 8:51:56 PM [32m    LOG[39m [38;5;3m[InstanceLoader] [39m[32mThrottlerModule dependencies initialized[39m[38;5;3m +0ms[39m
[32m[Nest] 21720  - [39m02/22/2026, 8:51:56 PM [32m    LOG[39m [38;5;3m[InstanceLoader] [39m[32mDiscoveryModule dependencies initialized[39m[38;5;3m +0ms[39m
[33m[Nest] 21720  - [39m02/22/2026, 8:51:56 PM [33m   WARN[39m [38;5;3m[WhatsAppService] [39m[33mTwilio credentials not configured — WhatsApp sending disabled[39m
[32m[Nest] 21720  - [39m02/22/2026, 8:51:56 PM [32m    LOG[39m [38;5;3m[InstanceLoader] [39m[32mGuardsModule dependencies initialized[39m[38;5;3m +0ms[39m
[32m[Nest] 21720  - [39m02/22/2026, 8:51:56 PM [32m    LOG[39m [38;5;3m[InstanceLoader] [39m[32mConfigModule dependencies initialized[39m[38;5;3m +0ms[39m
[32m[Nest] 21720  - [39m02/22/2026, 8:51:56 PM [32m    LOG[39m [38;5;3m[InstanceLoader] [39m[32mConfigModule dependencies initialized[39m[38;5;3m +0ms[39m
[32m[Nest] 21720  - [39m02/22/2026, 8:51:56 PM [32m    LOG[39m [38;5;3m[InstanceLoader] [39m[32mBullModule dependencies initialized[39m[38;5;3m +0ms[39m
[32m[Nest] 21720  - [39m02/22/2026, 8:51:56 PM [32m    LOG[39m [38;5;3m[InstanceLoader] [39m[32mCacheModule dependencies initialized[39m[38;5;3m +0ms[39m
[32m[Nest] 21720  - [39m02/22/2026, 8:51:56 PM [32m    LOG[39m [38;5;3m[InstanceLoader] [39m[32mJwtModule dependencies initialized[39m[38;5;3m +0ms[39m
[32m[Nest] 21720  - [39m02/22/2026, 8:51:56 PM [32m    LOG[39m [38;5;3m[InstanceLoader] [39m[32mBullModule dependencies initialized[39m[38;5;3m +0ms[39m
[32m[Nest] 21720  - [39m02/22/2026, 8:51:56 PM [32m    LOG[39m [38;5;3m[InstanceLoader] [39m[32mAppModule dependencies initialized[39m[38;5;3m +0ms[39m
[32m[Nest] 21720  - [39m02/22/2026, 8:51:56 PM [32m    LOG[39m [38;5;3m[InstanceLoader] [39m[32mPlatformModule dependencies initialized[39m[38;5;3m +0ms[39m
[32m[Nest] 21720  - [39m02/22/2026, 8:51:56 PM [32m    LOG[39m [38;5;3m[InstanceLoader] [39m[32mUsersModule dependencies initialized[39m[38;5;3m +0ms[39m
[32m[Nest] 21720  - [39m02/22/2026, 8:51:56 PM [32m    LOG[39m [38;5;3m[InstanceLoader] [39m[32mCustomersModule dependencies initialized[39m[38;5;3m +0ms[39m
[32m[Nest] 21720  - [39m02/22/2026, 8:51:56 PM [32m    LOG[39m [38;5;3m[InstanceLoader] [39m[32mSuppliersModule dependencies initialized[39m[38;5;3m +0ms[39m
[32m[Nest] 21720  - [39m02/22/2026, 8:51:56 PM [32m    LOG[39m [38;5;3m[InstanceLoader] [39m[32mEmployeesModule dependencies initialized[39m[38;5;3m +0ms[39m
[32m[Nest] 21720  - [39m02/22/2026, 8:51:56 PM [32m    LOG[39m [38;5;3m[InstanceLoader] [39m[32mNotificationsModule dependencies initialized[39m[38;5;3m +0ms[39m
[32m[Nest] 21720  - [39m02/22/2026, 8:51:56 PM [32m    LOG[39m [38;5;3m[InstanceLoader] [39m[32mLedgerModule dependencies initialized[39m[38;5;3m +1ms[39m
[32m[Nest] 21720  - [39m02/22/2026, 8:51:56 PM [32m    LOG[39m [38;5;3m[InstanceLoader] [39m[32mAuthModule dependencies initialized[39m[38;5;3m +0ms[39m
[32m[Nest] 21720  - [39m02/22/2026, 8:51:56 PM [32m    LOG[39m [38;5;3m[RoutesResolver] [39m[32mAppController {/api/v1}:[39m[38;5;3m +0ms[39m
[32m[Nest] 21720  - [39m02/22/2026, 8:51:56 PM [32m    LOG[39m [38;5;3m[RouterExplorer] [39m[32mMapped {/api/v1/health, GET} route[39m[38;5;3m +0ms[39m
[32m[Nest] 21720  - [39m02/22/2026, 8:51:56 PM [32m    LOG[39m [38;5;3m[RoutesResolver] [39m[32mAuthController {/api/v1/auth}:[39m[38;5;3m +0ms[39m
[32m[Nest] 21720  - [39m02/22/2026, 8:51:56 PM [32m    LOG[39m [38;5;3m[RouterExplorer] [39m[32mMapped {/api/v1/auth/register, POST} route[39m[38;5;3m +0ms[39m
[32m[Nest] 21720  - [39m02/22/2026, 8:51:56 PM [32m    LOG[39m [38;5;3m[RouterExplorer] [39m[32mMapped {/api/v1/auth/login, POST} route[39m[38;5;3m +0ms[39m
[32m[Nest] 21720  - [39m02/22/2026, 8:51:56 PM [32m    LOG[39m [38;5;3m[RouterExplorer] [39m[32mMapped {/api/v1/auth/refresh, POST} route[39m[38;5;3m +0ms[39m
[32m[Nest] 21720  - [39m02/22/2026, 8:51:56 PM [32m    LOG[39m [38;5;3m[RouterExplorer] [39m[32mMapped {/api/v1/auth/logout, POST} route[39m[38;5;3m +0ms[39m
[32m[Nest] 21720  - [39m02/22/2026, 8:51:56 PM [32m    LOG[39m [38;5;3m[RouterExplorer] [39m[32mMapped {/api/v1/auth/logout-all, POST} route[39m[38;5;3m +0ms[39m
[32m[Nest] 21720  - [39m02/22/2026, 8:51:56 PM [32m    LOG[39m [38;5;3m[RouterExplorer] [39m[32mMapped {/api/v1/auth/change-password, POST} route[39m[38;5;3m +0ms[39m
[32m[Nest] 21720  - [39m02/22/2026, 8:51:56 PM [32m    LOG[39m [38;5;3m[RouterExplorer] [39m[32mMapped {/api/v1/auth/me, GET} route[39m[38;5;3m +0ms[39m
[32m[Nest] 21720  - [39m02/22/2026, 8:51:56 PM [32m    LOG[39m [38;5;3m[RouterExplorer] [39m[32mMapped {/api/v1/auth/sessions, GET} route[39m[38;5;3m +0ms[39m
[32m[Nest] 21720  - [39m02/22/2026, 8:51:56 PM [32m    LOG[39m [38;5;3m[RouterExplorer] [39m[32mMapped {/api/v1/auth/forgot-password, POST} route[39m[38;5;3m +0ms[39m
[32m[Nest] 21720  - [39m02/22/2026, 8:51:56 PM [32m    LOG[39m [38;5;3m[RouterExplorer] [39m[32mMapped {/api/v1/auth/reset-password, POST} route[39m[38;5;3m +0ms[39m
[32m[Nest] 21720  - [39m02/22/2026, 8:51:56 PM [32m    LOG[39m [38;5;3m[RoutesResolver] [39m[32mNotificationsController {/api/v1/notifications}:[39m[38;5;3m +0ms[39m
[32m[Nest] 21720  - [39m02/22/2026, 8:51:56 PM [32m    LOG[39m [38;5;3m[RouterExplorer] [39m[32mMapped {/api/v1/notifications/device-token, POST} route[39m[38;5;3m +0ms[39m
[32m[Nest] 21720  - [39m02/22/2026, 8:51:56 PM [32m    LOG[39m [38;5;3m[RouterExplorer] [39m[32mMapped {/api/v1/notifications/device-token/:token, DELETE} route[39m[38;5;3m +0ms[39m
[32m[Nest] 21720  - [39m02/22/2026, 8:51:56 PM [32m    LOG[39m [38;5;3m[RouterExplorer] [39m[32mMapped {/api/v1/notifications/unread-count, GET} route[39m[38;5;3m +0ms[39m
[32m[Nest] 21720  - [39m02/22/2026, 8:51:56 PM [32m    LOG[39m [38;5;3m[RouterExplorer] [39m[32mMapped {/api/v1/notifications, GET} route[39m[38;5;3m +0ms[39m
[32m[Nest] 21720  - [39m02/22/2026, 8:51:56 PM [32m    LOG[39m [38;5;3m[RouterExplorer] [39m[32mMapped {/api/v1/notifications/read-all, PATCH} route[39m[38;5;3m +0ms[39m
[32m[Nest] 21720  - [39m02/22/2026, 8:51:56 PM [32m    LOG[39m [38;5;3m[RouterExplorer] [39m[32mMapped {/api/v1/notifications/:id/read, PATCH} route[39m[38;5;3m +0ms[39m
[32m[Nest] 21720  - [39m02/22/2026, 8:51:56 PM [32m    LOG[39m [38;5;3m[RoutesResolver] [39m[32mPlatformController {/api/v1/platform}:[39m[38;5;3m +0ms[39m
[32m[Nest] 21720  - [39m02/22/2026, 8:51:56 PM [32m    LOG[39m [38;5;3m[RouterExplorer] [39m[32mMapped {/api/v1/platform/companies, POST} route[39m[38;5;3m +0ms[39m
[32m[Nest] 21720  - [39m02/22/2026, 8:51:56 PM [32m    LOG[39m [38;5;3m[RouterExplorer] [39m[32mMapped {/api/v1/platform/companies, GET} route[39m[38;5;3m +0ms[39m
[32m[Nest] 21720  - [39m02/22/2026, 8:51:56 PM [32m    LOG[39m [38;5;3m[RouterExplorer] [39m[32mMapped {/api/v1/platform/companies/:id, GET} route[39m[38;5;3m +0ms[39m
[32m[Nest] 21720  - [39m02/22/2026, 8:51:56 PM [32m    LOG[39m [38;5;3m[RouterExplorer] [39m[32mMapped {/api/v1/platform/companies/:id/metrics, GET} route[39m[38;5;3m +0ms[39m
[32m[Nest] 21720  - [39m02/22/2026, 8:51:56 PM [32m    LOG[39m [38;5;3m[RouterExplorer] [39m[32mMapped {/api/v1/platform/plans, POST} route[39m[38;5;3m +0ms[39m
[32m[Nest] 21720  - [39m02/22/2026, 8:51:56 PM [32m    LOG[39m [38;5;3m[RouterExplorer] [39m[32mMapped {/api/v1/platform/plans, GET} route[39m[38;5;3m +0ms[39m
[32m[Nest] 21720  - [39m02/22/2026, 8:51:56 PM [32m    LOG[39m [38;5;3m[RouterExplorer] [39m[32mMapped {/api/v1/platform/plans/:id, PATCH} route[39m[38;5;3m +0ms[39m
[32m[Nest] 21720  - [39m02/22/2026, 8:51:56 PM [32m    LOG[39m [38;5;3m[RouterExplorer] [39m[32mMapped {/api/v1/platform/subscriptions/activate, POST} route[39m[38;5;3m +0ms[39m
[32m[Nest] 21720  - [39m02/22/2026, 8:51:56 PM [32m    LOG[39m [38;5;3m[RouterExplorer] [39m[32mMapped {/api/v1/platform/subscriptions/suspend, POST} route[39m[38;5;3m +0ms[39m
[32m[Nest] 21720  - [39m02/22/2026, 8:51:56 PM [32m    LOG[39m [38;5;3m[RouterExplorer] [39m[32mMapped {/api/v1/platform/subscriptions/extend, POST} route[39m[38;5;3m +0ms[39m
[32m[Nest] 21720  - [39m02/22/2026, 8:51:56 PM [32m    LOG[39m [38;5;3m[RoutesResolver] [39m[32mUsersController {/api/v1/users}:[39m[38;5;3m +0ms[39m
[32m[Nest] 21720  - [39m02/22/2026, 8:51:56 PM [32m    LOG[39m [38;5;3m[RouterExplorer] [39m[32mMapped {/api/v1/users/staff, POST} route[39m[38;5;3m +0ms[39m
[32m[Nest] 21720  - [39m02/22/2026, 8:51:56 PM [32m    LOG[39m [38;5;3m[RouterExplorer] [39m[32mMapped {/api/v1/users/stats, GET} route[39m[38;5;3m +0ms[39m
[32m[Nest] 21720  - [39m02/22/2026, 8:51:56 PM [32m    LOG[39m [38;5;3m[RouterExplorer] [39m[32mMapped {/api/v1/users, GET} route[39m[38;5;3m +0ms[39m
[32m[Nest] 21720  - [39m02/22/2026, 8:51:56 PM [32m    LOG[39m [38;5;3m[RouterExplorer] [39m[32mMapped {/api/v1/users/:id, GET} route[39m[38;5;3m +0ms[39m
[32m[Nest] 21720  - [39m02/22/2026, 8:51:56 PM [32m    LOG[39m [38;5;3m[RouterExplorer] [39m[32mMapped {/api/v1/users/:id, PATCH} route[39m[38;5;3m +1ms[39m
[32m[Nest] 21720  - [39m02/22/2026, 8:51:56 PM [32m    LOG[39m [38;5;3m[RouterExplorer] [39m[32mMapped {/api/v1/users/:id/permissions, PATCH} route[39m[38;5;3m +0ms[39m
[32m[Nest] 21720  - [39m02/22/2026, 8:51:56 PM [32m    LOG[39m [38;5;3m[RouterExplorer] [39m[32mMapped {/api/v1/users/:id/disable, PATCH} route[39m[38;5;3m +0ms[39m
[32m[Nest] 21720  - [39m02/22/2026, 8:51:56 PM [32m    LOG[39m [38;5;3m[RouterExplorer] [39m[32mMapped {/api/v1/users/:id/enable, PATCH} route[39m[38;5;3m +0ms[39m
[32m[Nest] 21720  - [39m02/22/2026, 8:51:56 PM [32m    LOG[39m [38;5;3m[RoutesResolver] [39m[32mCustomersController {/api/v1/customers}:[39m[38;5;3m +0ms[39m
[32m[Nest] 21720  - [39m02/22/2026, 8:51:56 PM [32m    LOG[39m [38;5;3m[RouterExplorer] [39m[32mMapped {/api/v1/customers, POST} route[39m[38;5;3m +0ms[39m
[32m[Nest] 21720  - [39m02/22/2026, 8:51:56 PM [32m    LOG[39m [38;5;3m[RouterExplorer] [39m[32mMapped {/api/v1/customers, GET} route[39m[38;5;3m +0ms[39m
[32m[Nest] 21720  - [39m02/22/2026, 8:51:56 PM [32m    LOG[39m [38;5;3m[RouterExplorer] [39m[32mMapped {/api/v1/customers/:id, GET} route[39m[38;5;3m +0ms[39m
[32m[Nest] 21720  - [39m02/22/2026, 8:51:56 PM [32m    LOG[39m [38;5;3m[RouterExplorer] [39m[32mMapped {/api/v1/customers/:id, PATCH} route[39m[38;5;3m +0ms[39m
[32m[Nest] 21720  - [39m02/22/2026, 8:51:56 PM [32m    LOG[39m [38;5;3m[RouterExplorer] [39m[32mMapped {/api/v1/customers/:id, DELETE} route[39m[38;5;3m +0ms[39m
[32m[Nest] 21720  - [39m02/22/2026, 8:51:56 PM [32m    LOG[39m [38;5;3m[RoutesResolver] [39m[32mSuppliersController {/api/v1/suppliers}:[39m[38;5;3m +0ms[39m
[32m[Nest] 21720  - [39m02/22/2026, 8:51:56 PM [32m    LOG[39m [38;5;3m[RouterExplorer] [39m[32mMapped {/api/v1/suppliers, POST} route[39m[38;5;3m +0ms[39m
[32m[Nest] 21720  - [39m02/22/2026, 8:51:56 PM [32m    LOG[39m [38;5;3m[RouterExplorer] [39m[32mMapped {/api/v1/suppliers, GET} route[39m[38;5;3m +0ms[39m
[32m[Nest] 21720  - [39m02/22/2026, 8:51:56 PM [32m    LOG[39m [38;5;3m[RouterExplorer] [39m[32mMapped {/api/v1/suppliers/:id, GET} route[39m[38;5;3m +0ms[39m
[32m[Nest] 21720  - [39m02/22/2026, 8:51:56 PM [32m    LOG[39m [38;5;3m[RouterExplorer] [39m[32mMapped {/api/v1/suppliers/:id, PATCH} route[39m[38;5;3m +0ms[39m
[32m[Nest] 21720  - [39m02/22/2026, 8:51:56 PM [32m    LOG[39m [38;5;3m[RouterExplorer] [39m[32mMapped {/api/v1/suppliers/:id, DELETE} route[39m[38;5;3m +0ms[39m
[32m[Nest] 21720  - [39m02/22/2026, 8:51:56 PM [32m    LOG[39m [38;5;3m[RoutesResolver] [39m[32mEmployeesController {/api/v1/employees}:[39m[38;5;3m +0ms[39m
[32m[Nest] 21720  - [39m02/22/2026, 8:51:56 PM [32m    LOG[39m [38;5;3m[RouterExplorer] [39m[32mMapped {/api/v1/employees, POST} route[39m[38;5;3m +0ms[39m
[32m[Nest] 21720  - [39m02/22/2026, 8:51:56 PM [32m    LOG[39m [38;5;3m[RouterExplorer] [39m[32mMapped {/api/v1/employees, GET} route[39m[38;5;3m +0ms[39m
[32m[Nest] 21720  - [39m02/22/2026, 8:51:56 PM [32m    LOG[39m [38;5;3m[RouterExplorer] [39m[32mMapped {/api/v1/employees/:id, GET} route[39m[38;5;3m +0ms[39m
[32m[Nest] 21720  - [39m02/22/2026, 8:51:56 PM [32m    LOG[39m [38;5;3m[RouterExplorer] [39m[32mMapped {/api/v1/employees/:id, PATCH} route[39m[38;5;3m +0ms[39m
[32m[Nest] 21720  - [39m02/22/2026, 8:51:56 PM [32m    LOG[39m [38;5;3m[RouterExplorer] [39m[32mMapped {/api/v1/employees/:id, DELETE} route[39m[38;5;3m +0ms[39m
[32m[Nest] 21720  - [39m02/22/2026, 8:51:56 PM [32m    LOG[39m [38;5;3m[RoutesResolver] [39m[32mLedgerController {/api/v1/ledger}:[39m[38;5;3m +0ms[39m
[32m[Nest] 21720  - [39m02/22/2026, 8:51:56 PM [32m    LOG[39m [38;5;3m[RouterExplorer] [39m[32mMapped {/api/v1/ledger, POST} route[39m[38;5;3m +0ms[39m
[32m[Nest] 21720  - [39m02/22/2026, 8:51:56 PM [32m    LOG[39m [38;5;3m[RouterExplorer] [39m[32mMapped {/api/v1/ledger/:id, DELETE} route[39m[38;5;3m +0ms[39m
[32m[Nest] 21720  - [39m02/22/2026, 8:51:56 PM [32m    LOG[39m [38;5;3m[RouterExplorer] [39m[32mMapped {/api/v1/ledger/statement, GET} route[39m[38;5;3m +0ms[39m
[32m[Nest] 21720  - [39m02/22/2026, 8:51:56 PM [32m    LOG[39m [38;5;3m[PrismaService] [39m[32m✅ Connected to database[39m
[32m[Nest] 21720  - [39m02/22/2026, 8:51:56 PM [32m    LOG[39m [38;5;3m[PrismaService] [39m[32m✅ Connected to database[39m
[32m[Nest] 21720  - [39m02/22/2026, 8:51:56 PM [32m    LOG[39m [38;5;3m[NestApplication] [39m[32mNest application successfully started[39m[38;5;3m +0ms[39m
2026-02-22 20:51:56  [32MINFO[39M [Bootstrap] [32m🚀 Daftar API running on http://localhost:7000[39m
2026-02-22 20:51:56  [32MINFO[39M [Bootstrap] [32m📚 Swagger docs: http://localhost:7000/api/docs[39m
2026-02-22 20:51:56  [32MINFO[39M [Bootstrap] [32m🔗 API prefix: /api/v1[39m
2026-02-22 20:51:56  [32MINFO[39M [Bootstrap] [32m🌍 Environment: development[39m
[32m[Nest] 21720  - [39m02/22/2026, 8:51:56 PM [32m    LOG[39m [38;5;3m[CacheService] [39m[32m✅ Redis Connected[39m
[32m[Nest] 21720  - [39m02/22/2026, 8:51:56 PM [32m    LOG[39m [38;5;3m[CacheService] [39m[32m✅ Redis Cache Service Initialized[39m
[2J[3J[H[[90m8:54:19 PM[0m] File change detected. Starting incremental compilation...

[96msrc/modules/installments/installments.repository.ts[0m:[93m712[0m:[93m7[0m - [91merror[0m[90m TS2322: [0mType '{ companyId: string; id?: Prisma.StringFieldUpdateOperationsInput | string; partyType?: Prisma.EnumPartyTypeFieldUpdateOperationsInput | $Enums.PartyType; ... 18 more ...; schedules?: Prisma.InstallmentScheduleUpdateManyWithoutContractNestedInput; }' is not assignable to type '(Without<InstallmentContractUpdateInput, InstallmentContractUncheckedUpdateInput> & InstallmentContractUncheckedUpdateInput) | (Without<...> & InstallmentContractUpdateInput)'.
  Type '{ companyId: string; id?: Prisma.StringFieldUpdateOperationsInput | string; partyType?: Prisma.EnumPartyTypeFieldUpdateOperationsInput | $Enums.PartyType; ... 18 more ...; schedules?: Prisma.InstallmentScheduleUpdateManyWithoutContractNestedInput; }' is not assignable to type 'Without<InstallmentContractUpdateInput, InstallmentContractUncheckedUpdateInput> & InstallmentContractUncheckedUpdateInput'.
    Type '{ companyId: string; id?: Prisma.StringFieldUpdateOperationsInput | string; partyType?: Prisma.EnumPartyTypeFieldUpdateOperationsInput | $Enums.PartyType; ... 18 more ...; schedules?: Prisma.InstallmentScheduleUpdateManyWithoutContractNestedInput; }' is not assignable to type 'Without<InstallmentContractUpdateInput, InstallmentContractUncheckedUpdateInput>'.
      Types of property 'company' are incompatible.
        Type 'CompanyUpdateOneRequiredWithoutInstallmentContractsNestedInput | undefined' is not assignable to type 'undefined'.
          Type 'CompanyUpdateOneRequiredWithoutInstallmentContractsNestedInput' is not assignable to type 'undefined'.

[7m712[0m       data: { ...data, companyId },
[7m   [0m [91m      ~~~~[0m

  [96mnode_modules/.prisma/client/index.d.ts[0m:[93m23696[0m:[93m5[0m
    [7m23696[0m     data: XOR<InstallmentContractUpdateInput, InstallmentContractUncheckedUpdateInput>
    [7m     [0m [96m    ~~~~[0m
    The expected type comes from property 'data' which is declared here on type '{ select?: InstallmentContractSelect<DefaultArgs> | null | undefined; omit?: InstallmentContractOmit<DefaultArgs> | null | undefined; include?: InstallmentContractInclude<...> | ... 1 more ... | undefined; data: (Without<...> & InstallmentContractUncheckedUpdateInput) | (Without<...> & InstallmentContractUpdateInput...'

[[90m8:54:20 PM[0m] Found 1 error. Watching for file changes.

[2J[3J[H[[90m8:55:45 PM[0m] File change detected. Starting incremental compilation...

[96msrc/modules/installments/installments.repository.ts[0m:[93m712[0m:[93m7[0m - [91merror[0m[90m TS2322: [0mType '{ companyId: string; id?: Prisma.StringFieldUpdateOperationsInput | string; partyType?: Prisma.EnumPartyTypeFieldUpdateOperationsInput | $Enums.PartyType; ... 18 more ...; schedules?: Prisma.InstallmentScheduleUpdateManyWithoutContractNestedInput; }' is not assignable to type '(Without<InstallmentContractUpdateInput, InstallmentContractUncheckedUpdateInput> & InstallmentContractUncheckedUpdateInput) | (Without<...> & InstallmentContractUpdateInput)'.
  Type '{ companyId: string; id?: Prisma.StringFieldUpdateOperationsInput | string; partyType?: Prisma.EnumPartyTypeFieldUpdateOperationsInput | $Enums.PartyType; ... 18 more ...; schedules?: Prisma.InstallmentScheduleUpdateManyWithoutContractNestedInput; }' is not assignable to type 'Without<InstallmentContractUpdateInput, InstallmentContractUncheckedUpdateInput> & InstallmentContractUncheckedUpdateInput'.
    Type '{ companyId: string; id?: Prisma.StringFieldUpdateOperationsInput | string; partyType?: Prisma.EnumPartyTypeFieldUpdateOperationsInput | $Enums.PartyType; ... 18 more ...; schedules?: Prisma.InstallmentScheduleUpdateManyWithoutContractNestedInput; }' is not assignable to type 'Without<InstallmentContractUpdateInput, InstallmentContractUncheckedUpdateInput>'.
      Types of property 'company' are incompatible.
        Type 'CompanyUpdateOneRequiredWithoutInstallmentContractsNestedInput | undefined' is not assignable to type 'undefined'.
          Type 'CompanyUpdateOneRequiredWithoutInstallmentContractsNestedInput' is not assignable to type 'undefined'.

[7m712[0m       data: { ...data, companyId },
[7m   [0m [91m      ~~~~[0m

  [96mnode_modules/.prisma/client/index.d.ts[0m:[93m23696[0m:[93m5[0m
    [7m23696[0m     data: XOR<InstallmentContractUpdateInput, InstallmentContractUncheckedUpdateInput>
    [7m     [0m [96m    ~~~~[0m
    The expected type comes from property 'data' which is declared here on type '{ select?: InstallmentContractSelect<DefaultArgs> | null | undefined; omit?: InstallmentContractOmit<DefaultArgs> | null | undefined; include?: InstallmentContractInclude<...> | ... 1 more ... | undefined; data: (Without<...> & InstallmentContractUncheckedUpdateInput) | (Without<...> & InstallmentContractUpdateInput...'

[96msrc/modules/installments/use-cases/create-contract.use-case.ts[0m:[93m284[0m:[93m18[0m - [91merror[0m[90m TS2345: [0mArgument of type '{ installmentNumber: number; dueDate: Date; amount: Prisma.Decimal; notes: null; }' is not assignable to parameter of type 'never'.

[7m284[0m       items.push({
[7m   [0m [91m                 ~[0m
[7m285[0m         installmentNumber: i + 1,
[7m   [0m [91m~~~~~~~~~~~~~~~~~~~~~~~~~~~~~~~~~[0m
[7m...[0m 
[7m288[0m         notes: null,
[7m   [0m [91m~~~~~~~~~~~~~~~~~~~~[0m
[7m289[0m       });
[7m   [0m [91m~~~~~~~[0m

[[90m8:55:46 PM[0m] Found 2 errors. Watching for file changes.

[2J[3J[H[[90m8:56:01 PM[0m] File change detected. Starting incremental compilation...

[96msrc/modules/installments/installments.repository.ts[0m:[93m712[0m:[93m7[0m - [91merror[0m[90m TS2322: [0mType '{ companyId: string; id?: Prisma.StringFieldUpdateOperationsInput | string; partyType?: Prisma.EnumPartyTypeFieldUpdateOperationsInput | $Enums.PartyType; ... 18 more ...; schedules?: Prisma.InstallmentScheduleUpdateManyWithoutContractNestedInput; }' is not assignable to type '(Without<InstallmentContractUpdateInput, InstallmentContractUncheckedUpdateInput> & InstallmentContractUncheckedUpdateInput) | (Without<...> & InstallmentContractUpdateInput)'.
  Type '{ companyId: string; id?: Prisma.StringFieldUpdateOperationsInput | string; partyType?: Prisma.EnumPartyTypeFieldUpdateOperationsInput | $Enums.PartyType; ... 18 more ...; schedules?: Prisma.InstallmentScheduleUpdateManyWithoutContractNestedInput; }' is not assignable to type 'Without<InstallmentContractUpdateInput, InstallmentContractUncheckedUpdateInput> & InstallmentContractUncheckedUpdateInput'.
    Type '{ companyId: string; id?: Prisma.StringFieldUpdateOperationsInput | string; partyType?: Prisma.EnumPartyTypeFieldUpdateOperationsInput | $Enums.PartyType; ... 18 more ...; schedules?: Prisma.InstallmentScheduleUpdateManyWithoutContractNestedInput; }' is not assignable to type 'Without<InstallmentContractUpdateInput, InstallmentContractUncheckedUpdateInput>'.
      Types of property 'company' are incompatible.
        Type 'CompanyUpdateOneRequiredWithoutInstallmentContractsNestedInput | undefined' is not assignable to type 'undefined'.
          Type 'CompanyUpdateOneRequiredWithoutInstallmentContractsNestedInput' is not assignable to type 'undefined'.

[7m712[0m       data: { ...data, companyId },
[7m   [0m [91m      ~~~~[0m

  [96mnode_modules/.prisma/client/index.d.ts[0m:[93m23696[0m:[93m5[0m
    [7m23696[0m     data: XOR<InstallmentContractUpdateInput, InstallmentContractUncheckedUpdateInput>
    [7m     [0m [96m    ~~~~[0m
    The expected type comes from property 'data' which is declared here on type '{ select?: InstallmentContractSelect<DefaultArgs> | null | undefined; omit?: InstallmentContractOmit<DefaultArgs> | null | undefined; include?: InstallmentContractInclude<...> | ... 1 more ... | undefined; data: (Without<...> & InstallmentContractUncheckedUpdateInput) | (Without<...> & InstallmentContractUpdateInput...'

[96msrc/modules/installments/use-cases/create-contract.use-case.ts[0m:[93m284[0m:[93m18[0m - [91merror[0m[90m TS2345: [0mArgument of type '{ installmentNumber: number; dueDate: Date; amount: Prisma.Decimal; notes: null; }' is not assignable to parameter of type 'never'.

[7m284[0m       items.push({
[7m   [0m [91m                 ~[0m
[7m285[0m         installmentNumber: i + 1,
[7m   [0m [91m~~~~~~~~~~~~~~~~~~~~~~~~~~~~~~~~~[0m
[7m...[0m 
[7m288[0m         notes: null,
[7m   [0m [91m~~~~~~~~~~~~~~~~~~~~[0m
[7m289[0m       });
[7m   [0m [91m~~~~~~~[0m

[[90m8:56:01 PM[0m] Found 2 errors. Watching for file changes.

[2J[3J[H[[90m8:56:18 PM[0m] File change detected. Starting incremental compilation...

[96msrc/modules/installments/installments.repository.ts[0m:[93m712[0m:[93m7[0m - [91merror[0m[90m TS2322: [0mType '{ companyId: string; id?: Prisma.StringFieldUpdateOperationsInput | string; partyType?: Prisma.EnumPartyTypeFieldUpdateOperationsInput | $Enums.PartyType; ... 18 more ...; schedules?: Prisma.InstallmentScheduleUpdateManyWithoutContractNestedInput; }' is not assignable to type '(Without<InstallmentContractUpdateInput, InstallmentContractUncheckedUpdateInput> & InstallmentContractUncheckedUpdateInput) | (Without<...> & InstallmentContractUpdateInput)'.
  Type '{ companyId: string; id?: Prisma.StringFieldUpdateOperationsInput | string; partyType?: Prisma.EnumPartyTypeFieldUpdateOperationsInput | $Enums.PartyType; ... 18 more ...; schedules?: Prisma.InstallmentScheduleUpdateManyWithoutContractNestedInput; }' is not assignable to type 'Without<InstallmentContractUpdateInput, InstallmentContractUncheckedUpdateInput> & InstallmentContractUncheckedUpdateInput'.
    Type '{ companyId: string; id?: Prisma.StringFieldUpdateOperationsInput | string; partyType?: Prisma.EnumPartyTypeFieldUpdateOperationsInput | $Enums.PartyType; ... 18 more ...; schedules?: Prisma.InstallmentScheduleUpdateManyWithoutContractNestedInput; }' is not assignable to type 'Without<InstallmentContractUpdateInput, InstallmentContractUncheckedUpdateInput>'.
      Types of property 'company' are incompatible.
        Type 'CompanyUpdateOneRequiredWithoutInstallmentContractsNestedInput | undefined' is not assignable to type 'undefined'.
          Type 'CompanyUpdateOneRequiredWithoutInstallmentContractsNestedInput' is not assignable to type 'undefined'.

[7m712[0m       data: { ...data, companyId },
[7m   [0m [91m      ~~~~[0m

  [96mnode_modules/.prisma/client/index.d.ts[0m:[93m23696[0m:[93m5[0m
    [7m23696[0m     data: XOR<InstallmentContractUpdateInput, InstallmentContractUncheckedUpdateInput>
    [7m     [0m [96m    ~~~~[0m
    The expected type comes from property 'data' which is declared here on type '{ select?: InstallmentContractSelect<DefaultArgs> | null | undefined; omit?: InstallmentContractOmit<DefaultArgs> | null | undefined; include?: InstallmentContractInclude<...> | ... 1 more ... | undefined; data: (Without<...> & InstallmentContractUncheckedUpdateInput) | (Without<...> & InstallmentContractUpdateInput...'

[96msrc/modules/installments/use-cases/create-contract.use-case.ts[0m:[93m284[0m:[93m18[0m - [91merror[0m[90m TS2345: [0mArgument of type '{ installmentNumber: number; dueDate: Date; amount: Prisma.Decimal; notes: null; }' is not assignable to parameter of type 'never'.

[7m284[0m       items.push({
[7m   [0m [91m                 ~[0m
[7m285[0m         installmentNumber: i + 1,
[7m   [0m [91m~~~~~~~~~~~~~~~~~~~~~~~~~~~~~~~~~[0m
[7m...[0m 
[7m288[0m         notes: null,
[7m   [0m [91m~~~~~~~~~~~~~~~~~~~~[0m
[7m289[0m       });
[7m   [0m [91m~~~~~~~[0m

[[90m8:56:18 PM[0m] Found 2 errors. Watching for file changes.

[2J[3J[H[[90m8:56:18 PM[0m] File change detected. Starting incremental compilation...

[96msrc/modules/installments/installments.repository.ts[0m:[93m712[0m:[93m7[0m - [91merror[0m[90m TS2322: [0mType '{ companyId: string; id?: Prisma.StringFieldUpdateOperationsInput | string; partyType?: Prisma.EnumPartyTypeFieldUpdateOperationsInput | $Enums.PartyType; ... 18 more ...; schedules?: Prisma.InstallmentScheduleUpdateManyWithoutContractNestedInput; }' is not assignable to type '(Without<InstallmentContractUpdateInput, InstallmentContractUncheckedUpdateInput> & InstallmentContractUncheckedUpdateInput) | (Without<...> & InstallmentContractUpdateInput)'.
  Type '{ companyId: string; id?: Prisma.StringFieldUpdateOperationsInput | string; partyType?: Prisma.EnumPartyTypeFieldUpdateOperationsInput | $Enums.PartyType; ... 18 more ...; schedules?: Prisma.InstallmentScheduleUpdateManyWithoutContractNestedInput; }' is not assignable to type 'Without<InstallmentContractUpdateInput, InstallmentContractUncheckedUpdateInput> & InstallmentContractUncheckedUpdateInput'.
    Type '{ companyId: string; id?: Prisma.StringFieldUpdateOperationsInput | string; partyType?: Prisma.EnumPartyTypeFieldUpdateOperationsInput | $Enums.PartyType; ... 18 more ...; schedules?: Prisma.InstallmentScheduleUpdateManyWithoutContractNestedInput; }' is not assignable to type 'Without<InstallmentContractUpdateInput, InstallmentContractUncheckedUpdateInput>'.
      Types of property 'company' are incompatible.
        Type 'CompanyUpdateOneRequiredWithoutInstallmentContractsNestedInput | undefined' is not assignable to type 'undefined'.
          Type 'CompanyUpdateOneRequiredWithoutInstallmentContractsNestedInput' is not assignable to type 'undefined'.

[7m712[0m       data: { ...data, companyId },
[7m   [0m [91m      ~~~~[0m

  [96mnode_modules/.prisma/client/index.d.ts[0m:[93m23696[0m:[93m5[0m
    [7m23696[0m     data: XOR<InstallmentContractUpdateInput, InstallmentContractUncheckedUpdateInput>
    [7m     [0m [96m    ~~~~[0m
    The expected type comes from property 'data' which is declared here on type '{ select?: InstallmentContractSelect<DefaultArgs> | null | undefined; omit?: InstallmentContractOmit<DefaultArgs> | null | undefined; include?: InstallmentContractInclude<...> | ... 1 more ... | undefined; data: (Without<...> & InstallmentContractUncheckedUpdateInput) | (Without<...> & InstallmentContractUpdateInput...'

[96msrc/modules/installments/use-cases/create-contract.use-case.ts[0m:[93m284[0m:[93m18[0m - [91merror[0m[90m TS2345: [0mArgument of type '{ installmentNumber: number; dueDate: Date; amount: Prisma.Decimal; notes: null; }' is not assignable to parameter of type 'never'.

[7m284[0m       items.push({
[7m   [0m [91m                 ~[0m
[7m285[0m         installmentNumber: i + 1,
[7m   [0m [91m~~~~~~~~~~~~~~~~~~~~~~~~~~~~~~~~~[0m
[7m...[0m 
[7m288[0m         notes: null,
[7m   [0m [91m~~~~~~~~~~~~~~~~~~~~[0m
[7m289[0m       });
[7m   [0m [91m~~~~~~~[0m

[[90m8:56:19 PM[0m] Found 2 errors. Watching for file changes.

[2J[3J[H[[90m8:56:19 PM[0m] File change detected. Starting incremental compilation...

[96msrc/modules/installments/installments.repository.ts[0m:[93m712[0m:[93m7[0m - [91merror[0m[90m TS2322: [0mType '{ companyId: string; id?: Prisma.StringFieldUpdateOperationsInput | string; partyType?: Prisma.EnumPartyTypeFieldUpdateOperationsInput | $Enums.PartyType; ... 18 more ...; schedules?: Prisma.InstallmentScheduleUpdateManyWithoutContractNestedInput; }' is not assignable to type '(Without<InstallmentContractUpdateInput, InstallmentContractUncheckedUpdateInput> & InstallmentContractUncheckedUpdateInput) | (Without<...> & InstallmentContractUpdateInput)'.
  Type '{ companyId: string; id?: Prisma.StringFieldUpdateOperationsInput | string; partyType?: Prisma.EnumPartyTypeFieldUpdateOperationsInput | $Enums.PartyType; ... 18 more ...; schedules?: Prisma.InstallmentScheduleUpdateManyWithoutContractNestedInput; }' is not assignable to type 'Without<InstallmentContractUpdateInput, InstallmentContractUncheckedUpdateInput> & InstallmentContractUncheckedUpdateInput'.
    Type '{ companyId: string; id?: Prisma.StringFieldUpdateOperationsInput | string; partyType?: Prisma.EnumPartyTypeFieldUpdateOperationsInput | $Enums.PartyType; ... 18 more ...; schedules?: Prisma.InstallmentScheduleUpdateManyWithoutContractNestedInput; }' is not assignable to type 'Without<InstallmentContractUpdateInput, InstallmentContractUncheckedUpdateInput>'.
      Types of property 'company' are incompatible.
        Type 'CompanyUpdateOneRequiredWithoutInstallmentContractsNestedInput | undefined' is not assignable to type 'undefined'.
          Type 'CompanyUpdateOneRequiredWithoutInstallmentContractsNestedInput' is not assignable to type 'undefined'.

[7m712[0m       data: { ...data, companyId },
[7m   [0m [91m      ~~~~[0m

  [96mnode_modules/.prisma/client/index.d.ts[0m:[93m23696[0m:[93m5[0m
    [7m23696[0m     data: XOR<InstallmentContractUpdateInput, InstallmentContractUncheckedUpdateInput>
    [7m     [0m [96m    ~~~~[0m
    The expected type comes from property 'data' which is declared here on type '{ select?: InstallmentContractSelect<DefaultArgs> | null | undefined; omit?: InstallmentContractOmit<DefaultArgs> | null | undefined; include?: InstallmentContractInclude<...> | ... 1 more ... | undefined; data: (Without<...> & InstallmentContractUncheckedUpdateInput) | (Without<...> & InstallmentContractUpdateInput...'

[96msrc/modules/installments/use-cases/create-contract.use-case.ts[0m:[93m284[0m:[93m18[0m - [91merror[0m[90m TS2345: [0mArgument of type '{ installmentNumber: number; dueDate: Date; amount: Prisma.Decimal; notes: null; }' is not assignable to parameter of type 'never'.

[7m284[0m       items.push({
[7m   [0m [91m                 ~[0m
[7m285[0m         installmentNumber: i + 1,
[7m   [0m [91m~~~~~~~~~~~~~~~~~~~~~~~~~~~~~~~~~[0m
[7m...[0m 
[7m288[0m         notes: null,
[7m   [0m [91m~~~~~~~~~~~~~~~~~~~~[0m
[7m289[0m       });
[7m   [0m [91m~~~~~~~[0m

[[90m8:56:20 PM[0m] Found 2 errors. Watching for file changes.

[2J[3J[H[[90m8:56:22 PM[0m] File change detected. Starting incremental compilation...

[96msrc/modules/installments/installments.repository.ts[0m:[93m712[0m:[93m7[0m - [91merror[0m[90m TS2322: [0mType '{ companyId: string; id?: Prisma.StringFieldUpdateOperationsInput | string; partyType?: Prisma.EnumPartyTypeFieldUpdateOperationsInput | $Enums.PartyType; ... 18 more ...; schedules?: Prisma.InstallmentScheduleUpdateManyWithoutContractNestedInput; }' is not assignable to type '(Without<InstallmentContractUpdateInput, InstallmentContractUncheckedUpdateInput> & InstallmentContractUncheckedUpdateInput) | (Without<...> & InstallmentContractUpdateInput)'.
  Type '{ companyId: string; id?: Prisma.StringFieldUpdateOperationsInput | string; partyType?: Prisma.EnumPartyTypeFieldUpdateOperationsInput | $Enums.PartyType; ... 18 more ...; schedules?: Prisma.InstallmentScheduleUpdateManyWithoutContractNestedInput; }' is not assignable to type 'Without<InstallmentContractUpdateInput, InstallmentContractUncheckedUpdateInput> & InstallmentContractUncheckedUpdateInput'.
    Type '{ companyId: string; id?: Prisma.StringFieldUpdateOperationsInput | string; partyType?: Prisma.EnumPartyTypeFieldUpdateOperationsInput | $Enums.PartyType; ... 18 more ...; schedules?: Prisma.InstallmentScheduleUpdateManyWithoutContractNestedInput; }' is not assignable to type 'Without<InstallmentContractUpdateInput, InstallmentContractUncheckedUpdateInput>'.
      Types of property 'company' are incompatible.
        Type 'CompanyUpdateOneRequiredWithoutInstallmentContractsNestedInput | undefined' is not assignable to type 'undefined'.
          Type 'CompanyUpdateOneRequiredWithoutInstallmentContractsNestedInput' is not assignable to type 'undefined'.

[7m712[0m       data: { ...data, companyId },
[7m   [0m [91m      ~~~~[0m

  [96mnode_modules/.prisma/client/index.d.ts[0m:[93m23696[0m:[93m5[0m
    [7m23696[0m     data: XOR<InstallmentContractUpdateInput, InstallmentContractUncheckedUpdateInput>
    [7m     [0m [96m    ~~~~[0m
    The expected type comes from property 'data' which is declared here on type '{ select?: InstallmentContractSelect<DefaultArgs> | null | undefined; omit?: InstallmentContractOmit<DefaultArgs> | null | undefined; include?: InstallmentContractInclude<...> | ... 1 more ... | undefined; data: (Without<...> & InstallmentContractUncheckedUpdateInput) | (Without<...> & InstallmentContractUpdateInput...'

[96msrc/modules/installments/use-cases/create-contract.use-case.ts[0m:[93m284[0m:[93m18[0m - [91merror[0m[90m TS2345: [0mArgument of type '{ installmentNumber: number; dueDate: Date; amount: Prisma.Decimal; notes: null; }' is not assignable to parameter of type 'never'.

[7m284[0m       items.push({
[7m   [0m [91m                 ~[0m
[7m285[0m         installmentNumber: i + 1,
[7m   [0m [91m~~~~~~~~~~~~~~~~~~~~~~~~~~~~~~~~~[0m
[7m...[0m 
[7m288[0m         notes: null,
[7m   [0m [91m~~~~~~~~~~~~~~~~~~~~[0m
[7m289[0m       });
[7m   [0m [91m~~~~~~~[0m

[[90m8:56:22 PM[0m] Found 2 errors. Watching for file changes.

[2J[3J[H[[90m8:56:28 PM[0m] File change detected. Starting incremental compilation...

[96msrc/modules/installments/installments.repository.ts[0m:[93m712[0m:[93m7[0m - [91merror[0m[90m TS2322: [0mType '{ companyId: string; id?: Prisma.StringFieldUpdateOperationsInput | string; partyType?: Prisma.EnumPartyTypeFieldUpdateOperationsInput | $Enums.PartyType; ... 18 more ...; schedules?: Prisma.InstallmentScheduleUpdateManyWithoutContractNestedInput; }' is not assignable to type '(Without<InstallmentContractUpdateInput, InstallmentContractUncheckedUpdateInput> & InstallmentContractUncheckedUpdateInput) | (Without<...> & InstallmentContractUpdateInput)'.
  Type '{ companyId: string; id?: Prisma.StringFieldUpdateOperationsInput | string; partyType?: Prisma.EnumPartyTypeFieldUpdateOperationsInput | $Enums.PartyType; ... 18 more ...; schedules?: Prisma.InstallmentScheduleUpdateManyWithoutContractNestedInput; }' is not assignable to type 'Without<InstallmentContractUpdateInput, InstallmentContractUncheckedUpdateInput> & InstallmentContractUncheckedUpdateInput'.
    Type '{ companyId: string; id?: Prisma.StringFieldUpdateOperationsInput | string; partyType?: Prisma.EnumPartyTypeFieldUpdateOperationsInput | $Enums.PartyType; ... 18 more ...; schedules?: Prisma.InstallmentScheduleUpdateManyWithoutContractNestedInput; }' is not assignable to type 'Without<InstallmentContractUpdateInput, InstallmentContractUncheckedUpdateInput>'.
      Types of property 'company' are incompatible.
        Type 'CompanyUpdateOneRequiredWithoutInstallmentContractsNestedInput | undefined' is not assignable to type 'undefined'.
          Type 'CompanyUpdateOneRequiredWithoutInstallmentContractsNestedInput' is not assignable to type 'undefined'.

[7m712[0m       data: { ...data, companyId },
[7m   [0m [91m      ~~~~[0m

  [96mnode_modules/.prisma/client/index.d.ts[0m:[93m23696[0m:[93m5[0m
    [7m23696[0m     data: XOR<InstallmentContractUpdateInput, InstallmentContractUncheckedUpdateInput>
    [7m     [0m [96m    ~~~~[0m
    The expected type comes from property 'data' which is declared here on type '{ select?: InstallmentContractSelect<DefaultArgs> | null | undefined; omit?: InstallmentContractOmit<DefaultArgs> | null | undefined; include?: InstallmentContractInclude<...> | ... 1 more ... | undefined; data: (Without<...> & InstallmentContractUncheckedUpdateInput) | (Without<...> & InstallmentContractUpdateInput...'

[96msrc/modules/installments/use-cases/create-contract.use-case.ts[0m:[93m284[0m:[93m18[0m - [91merror[0m[90m TS2345: [0mArgument of type '{ installmentNumber: number; dueDate: Date; amount: Prisma.Decimal; notes: null; }' is not assignable to parameter of type 'never'.

[7m284[0m       items.push({
[7m   [0m [91m                 ~[0m
[7m285[0m         installmentNumber: i + 1,
[7m   [0m [91m~~~~~~~~~~~~~~~~~~~~~~~~~~~~~~~~~[0m
[7m...[0m 
[7m288[0m         notes: null,
[7m   [0m [91m~~~~~~~~~~~~~~~~~~~~[0m
[7m289[0m       });
[7m   [0m [91m~~~~~~~[0m

[[90m8:56:28 PM[0m] Found 2 errors. Watching for file changes.

[2J[3J[H[[90m8:56:31 PM[0m] File change detected. Starting incremental compilation...

[96msrc/modules/installments/installments.repository.ts[0m:[93m712[0m:[93m7[0m - [91merror[0m[90m TS2322: [0mType '{ companyId: string; id?: Prisma.StringFieldUpdateOperationsInput | string; partyType?: Prisma.EnumPartyTypeFieldUpdateOperationsInput | $Enums.PartyType; ... 18 more ...; schedules?: Prisma.InstallmentScheduleUpdateManyWithoutContractNestedInput; }' is not assignable to type '(Without<InstallmentContractUpdateInput, InstallmentContractUncheckedUpdateInput> & InstallmentContractUncheckedUpdateInput) | (Without<...> & InstallmentContractUpdateInput)'.
  Type '{ companyId: string; id?: Prisma.StringFieldUpdateOperationsInput | string; partyType?: Prisma.EnumPartyTypeFieldUpdateOperationsInput | $Enums.PartyType; ... 18 more ...; schedules?: Prisma.InstallmentScheduleUpdateManyWithoutContractNestedInput; }' is not assignable to type 'Without<InstallmentContractUpdateInput, InstallmentContractUncheckedUpdateInput> & InstallmentContractUncheckedUpdateInput'.
    Type '{ companyId: string; id?: Prisma.StringFieldUpdateOperationsInput | string; partyType?: Prisma.EnumPartyTypeFieldUpdateOperationsInput | $Enums.PartyType; ... 18 more ...; schedules?: Prisma.InstallmentScheduleUpdateManyWithoutContractNestedInput; }' is not assignable to type 'Without<InstallmentContractUpdateInput, InstallmentContractUncheckedUpdateInput>'.
      Types of property 'company' are incompatible.
        Type 'CompanyUpdateOneRequiredWithoutInstallmentContractsNestedInput | undefined' is not assignable to type 'undefined'.
          Type 'CompanyUpdateOneRequiredWithoutInstallmentContractsNestedInput' is not assignable to type 'undefined'.

[7m712[0m       data: { ...data, companyId },
[7m   [0m [91m      ~~~~[0m

  [96mnode_modules/.prisma/client/index.d.ts[0m:[93m23696[0m:[93m5[0m
    [7m23696[0m     data: XOR<InstallmentContractUpdateInput, InstallmentContractUncheckedUpdateInput>
    [7m     [0m [96m    ~~~~[0m
    The expected type comes from property 'data' which is declared here on type '{ select?: InstallmentContractSelect<DefaultArgs> | null | undefined; omit?: InstallmentContractOmit<DefaultArgs> | null | undefined; include?: InstallmentContractInclude<...> | ... 1 more ... | undefined; data: (Without<...> & InstallmentContractUncheckedUpdateInput) | (Without<...> & InstallmentContractUpdateInput...'

[96msrc/modules/installments/use-cases/create-contract.use-case.ts[0m:[93m284[0m:[93m18[0m - [91merror[0m[90m TS2345: [0mArgument of type '{ installmentNumber: number; dueDate: Date; amount: Prisma.Decimal; notes: null; }' is not assignable to parameter of type 'never'.

[7m284[0m       items.push({
[7m   [0m [91m                 ~[0m
[7m285[0m         installmentNumber: i + 1,
[7m   [0m [91m~~~~~~~~~~~~~~~~~~~~~~~~~~~~~~~~~[0m
[7m...[0m 
[7m288[0m         notes: null,
[7m   [0m [91m~~~~~~~~~~~~~~~~~~~~[0m
[7m289[0m       });
[7m   [0m [91m~~~~~~~[0m

[[90m8:56:31 PM[0m] Found 2 errors. Watching for file changes.

[2J[3J[H[[90m8:56:47 PM[0m] File change detected. Starting incremental compilation...

[96msrc/modules/installments/installments.repository.ts[0m:[93m712[0m:[93m7[0m - [91merror[0m[90m TS2322: [0mType '{ companyId: string; id?: Prisma.StringFieldUpdateOperationsInput | string; partyType?: Prisma.EnumPartyTypeFieldUpdateOperationsInput | $Enums.PartyType; ... 18 more ...; schedules?: Prisma.InstallmentScheduleUpdateManyWithoutContractNestedInput; }' is not assignable to type '(Without<InstallmentContractUpdateInput, InstallmentContractUncheckedUpdateInput> & InstallmentContractUncheckedUpdateInput) | (Without<...> & InstallmentContractUpdateInput)'.
  Type '{ companyId: string; id?: Prisma.StringFieldUpdateOperationsInput | string; partyType?: Prisma.EnumPartyTypeFieldUpdateOperationsInput | $Enums.PartyType; ... 18 more ...; schedules?: Prisma.InstallmentScheduleUpdateManyWithoutContractNestedInput; }' is not assignable to type 'Without<InstallmentContractUpdateInput, InstallmentContractUncheckedUpdateInput> & InstallmentContractUncheckedUpdateInput'.
    Type '{ companyId: string; id?: Prisma.StringFieldUpdateOperationsInput | string; partyType?: Prisma.EnumPartyTypeFieldUpdateOperationsInput | $Enums.PartyType; ... 18 more ...; schedules?: Prisma.InstallmentScheduleUpdateManyWithoutContractNestedInput; }' is not assignable to type 'Without<InstallmentContractUpdateInput, InstallmentContractUncheckedUpdateInput>'.
      Types of property 'company' are incompatible.
        Type 'CompanyUpdateOneRequiredWithoutInstallmentContractsNestedInput | undefined' is not assignable to type 'undefined'.
          Type 'CompanyUpdateOneRequiredWithoutInstallmentContractsNestedInput' is not assignable to type 'undefined'.

[7m712[0m       data: { ...data, companyId },
[7m   [0m [91m      ~~~~[0m

  [96mnode_modules/.prisma/client/index.d.ts[0m:[93m23696[0m:[93m5[0m
    [7m23696[0m     data: XOR<InstallmentContractUpdateInput, InstallmentContractUncheckedUpdateInput>
    [7m     [0m [96m    ~~~~[0m
    The expected type comes from property 'data' which is declared here on type '{ select?: InstallmentContractSelect<DefaultArgs> | null | undefined; omit?: InstallmentContractOmit<DefaultArgs> | null | undefined; include?: InstallmentContractInclude<...> | ... 1 more ... | undefined; data: (Without<...> & InstallmentContractUncheckedUpdateInput) | (Without<...> & InstallmentContractUpdateInput...'

[96msrc/modules/installments/use-cases/create-contract.use-case.ts[0m:[93m284[0m:[93m18[0m - [91merror[0m[90m TS2345: [0mArgument of type '{ installmentNumber: number; dueDate: Date; amount: Prisma.Decimal; notes: null; }' is not assignable to parameter of type 'never'.

[7m284[0m       items.push({
[7m   [0m [91m                 ~[0m
[7m285[0m         installmentNumber: i + 1,
[7m   [0m [91m~~~~~~~~~~~~~~~~~~~~~~~~~~~~~~~~~[0m
[7m...[0m 
[7m288[0m         notes: null,
[7m   [0m [91m~~~~~~~~~~~~~~~~~~~~[0m
[7m289[0m       });
[7m   [0m [91m~~~~~~~[0m

[[90m8:56:48 PM[0m] Found 2 errors. Watching for file changes.

[2J[3J[H[[90m8:57:00 PM[0m] File change detected. Starting incremental compilation...

[96msrc/modules/installments/installments.repository.ts[0m:[93m712[0m:[93m7[0m - [91merror[0m[90m TS2322: [0mType '{ companyId: string; id?: Prisma.StringFieldUpdateOperationsInput | string; partyType?: Prisma.EnumPartyTypeFieldUpdateOperationsInput | $Enums.PartyType; ... 18 more ...; schedules?: Prisma.InstallmentScheduleUpdateManyWithoutContractNestedInput; }' is not assignable to type '(Without<InstallmentContractUpdateInput, InstallmentContractUncheckedUpdateInput> & InstallmentContractUncheckedUpdateInput) | (Without<...> & InstallmentContractUpdateInput)'.
  Type '{ companyId: string; id?: Prisma.StringFieldUpdateOperationsInput | string; partyType?: Prisma.EnumPartyTypeFieldUpdateOperationsInput | $Enums.PartyType; ... 18 more ...; schedules?: Prisma.InstallmentScheduleUpdateManyWithoutContractNestedInput; }' is not assignable to type 'Without<InstallmentContractUpdateInput, InstallmentContractUncheckedUpdateInput> & InstallmentContractUncheckedUpdateInput'.
    Type '{ companyId: string; id?: Prisma.StringFieldUpdateOperationsInput | string; partyType?: Prisma.EnumPartyTypeFieldUpdateOperationsInput | $Enums.PartyType; ... 18 more ...; schedules?: Prisma.InstallmentScheduleUpdateManyWithoutContractNestedInput; }' is not assignable to type 'Without<InstallmentContractUpdateInput, InstallmentContractUncheckedUpdateInput>'.
      Types of property 'company' are incompatible.
        Type 'CompanyUpdateOneRequiredWithoutInstallmentContractsNestedInput | undefined' is not assignable to type 'undefined'.
          Type 'CompanyUpdateOneRequiredWithoutInstallmentContractsNestedInput' is not assignable to type 'undefined'.

[7m712[0m       data: { ...data, companyId },
[7m   [0m [91m      ~~~~[0m

  [96mnode_modules/.prisma/client/index.d.ts[0m:[93m23696[0m:[93m5[0m
    [7m23696[0m     data: XOR<InstallmentContractUpdateInput, InstallmentContractUncheckedUpdateInput>
    [7m     [0m [96m    ~~~~[0m
    The expected type comes from property 'data' which is declared here on type '{ select?: InstallmentContractSelect<DefaultArgs> | null | undefined; omit?: InstallmentContractOmit<DefaultArgs> | null | undefined; include?: InstallmentContractInclude<...> | ... 1 more ... | undefined; data: (Without<...> & InstallmentContractUncheckedUpdateInput) | (Without<...> & InstallmentContractUpdateInput...'

[96msrc/modules/installments/use-cases/create-contract.use-case.ts[0m:[93m284[0m:[93m18[0m - [91merror[0m[90m TS2345: [0mArgument of type '{ installmentNumber: number; dueDate: Date; amount: Prisma.Decimal; notes: null; }' is not assignable to parameter of type 'never'.

[7m284[0m       items.push({
[7m   [0m [91m                 ~[0m
[7m285[0m         installmentNumber: i + 1,
[7m   [0m [91m~~~~~~~~~~~~~~~~~~~~~~~~~~~~~~~~~[0m
[7m...[0m 
[7m288[0m         notes: null,
[7m   [0m [91m~~~~~~~~~~~~~~~~~~~~[0m
[7m289[0m       });
[7m   [0m [91m~~~~~~~[0m

[[90m8:57:00 PM[0m] Found 2 errors. Watching for file changes.

[2J[3J[H[[90m8:57:09 PM[0m] File change detected. Starting incremental compilation...

[96msrc/modules/installments/installments.repository.ts[0m:[93m712[0m:[93m7[0m - [91merror[0m[90m TS2322: [0mType '{ companyId: string; id?: Prisma.StringFieldUpdateOperationsInput | string; partyType?: Prisma.EnumPartyTypeFieldUpdateOperationsInput | $Enums.PartyType; ... 18 more ...; schedules?: Prisma.InstallmentScheduleUpdateManyWithoutContractNestedInput; }' is not assignable to type '(Without<InstallmentContractUpdateInput, InstallmentContractUncheckedUpdateInput> & InstallmentContractUncheckedUpdateInput) | (Without<...> & InstallmentContractUpdateInput)'.
  Type '{ companyId: string; id?: Prisma.StringFieldUpdateOperationsInput | string; partyType?: Prisma.EnumPartyTypeFieldUpdateOperationsInput | $Enums.PartyType; ... 18 more ...; schedules?: Prisma.InstallmentScheduleUpdateManyWithoutContractNestedInput; }' is not assignable to type 'Without<InstallmentContractUpdateInput, InstallmentContractUncheckedUpdateInput> & InstallmentContractUncheckedUpdateInput'.
    Type '{ companyId: string; id?: Prisma.StringFieldUpdateOperationsInput | string; partyType?: Prisma.EnumPartyTypeFieldUpdateOperationsInput | $Enums.PartyType; ... 18 more ...; schedules?: Prisma.InstallmentScheduleUpdateManyWithoutContractNestedInput; }' is not assignable to type 'Without<InstallmentContractUpdateInput, InstallmentContractUncheckedUpdateInput>'.
      Types of property 'company' are incompatible.
        Type 'CompanyUpdateOneRequiredWithoutInstallmentContractsNestedInput | undefined' is not assignable to type 'undefined'.
          Type 'CompanyUpdateOneRequiredWithoutInstallmentContractsNestedInput' is not assignable to type 'undefined'.

[7m712[0m       data: { ...data, companyId },
[7m   [0m [91m      ~~~~[0m

  [96mnode_modules/.prisma/client/index.d.ts[0m:[93m23696[0m:[93m5[0m
    [7m23696[0m     data: XOR<InstallmentContractUpdateInput, InstallmentContractUncheckedUpdateInput>
    [7m     [0m [96m    ~~~~[0m
    The expected type comes from property 'data' which is declared here on type '{ select?: InstallmentContractSelect<DefaultArgs> | null | undefined; omit?: InstallmentContractOmit<DefaultArgs> | null | undefined; include?: InstallmentContractInclude<...> | ... 1 more ... | undefined; data: (Without<...> & InstallmentContractUncheckedUpdateInput) | (Without<...> & InstallmentContractUpdateInput...'

[96msrc/modules/installments/use-cases/create-contract.use-case.ts[0m:[93m284[0m:[93m18[0m - [91merror[0m[90m TS2345: [0mArgument of type '{ installmentNumber: number; dueDate: Date; amount: Prisma.Decimal; notes: null; }' is not assignable to parameter of type 'never'.

[7m284[0m       items.push({
[7m   [0m [91m                 ~[0m
[7m285[0m         installmentNumber: i + 1,
[7m   [0m [91m~~~~~~~~~~~~~~~~~~~~~~~~~~~~~~~~~[0m
[7m...[0m 
[7m288[0m         notes: null,
[7m   [0m [91m~~~~~~~~~~~~~~~~~~~~[0m
[7m289[0m       });
[7m   [0m [91m~~~~~~~[0m

[[90m8:57:09 PM[0m] Found 2 errors. Watching for file changes.

[2J[3J[H[[90m8:57:19 PM[0m] File change detected. Starting incremental compilation...

[96msrc/modules/installments/installments.repository.ts[0m:[93m712[0m:[93m7[0m - [91merror[0m[90m TS2322: [0mType '{ companyId: string; id?: Prisma.StringFieldUpdateOperationsInput | string; partyType?: Prisma.EnumPartyTypeFieldUpdateOperationsInput | $Enums.PartyType; ... 18 more ...; schedules?: Prisma.InstallmentScheduleUpdateManyWithoutContractNestedInput; }' is not assignable to type '(Without<InstallmentContractUpdateInput, InstallmentContractUncheckedUpdateInput> & InstallmentContractUncheckedUpdateInput) | (Without<...> & InstallmentContractUpdateInput)'.
  Type '{ companyId: string; id?: Prisma.StringFieldUpdateOperationsInput | string; partyType?: Prisma.EnumPartyTypeFieldUpdateOperationsInput | $Enums.PartyType; ... 18 more ...; schedules?: Prisma.InstallmentScheduleUpdateManyWithoutContractNestedInput; }' is not assignable to type 'Without<InstallmentContractUpdateInput, InstallmentContractUncheckedUpdateInput> & InstallmentContractUncheckedUpdateInput'.
    Type '{ companyId: string; id?: Prisma.StringFieldUpdateOperationsInput | string; partyType?: Prisma.EnumPartyTypeFieldUpdateOperationsInput | $Enums.PartyType; ... 18 more ...; schedules?: Prisma.InstallmentScheduleUpdateManyWithoutContractNestedInput; }' is not assignable to type 'Without<InstallmentContractUpdateInput, InstallmentContractUncheckedUpdateInput>'.
      Types of property 'company' are incompatible.
        Type 'CompanyUpdateOneRequiredWithoutInstallmentContractsNestedInput | undefined' is not assignable to type 'undefined'.
          Type 'CompanyUpdateOneRequiredWithoutInstallmentContractsNestedInput' is not assignable to type 'undefined'.

[7m712[0m       data: { ...data, companyId },
[7m   [0m [91m      ~~~~[0m

  [96mnode_modules/.prisma/client/index.d.ts[0m:[93m23696[0m:[93m5[0m
    [7m23696[0m     data: XOR<InstallmentContractUpdateInput, InstallmentContractUncheckedUpdateInput>
    [7m     [0m [96m    ~~~~[0m
    The expected type comes from property 'data' which is declared here on type '{ select?: InstallmentContractSelect<DefaultArgs> | null | undefined; omit?: InstallmentContractOmit<DefaultArgs> | null | undefined; include?: InstallmentContractInclude<...> | ... 1 more ... | undefined; data: (Without<...> & InstallmentContractUncheckedUpdateInput) | (Without<...> & InstallmentContractUpdateInput...'

[96msrc/modules/installments/use-cases/create-contract.use-case.ts[0m:[93m284[0m:[93m18[0m - [91merror[0m[90m TS2345: [0mArgument of type '{ installmentNumber: number; dueDate: Date; amount: Prisma.Decimal; notes: null; }' is not assignable to parameter of type 'never'.

[7m284[0m       items.push({
[7m   [0m [91m                 ~[0m
[7m285[0m         installmentNumber: i + 1,
[7m   [0m [91m~~~~~~~~~~~~~~~~~~~~~~~~~~~~~~~~~[0m
[7m...[0m 
[7m288[0m         notes: null,
[7m   [0m [91m~~~~~~~~~~~~~~~~~~~~[0m
[7m289[0m       });
[7m   [0m [91m~~~~~~~[0m

[[90m8:57:19 PM[0m] Found 2 errors. Watching for file changes.

[2J[3J[H[[90m8:57:23 PM[0m] File change detected. Starting incremental compilation...

[96msrc/modules/installments/installments.repository.ts[0m:[93m712[0m:[93m7[0m - [91merror[0m[90m TS2322: [0mType '{ companyId: string; id?: Prisma.StringFieldUpdateOperationsInput | string; partyType?: Prisma.EnumPartyTypeFieldUpdateOperationsInput | $Enums.PartyType; ... 18 more ...; schedules?: Prisma.InstallmentScheduleUpdateManyWithoutContractNestedInput; }' is not assignable to type '(Without<InstallmentContractUpdateInput, InstallmentContractUncheckedUpdateInput> & InstallmentContractUncheckedUpdateInput) | (Without<...> & InstallmentContractUpdateInput)'.
  Type '{ companyId: string; id?: Prisma.StringFieldUpdateOperationsInput | string; partyType?: Prisma.EnumPartyTypeFieldUpdateOperationsInput | $Enums.PartyType; ... 18 more ...; schedules?: Prisma.InstallmentScheduleUpdateManyWithoutContractNestedInput; }' is not assignable to type 'Without<InstallmentContractUpdateInput, InstallmentContractUncheckedUpdateInput> & InstallmentContractUncheckedUpdateInput'.
    Type '{ companyId: string; id?: Prisma.StringFieldUpdateOperationsInput | string; partyType?: Prisma.EnumPartyTypeFieldUpdateOperationsInput | $Enums.PartyType; ... 18 more ...; schedules?: Prisma.InstallmentScheduleUpdateManyWithoutContractNestedInput; }' is not assignable to type 'Without<InstallmentContractUpdateInput, InstallmentContractUncheckedUpdateInput>'.
      Types of property 'company' are incompatible.
        Type 'CompanyUpdateOneRequiredWithoutInstallmentContractsNestedInput | undefined' is not assignable to type 'undefined'.
          Type 'CompanyUpdateOneRequiredWithoutInstallmentContractsNestedInput' is not assignable to type 'undefined'.

[7m712[0m       data: { ...data, companyId },
[7m   [0m [91m      ~~~~[0m

  [96mnode_modules/.prisma/client/index.d.ts[0m:[93m23696[0m:[93m5[0m
    [7m23696[0m     data: XOR<InstallmentContractUpdateInput, InstallmentContractUncheckedUpdateInput>
    [7m     [0m [96m    ~~~~[0m
    The expected type comes from property 'data' which is declared here on type '{ select?: InstallmentContractSelect<DefaultArgs> | null | undefined; omit?: InstallmentContractOmit<DefaultArgs> | null | undefined; include?: InstallmentContractInclude<...> | ... 1 more ... | undefined; data: (Without<...> & InstallmentContractUncheckedUpdateInput) | (Without<...> & InstallmentContractUpdateInput...'

[96msrc/modules/installments/use-cases/create-contract.use-case.ts[0m:[93m284[0m:[93m18[0m - [91merror[0m[90m TS2345: [0mArgument of type '{ installmentNumber: number; dueDate: Date; amount: Prisma.Decimal; notes: null; }' is not assignable to parameter of type 'never'.

[7m284[0m       items.push({
[7m   [0m [91m                 ~[0m
[7m285[0m         installmentNumber: i + 1,
[7m   [0m [91m~~~~~~~~~~~~~~~~~~~~~~~~~~~~~~~~~[0m
[7m...[0m 
[7m288[0m         notes: null,
[7m   [0m [91m~~~~~~~~~~~~~~~~~~~~[0m
[7m289[0m       });
[7m   [0m [91m~~~~~~~[0m

[[90m8:57:23 PM[0m] Found 2 errors. Watching for file changes.

[2J[3J[H[[90m8:57:46 PM[0m] File change detected. Starting incremental compilation...

[96msrc/modules/installments/installments.repository.ts[0m:[93m712[0m:[93m7[0m - [91merror[0m[90m TS2322: [0mType '{ companyId: string; id?: Prisma.StringFieldUpdateOperationsInput | string; partyType?: Prisma.EnumPartyTypeFieldUpdateOperationsInput | $Enums.PartyType; ... 18 more ...; schedules?: Prisma.InstallmentScheduleUpdateManyWithoutContractNestedInput; }' is not assignable to type '(Without<InstallmentContractUpdateInput, InstallmentContractUncheckedUpdateInput> & InstallmentContractUncheckedUpdateInput) | (Without<...> & InstallmentContractUpdateInput)'.
  Type '{ companyId: string; id?: Prisma.StringFieldUpdateOperationsInput | string; partyType?: Prisma.EnumPartyTypeFieldUpdateOperationsInput | $Enums.PartyType; ... 18 more ...; schedules?: Prisma.InstallmentScheduleUpdateManyWithoutContractNestedInput; }' is not assignable to type 'Without<InstallmentContractUpdateInput, InstallmentContractUncheckedUpdateInput> & InstallmentContractUncheckedUpdateInput'.
    Type '{ companyId: string; id?: Prisma.StringFieldUpdateOperationsInput | string; partyType?: Prisma.EnumPartyTypeFieldUpdateOperationsInput | $Enums.PartyType; ... 18 more ...; schedules?: Prisma.InstallmentScheduleUpdateManyWithoutContractNestedInput; }' is not assignable to type 'Without<InstallmentContractUpdateInput, InstallmentContractUncheckedUpdateInput>'.
      Types of property 'company' are incompatible.
        Type 'CompanyUpdateOneRequiredWithoutInstallmentContractsNestedInput | undefined' is not assignable to type 'undefined'.
          Type 'CompanyUpdateOneRequiredWithoutInstallmentContractsNestedInput' is not assignable to type 'undefined'.

[7m712[0m       data: { ...data, companyId },
[7m   [0m [91m      ~~~~[0m

  [96mnode_modules/.prisma/client/index.d.ts[0m:[93m23696[0m:[93m5[0m
    [7m23696[0m     data: XOR<InstallmentContractUpdateInput, InstallmentContractUncheckedUpdateInput>
    [7m     [0m [96m    ~~~~[0m
    The expected type comes from property 'data' which is declared here on type '{ select?: InstallmentContractSelect<DefaultArgs> | null | undefined; omit?: InstallmentContractOmit<DefaultArgs> | null | undefined; include?: InstallmentContractInclude<...> | ... 1 more ... | undefined; data: (Without<...> & InstallmentContractUncheckedUpdateInput) | (Without<...> & InstallmentContractUpdateInput...'

[96msrc/modules/installments/use-cases/create-contract.use-case.ts[0m:[93m284[0m:[93m18[0m - [91merror[0m[90m TS2345: [0mArgument of type '{ installmentNumber: number; dueDate: Date; amount: Prisma.Decimal; notes: null; }' is not assignable to parameter of type 'never'.

[7m284[0m       items.push({
[7m   [0m [91m                 ~[0m
[7m285[0m         installmentNumber: i + 1,
[7m   [0m [91m~~~~~~~~~~~~~~~~~~~~~~~~~~~~~~~~~[0m
[7m...[0m 
[7m288[0m         notes: null,
[7m   [0m [91m~~~~~~~~~~~~~~~~~~~~[0m
[7m289[0m       });
[7m   [0m [91m~~~~~~~[0m

[[90m8:57:47 PM[0m] Found 2 errors. Watching for file changes.

[2J[3J[H[[90m8:58:03 PM[0m] File change detected. Starting incremental compilation...

[96msrc/modules/installments/installments.repository.ts[0m:[93m712[0m:[93m7[0m - [91merror[0m[90m TS2322: [0mType '{ companyId: string; id?: Prisma.StringFieldUpdateOperationsInput | string; partyType?: Prisma.EnumPartyTypeFieldUpdateOperationsInput | $Enums.PartyType; ... 18 more ...; schedules?: Prisma.InstallmentScheduleUpdateManyWithoutContractNestedInput; }' is not assignable to type '(Without<InstallmentContractUpdateInput, InstallmentContractUncheckedUpdateInput> & InstallmentContractUncheckedUpdateInput) | (Without<...> & InstallmentContractUpdateInput)'.
  Type '{ companyId: string; id?: Prisma.StringFieldUpdateOperationsInput | string; partyType?: Prisma.EnumPartyTypeFieldUpdateOperationsInput | $Enums.PartyType; ... 18 more ...; schedules?: Prisma.InstallmentScheduleUpdateManyWithoutContractNestedInput; }' is not assignable to type 'Without<InstallmentContractUpdateInput, InstallmentContractUncheckedUpdateInput> & InstallmentContractUncheckedUpdateInput'.
    Type '{ companyId: string; id?: Prisma.StringFieldUpdateOperationsInput | string; partyType?: Prisma.EnumPartyTypeFieldUpdateOperationsInput | $Enums.PartyType; ... 18 more ...; schedules?: Prisma.InstallmentScheduleUpdateManyWithoutContractNestedInput; }' is not assignable to type 'Without<InstallmentContractUpdateInput, InstallmentContractUncheckedUpdateInput>'.
      Types of property 'company' are incompatible.
        Type 'CompanyUpdateOneRequiredWithoutInstallmentContractsNestedInput | undefined' is not assignable to type 'undefined'.
          Type 'CompanyUpdateOneRequiredWithoutInstallmentContractsNestedInput' is not assignable to type 'undefined'.

[7m712[0m       data: { ...data, companyId },
[7m   [0m [91m      ~~~~[0m

  [96mnode_modules/.prisma/client/index.d.ts[0m:[93m23696[0m:[93m5[0m
    [7m23696[0m     data: XOR<InstallmentContractUpdateInput, InstallmentContractUncheckedUpdateInput>
    [7m     [0m [96m    ~~~~[0m
    The expected type comes from property 'data' which is declared here on type '{ select?: InstallmentContractSelect<DefaultArgs> | null | undefined; omit?: InstallmentContractOmit<DefaultArgs> | null | undefined; include?: InstallmentContractInclude<...> | ... 1 more ... | undefined; data: (Without<...> & InstallmentContractUncheckedUpdateInput) | (Without<...> & InstallmentContractUpdateInput...'

[96msrc/modules/installments/use-cases/create-contract.use-case.ts[0m:[93m284[0m:[93m18[0m - [91merror[0m[90m TS2345: [0mArgument of type '{ installmentNumber: number; dueDate: Date; amount: Prisma.Decimal; notes: null; }' is not assignable to parameter of type 'never'.

[7m284[0m       items.push({
[7m   [0m [91m                 ~[0m
[7m285[0m         installmentNumber: i + 1,
[7m   [0m [91m~~~~~~~~~~~~~~~~~~~~~~~~~~~~~~~~~[0m
[7m...[0m 
[7m288[0m         notes: null,
[7m   [0m [91m~~~~~~~~~~~~~~~~~~~~[0m
[7m289[0m       });
[7m   [0m [91m~~~~~~~[0m

[[90m8:58:04 PM[0m] Found 2 errors. Watching for file changes.

[2J[3J[H[[90m8:58:04 PM[0m] File change detected. Starting incremental compilation...

[96msrc/modules/installments/installments.repository.ts[0m:[93m712[0m:[93m7[0m - [91merror[0m[90m TS2322: [0mType '{ companyId: string; id?: Prisma.StringFieldUpdateOperationsInput | string; partyType?: Prisma.EnumPartyTypeFieldUpdateOperationsInput | $Enums.PartyType; ... 18 more ...; schedules?: Prisma.InstallmentScheduleUpdateManyWithoutContractNestedInput; }' is not assignable to type '(Without<InstallmentContractUpdateInput, InstallmentContractUncheckedUpdateInput> & InstallmentContractUncheckedUpdateInput) | (Without<...> & InstallmentContractUpdateInput)'.
  Type '{ companyId: string; id?: Prisma.StringFieldUpdateOperationsInput | string; partyType?: Prisma.EnumPartyTypeFieldUpdateOperationsInput | $Enums.PartyType; ... 18 more ...; schedules?: Prisma.InstallmentScheduleUpdateManyWithoutContractNestedInput; }' is not assignable to type 'Without<InstallmentContractUpdateInput, InstallmentContractUncheckedUpdateInput> & InstallmentContractUncheckedUpdateInput'.
    Type '{ companyId: string; id?: Prisma.StringFieldUpdateOperationsInput | string; partyType?: Prisma.EnumPartyTypeFieldUpdateOperationsInput | $Enums.PartyType; ... 18 more ...; schedules?: Prisma.InstallmentScheduleUpdateManyWithoutContractNestedInput; }' is not assignable to type 'Without<InstallmentContractUpdateInput, InstallmentContractUncheckedUpdateInput>'.
      Types of property 'company' are incompatible.
        Type 'CompanyUpdateOneRequiredWithoutInstallmentContractsNestedInput | undefined' is not assignable to type 'undefined'.
          Type 'CompanyUpdateOneRequiredWithoutInstallmentContractsNestedInput' is not assignable to type 'undefined'.

[7m712[0m       data: { ...data, companyId },
[7m   [0m [91m      ~~~~[0m

  [96mnode_modules/.prisma/client/index.d.ts[0m:[93m23696[0m:[93m5[0m
    [7m23696[0m     data: XOR<InstallmentContractUpdateInput, InstallmentContractUncheckedUpdateInput>
    [7m     [0m [96m    ~~~~[0m
    The expected type comes from property 'data' which is declared here on type '{ select?: InstallmentContractSelect<DefaultArgs> | null | undefined; omit?: InstallmentContractOmit<DefaultArgs> | null | undefined; include?: InstallmentContractInclude<...> | ... 1 more ... | undefined; data: (Without<...> & InstallmentContractUncheckedUpdateInput) | (Without<...> & InstallmentContractUpdateInput...'

[96msrc/modules/installments/use-cases/create-contract.use-case.ts[0m:[93m284[0m:[93m18[0m - [91merror[0m[90m TS2345: [0mArgument of type '{ installmentNumber: number; dueDate: Date; amount: Prisma.Decimal; notes: null; }' is not assignable to parameter of type 'never'.

[7m284[0m       items.push({
[7m   [0m [91m                 ~[0m
[7m285[0m         installmentNumber: i + 1,
[7m   [0m [91m~~~~~~~~~~~~~~~~~~~~~~~~~~~~~~~~~[0m
[7m...[0m 
[7m288[0m         notes: null,
[7m   [0m [91m~~~~~~~~~~~~~~~~~~~~[0m
[7m289[0m       });
[7m   [0m [91m~~~~~~~[0m

[[90m8:58:04 PM[0m] Found 2 errors. Watching for file changes.

[2J[3J[H[[90m8:58:18 PM[0m] File change detected. Starting incremental compilation...

[96msrc/modules/installments/installments.repository.ts[0m:[93m712[0m:[93m7[0m - [91merror[0m[90m TS2322: [0mType '{ companyId: string; id?: Prisma.StringFieldUpdateOperationsInput | string; partyType?: Prisma.EnumPartyTypeFieldUpdateOperationsInput | $Enums.PartyType; ... 18 more ...; schedules?: Prisma.InstallmentScheduleUpdateManyWithoutContractNestedInput; }' is not assignable to type '(Without<InstallmentContractUpdateInput, InstallmentContractUncheckedUpdateInput> & InstallmentContractUncheckedUpdateInput) | (Without<...> & InstallmentContractUpdateInput)'.
  Type '{ companyId: string; id?: Prisma.StringFieldUpdateOperationsInput | string; partyType?: Prisma.EnumPartyTypeFieldUpdateOperationsInput | $Enums.PartyType; ... 18 more ...; schedules?: Prisma.InstallmentScheduleUpdateManyWithoutContractNestedInput; }' is not assignable to type 'Without<InstallmentContractUpdateInput, InstallmentContractUncheckedUpdateInput> & InstallmentContractUncheckedUpdateInput'.
    Type '{ companyId: string; id?: Prisma.StringFieldUpdateOperationsInput | string; partyType?: Prisma.EnumPartyTypeFieldUpdateOperationsInput | $Enums.PartyType; ... 18 more ...; schedules?: Prisma.InstallmentScheduleUpdateManyWithoutContractNestedInput; }' is not assignable to type 'Without<InstallmentContractUpdateInput, InstallmentContractUncheckedUpdateInput>'.
      Types of property 'company' are incompatible.
        Type 'CompanyUpdateOneRequiredWithoutInstallmentContractsNestedInput | undefined' is not assignable to type 'undefined'.
          Type 'CompanyUpdateOneRequiredWithoutInstallmentContractsNestedInput' is not assignable to type 'undefined'.

[7m712[0m       data: { ...data, companyId },
[7m   [0m [91m      ~~~~[0m

  [96mnode_modules/.prisma/client/index.d.ts[0m:[93m23696[0m:[93m5[0m
    [7m23696[0m     data: XOR<InstallmentContractUpdateInput, InstallmentContractUncheckedUpdateInput>
    [7m     [0m [96m    ~~~~[0m
    The expected type comes from property 'data' which is declared here on type '{ select?: InstallmentContractSelect<DefaultArgs> | null | undefined; omit?: InstallmentContractOmit<DefaultArgs> | null | undefined; include?: InstallmentContractInclude<...> | ... 1 more ... | undefined; data: (Without<...> & InstallmentContractUncheckedUpdateInput) | (Without<...> & InstallmentContractUpdateInput...'

[96msrc/modules/installments/use-cases/create-contract.use-case.ts[0m:[93m284[0m:[93m18[0m - [91merror[0m[90m TS2345: [0mArgument of type '{ installmentNumber: number; dueDate: Date; amount: Prisma.Decimal; notes: null; }' is not assignable to parameter of type 'never'.

[7m284[0m       items.push({
[7m   [0m [91m                 ~[0m
[7m285[0m         installmentNumber: i + 1,
[7m   [0m [91m~~~~~~~~~~~~~~~~~~~~~~~~~~~~~~~~~[0m
[7m...[0m 
[7m288[0m         notes: null,
[7m   [0m [91m~~~~~~~~~~~~~~~~~~~~[0m
[7m289[0m       });
[7m   [0m [91m~~~~~~~[0m

[[90m8:58:18 PM[0m] Found 2 errors. Watching for file changes.

[2J[3J[H[[90m8:58:20 PM[0m] File change detected. Starting incremental compilation...

[96msrc/modules/installments/installments.repository.ts[0m:[93m712[0m:[93m7[0m - [91merror[0m[90m TS2322: [0mType '{ companyId: string; id?: Prisma.StringFieldUpdateOperationsInput | string; partyType?: Prisma.EnumPartyTypeFieldUpdateOperationsInput | $Enums.PartyType; ... 18 more ...; schedules?: Prisma.InstallmentScheduleUpdateManyWithoutContractNestedInput; }' is not assignable to type '(Without<InstallmentContractUpdateInput, InstallmentContractUncheckedUpdateInput> & InstallmentContractUncheckedUpdateInput) | (Without<...> & InstallmentContractUpdateInput)'.
  Type '{ companyId: string; id?: Prisma.StringFieldUpdateOperationsInput | string; partyType?: Prisma.EnumPartyTypeFieldUpdateOperationsInput | $Enums.PartyType; ... 18 more ...; schedules?: Prisma.InstallmentScheduleUpdateManyWithoutContractNestedInput; }' is not assignable to type 'Without<InstallmentContractUpdateInput, InstallmentContractUncheckedUpdateInput> & InstallmentContractUncheckedUpdateInput'.
    Type '{ companyId: string; id?: Prisma.StringFieldUpdateOperationsInput | string; partyType?: Prisma.EnumPartyTypeFieldUpdateOperationsInput | $Enums.PartyType; ... 18 more ...; schedules?: Prisma.InstallmentScheduleUpdateManyWithoutContractNestedInput; }' is not assignable to type 'Without<InstallmentContractUpdateInput, InstallmentContractUncheckedUpdateInput>'.
      Types of property 'company' are incompatible.
        Type 'CompanyUpdateOneRequiredWithoutInstallmentContractsNestedInput | undefined' is not assignable to type 'undefined'.
          Type 'CompanyUpdateOneRequiredWithoutInstallmentContractsNestedInput' is not assignable to type 'undefined'.

[7m712[0m       data: { ...data, companyId },
[7m   [0m [91m      ~~~~[0m

  [96mnode_modules/.prisma/client/index.d.ts[0m:[93m23696[0m:[93m5[0m
    [7m23696[0m     data: XOR<InstallmentContractUpdateInput, InstallmentContractUncheckedUpdateInput>
    [7m     [0m [96m    ~~~~[0m
    The expected type comes from property 'data' which is declared here on type '{ select?: InstallmentContractSelect<DefaultArgs> | null | undefined; omit?: InstallmentContractOmit<DefaultArgs> | null | undefined; include?: InstallmentContractInclude<...> | ... 1 more ... | undefined; data: (Without<...> & InstallmentContractUncheckedUpdateInput) | (Without<...> & InstallmentContractUpdateInput...'

[96msrc/modules/installments/use-cases/create-contract.use-case.ts[0m:[93m284[0m:[93m18[0m - [91merror[0m[90m TS2345: [0mArgument of type '{ installmentNumber: number; dueDate: Date; amount: Prisma.Decimal; notes: null; }' is not assignable to parameter of type 'never'.

[7m284[0m       items.push({
[7m   [0m [91m                 ~[0m
[7m285[0m         installmentNumber: i + 1,
[7m   [0m [91m~~~~~~~~~~~~~~~~~~~~~~~~~~~~~~~~~[0m
[7m...[0m 
[7m288[0m         notes: null,
[7m   [0m [91m~~~~~~~~~~~~~~~~~~~~[0m
[7m289[0m       });
[7m   [0m [91m~~~~~~~[0m

[[90m8:58:21 PM[0m] Found 2 errors. Watching for file changes.

[2J[3J[H[[90m8:59:37 PM[0m] File change detected. Starting incremental compilation...

[96msrc/modules/installments/installments.repository.ts[0m:[93m712[0m:[93m7[0m - [91merror[0m[90m TS2322: [0mType '{ companyId: string; id?: Prisma.StringFieldUpdateOperationsInput | string; partyType?: Prisma.EnumPartyTypeFieldUpdateOperationsInput | $Enums.PartyType; ... 18 more ...; schedules?: Prisma.InstallmentScheduleUpdateManyWithoutContractNestedInput; }' is not assignable to type '(Without<InstallmentContractUpdateInput, InstallmentContractUncheckedUpdateInput> & InstallmentContractUncheckedUpdateInput) | (Without<...> & InstallmentContractUpdateInput)'.
  Type '{ companyId: string; id?: Prisma.StringFieldUpdateOperationsInput | string; partyType?: Prisma.EnumPartyTypeFieldUpdateOperationsInput | $Enums.PartyType; ... 18 more ...; schedules?: Prisma.InstallmentScheduleUpdateManyWithoutContractNestedInput; }' is not assignable to type 'Without<InstallmentContractUpdateInput, InstallmentContractUncheckedUpdateInput> & InstallmentContractUncheckedUpdateInput'.
    Type '{ companyId: string; id?: Prisma.StringFieldUpdateOperationsInput | string; partyType?: Prisma.EnumPartyTypeFieldUpdateOperationsInput | $Enums.PartyType; ... 18 more ...; schedules?: Prisma.InstallmentScheduleUpdateManyWithoutContractNestedInput; }' is not assignable to type 'Without<InstallmentContractUpdateInput, InstallmentContractUncheckedUpdateInput>'.
      Types of property 'company' are incompatible.
        Type 'CompanyUpdateOneRequiredWithoutInstallmentContractsNestedInput | undefined' is not assignable to type 'undefined'.
          Type 'CompanyUpdateOneRequiredWithoutInstallmentContractsNestedInput' is not assignable to type 'undefined'.

[7m712[0m       data: { ...data, companyId },
[7m   [0m [91m      ~~~~[0m

  [96mnode_modules/.prisma/client/index.d.ts[0m:[93m23696[0m:[93m5[0m
    [7m23696[0m     data: XOR<InstallmentContractUpdateInput, InstallmentContractUncheckedUpdateInput>
    [7m     [0m [96m    ~~~~[0m
    The expected type comes from property 'data' which is declared here on type '{ select?: InstallmentContractSelect<DefaultArgs> | null | undefined; omit?: InstallmentContractOmit<DefaultArgs> | null | undefined; include?: InstallmentContractInclude<...> | ... 1 more ... | undefined; data: (Without<...> & InstallmentContractUncheckedUpdateInput) | (Without<...> & InstallmentContractUpdateInput...'

[96msrc/modules/installments/use-cases/create-contract.use-case.ts[0m:[93m284[0m:[93m18[0m - [91merror[0m[90m TS2345: [0mArgument of type '{ installmentNumber: number; dueDate: Date; amount: Prisma.Decimal; notes: null; }' is not assignable to parameter of type 'never'.

[7m284[0m       items.push({
[7m   [0m [91m                 ~[0m
[7m285[0m         installmentNumber: i + 1,
[7m   [0m [91m~~~~~~~~~~~~~~~~~~~~~~~~~~~~~~~~~[0m
[7m...[0m 
[7m288[0m         notes: null,
[7m   [0m [91m~~~~~~~~~~~~~~~~~~~~[0m
[7m289[0m       });
[7m   [0m [91m~~~~~~~[0m

[[90m8:59:37 PM[0m] Found 2 errors. Watching for file changes.

[2J[3J[H[[90m8:59:40 PM[0m] File change detected. Starting incremental compilation...

[96msrc/modules/installments/installments.repository.ts[0m:[93m712[0m:[93m7[0m - [91merror[0m[90m TS2322: [0mType '{ companyId: string; id?: Prisma.StringFieldUpdateOperationsInput | string; partyType?: Prisma.EnumPartyTypeFieldUpdateOperationsInput | $Enums.PartyType; ... 18 more ...; schedules?: Prisma.InstallmentScheduleUpdateManyWithoutContractNestedInput; }' is not assignable to type '(Without<InstallmentContractUpdateInput, InstallmentContractUncheckedUpdateInput> & InstallmentContractUncheckedUpdateInput) | (Without<...> & InstallmentContractUpdateInput)'.
  Type '{ companyId: string; id?: Prisma.StringFieldUpdateOperationsInput | string; partyType?: Prisma.EnumPartyTypeFieldUpdateOperationsInput | $Enums.PartyType; ... 18 more ...; schedules?: Prisma.InstallmentScheduleUpdateManyWithoutContractNestedInput; }' is not assignable to type 'Without<InstallmentContractUpdateInput, InstallmentContractUncheckedUpdateInput> & InstallmentContractUncheckedUpdateInput'.
    Type '{ companyId: string; id?: Prisma.StringFieldUpdateOperationsInput | string; partyType?: Prisma.EnumPartyTypeFieldUpdateOperationsInput | $Enums.PartyType; ... 18 more ...; schedules?: Prisma.InstallmentScheduleUpdateManyWithoutContractNestedInput; }' is not assignable to type 'Without<InstallmentContractUpdateInput, InstallmentContractUncheckedUpdateInput>'.
      Types of property 'company' are incompatible.
        Type 'CompanyUpdateOneRequiredWithoutInstallmentContractsNestedInput | undefined' is not assignable to type 'undefined'.
          Type 'CompanyUpdateOneRequiredWithoutInstallmentContractsNestedInput' is not assignable to type 'undefined'.

[7m712[0m       data: { ...data, companyId },
[7m   [0m [91m      ~~~~[0m

  [96mnode_modules/.prisma/client/index.d.ts[0m:[93m23696[0m:[93m5[0m
    [7m23696[0m     data: XOR<InstallmentContractUpdateInput, InstallmentContractUncheckedUpdateInput>
    [7m     [0m [96m    ~~~~[0m
    The expected type comes from property 'data' which is declared here on type '{ select?: InstallmentContractSelect<DefaultArgs> | null | undefined; omit?: InstallmentContractOmit<DefaultArgs> | null | undefined; include?: InstallmentContractInclude<...> | ... 1 more ... | undefined; data: (Without<...> & InstallmentContractUncheckedUpdateInput) | (Without<...> & InstallmentContractUpdateInput...'

[96msrc/modules/installments/use-cases/create-contract.use-case.ts[0m:[93m284[0m:[93m18[0m - [91merror[0m[90m TS2345: [0mArgument of type '{ installmentNumber: number; dueDate: Date; amount: Prisma.Decimal; notes: null; }' is not assignable to parameter of type 'never'.

[7m284[0m       items.push({
[7m   [0m [91m                 ~[0m
[7m285[0m         installmentNumber: i + 1,
[7m   [0m [91m~~~~~~~~~~~~~~~~~~~~~~~~~~~~~~~~~[0m
[7m...[0m 
[7m288[0m         notes: null,
[7m   [0m [91m~~~~~~~~~~~~~~~~~~~~[0m
[7m289[0m       });
[7m   [0m [91m~~~~~~~[0m

[[90m8:59:41 PM[0m] Found 2 errors. Watching for file changes.

[2J[3J[H[[90m8:59:50 PM[0m] File change detected. Starting incremental compilation...

[96msrc/modules/installments/installments.repository.ts[0m:[93m712[0m:[93m7[0m - [91merror[0m[90m TS2322: [0mType '{ companyId: string; id?: Prisma.StringFieldUpdateOperationsInput | string; partyType?: Prisma.EnumPartyTypeFieldUpdateOperationsInput | $Enums.PartyType; ... 18 more ...; schedules?: Prisma.InstallmentScheduleUpdateManyWithoutContractNestedInput; }' is not assignable to type '(Without<InstallmentContractUpdateInput, InstallmentContractUncheckedUpdateInput> & InstallmentContractUncheckedUpdateInput) | (Without<...> & InstallmentContractUpdateInput)'.
  Type '{ companyId: string; id?: Prisma.StringFieldUpdateOperationsInput | string; partyType?: Prisma.EnumPartyTypeFieldUpdateOperationsInput | $Enums.PartyType; ... 18 more ...; schedules?: Prisma.InstallmentScheduleUpdateManyWithoutContractNestedInput; }' is not assignable to type 'Without<InstallmentContractUpdateInput, InstallmentContractUncheckedUpdateInput> & InstallmentContractUncheckedUpdateInput'.
    Type '{ companyId: string; id?: Prisma.StringFieldUpdateOperationsInput | string; partyType?: Prisma.EnumPartyTypeFieldUpdateOperationsInput | $Enums.PartyType; ... 18 more ...; schedules?: Prisma.InstallmentScheduleUpdateManyWithoutContractNestedInput; }' is not assignable to type 'Without<InstallmentContractUpdateInput, InstallmentContractUncheckedUpdateInput>'.
      Types of property 'company' are incompatible.
        Type 'CompanyUpdateOneRequiredWithoutInstallmentContractsNestedInput | undefined' is not assignable to type 'undefined'.
          Type 'CompanyUpdateOneRequiredWithoutInstallmentContractsNestedInput' is not assignable to type 'undefined'.

[7m712[0m       data: { ...data, companyId },
[7m   [0m [91m      ~~~~[0m

  [96mnode_modules/.prisma/client/index.d.ts[0m:[93m23696[0m:[93m5[0m
    [7m23696[0m     data: XOR<InstallmentContractUpdateInput, InstallmentContractUncheckedUpdateInput>
    [7m     [0m [96m    ~~~~[0m
    The expected type comes from property 'data' which is declared here on type '{ select?: InstallmentContractSelect<DefaultArgs> | null | undefined; omit?: InstallmentContractOmit<DefaultArgs> | null | undefined; include?: InstallmentContractInclude<...> | ... 1 more ... | undefined; data: (Without<...> & InstallmentContractUncheckedUpdateInput) | (Without<...> & InstallmentContractUpdateInput...'

[96msrc/modules/installments/use-cases/create-contract.use-case.ts[0m:[93m284[0m:[93m18[0m - [91merror[0m[90m TS2345: [0mArgument of type '{ installmentNumber: number; dueDate: Date; amount: Prisma.Decimal; notes: null; }' is not assignable to parameter of type 'never'.

[7m284[0m       items.push({
[7m   [0m [91m                 ~[0m
[7m285[0m         installmentNumber: i + 1,
[7m   [0m [91m~~~~~~~~~~~~~~~~~~~~~~~~~~~~~~~~~[0m
[7m...[0m 
[7m288[0m         notes: null,
[7m   [0m [91m~~~~~~~~~~~~~~~~~~~~[0m
[7m289[0m       });
[7m   [0m [91m~~~~~~~[0m

[[90m8:59:50 PM[0m] Found 2 errors. Watching for file changes.

[2J[3J[H[[90m8:59:57 PM[0m] File change detected. Starting incremental compilation...

[96msrc/modules/installments/installments.repository.ts[0m:[93m712[0m:[93m7[0m - [91merror[0m[90m TS2322: [0mType '{ companyId: string; id?: Prisma.StringFieldUpdateOperationsInput | string; partyType?: Prisma.EnumPartyTypeFieldUpdateOperationsInput | $Enums.PartyType; ... 18 more ...; schedules?: Prisma.InstallmentScheduleUpdateManyWithoutContractNestedInput; }' is not assignable to type '(Without<InstallmentContractUpdateInput, InstallmentContractUncheckedUpdateInput> & InstallmentContractUncheckedUpdateInput) | (Without<...> & InstallmentContractUpdateInput)'.
  Type '{ companyId: string; id?: Prisma.StringFieldUpdateOperationsInput | string; partyType?: Prisma.EnumPartyTypeFieldUpdateOperationsInput | $Enums.PartyType; ... 18 more ...; schedules?: Prisma.InstallmentScheduleUpdateManyWithoutContractNestedInput; }' is not assignable to type 'Without<InstallmentContractUpdateInput, InstallmentContractUncheckedUpdateInput> & InstallmentContractUncheckedUpdateInput'.
    Type '{ companyId: string; id?: Prisma.StringFieldUpdateOperationsInput | string; partyType?: Prisma.EnumPartyTypeFieldUpdateOperationsInput | $Enums.PartyType; ... 18 more ...; schedules?: Prisma.InstallmentScheduleUpdateManyWithoutContractNestedInput; }' is not assignable to type 'Without<InstallmentContractUpdateInput, InstallmentContractUncheckedUpdateInput>'.
      Types of property 'company' are incompatible.
        Type 'CompanyUpdateOneRequiredWithoutInstallmentContractsNestedInput | undefined' is not assignable to type 'undefined'.
          Type 'CompanyUpdateOneRequiredWithoutInstallmentContractsNestedInput' is not assignable to type 'undefined'.

[7m712[0m       data: { ...data, companyId },
[7m   [0m [91m      ~~~~[0m

  [96mnode_modules/.prisma/client/index.d.ts[0m:[93m23696[0m:[93m5[0m
    [7m23696[0m     data: XOR<InstallmentContractUpdateInput, InstallmentContractUncheckedUpdateInput>
    [7m     [0m [96m    ~~~~[0m
    The expected type comes from property 'data' which is declared here on type '{ select?: InstallmentContractSelect<DefaultArgs> | null | undefined; omit?: InstallmentContractOmit<DefaultArgs> | null | undefined; include?: InstallmentContractInclude<...> | ... 1 more ... | undefined; data: (Without<...> & InstallmentContractUncheckedUpdateInput) | (Without<...> & InstallmentContractUpdateInput...'

[96msrc/modules/installments/use-cases/create-contract.use-case.ts[0m:[93m284[0m:[93m18[0m - [91merror[0m[90m TS2345: [0mArgument of type '{ installmentNumber: number; dueDate: Date; amount: Prisma.Decimal; notes: null; }' is not assignable to parameter of type 'never'.

[7m284[0m       items.push({
[7m   [0m [91m                 ~[0m
[7m285[0m         installmentNumber: i + 1,
[7m   [0m [91m~~~~~~~~~~~~~~~~~~~~~~~~~~~~~~~~~[0m
[7m...[0m 
[7m288[0m         notes: null,
[7m   [0m [91m~~~~~~~~~~~~~~~~~~~~[0m
[7m289[0m       });
[7m   [0m [91m~~~~~~~[0m

[[90m8:59:58 PM[0m] Found 2 errors. Watching for file changes.

[2J[3J[H[[90m9:00:06 PM[0m] File change detected. Starting incremental compilation...

[96msrc/modules/installments/installments.repository.ts[0m:[93m712[0m:[93m7[0m - [91merror[0m[90m TS2322: [0mType '{ companyId: string; id?: Prisma.StringFieldUpdateOperationsInput | string; partyType?: Prisma.EnumPartyTypeFieldUpdateOperationsInput | $Enums.PartyType; ... 18 more ...; schedules?: Prisma.InstallmentScheduleUpdateManyWithoutContractNestedInput; }' is not assignable to type '(Without<InstallmentContractUpdateInput, InstallmentContractUncheckedUpdateInput> & InstallmentContractUncheckedUpdateInput) | (Without<...> & InstallmentContractUpdateInput)'.
  Type '{ companyId: string; id?: Prisma.StringFieldUpdateOperationsInput | string; partyType?: Prisma.EnumPartyTypeFieldUpdateOperationsInput | $Enums.PartyType; ... 18 more ...; schedules?: Prisma.InstallmentScheduleUpdateManyWithoutContractNestedInput; }' is not assignable to type 'Without<InstallmentContractUpdateInput, InstallmentContractUncheckedUpdateInput> & InstallmentContractUncheckedUpdateInput'.
    Type '{ companyId: string; id?: Prisma.StringFieldUpdateOperationsInput | string; partyType?: Prisma.EnumPartyTypeFieldUpdateOperationsInput | $Enums.PartyType; ... 18 more ...; schedules?: Prisma.InstallmentScheduleUpdateManyWithoutContractNestedInput; }' is not assignable to type 'Without<InstallmentContractUpdateInput, InstallmentContractUncheckedUpdateInput>'.
      Types of property 'company' are incompatible.
        Type 'CompanyUpdateOneRequiredWithoutInstallmentContractsNestedInput | undefined' is not assignable to type 'undefined'.
          Type 'CompanyUpdateOneRequiredWithoutInstallmentContractsNestedInput' is not assignable to type 'undefined'.

[7m712[0m       data: { ...data, companyId },
[7m   [0m [91m      ~~~~[0m

  [96mnode_modules/.prisma/client/index.d.ts[0m:[93m23696[0m:[93m5[0m
    [7m23696[0m     data: XOR<InstallmentContractUpdateInput, InstallmentContractUncheckedUpdateInput>
    [7m     [0m [96m    ~~~~[0m
    The expected type comes from property 'data' which is declared here on type '{ select?: InstallmentContractSelect<DefaultArgs> | null | undefined; omit?: InstallmentContractOmit<DefaultArgs> | null | undefined; include?: InstallmentContractInclude<...> | ... 1 more ... | undefined; data: (Without<...> & InstallmentContractUncheckedUpdateInput) | (Without<...> & InstallmentContractUpdateInput...'

[96msrc/modules/installments/use-cases/create-contract.use-case.ts[0m:[93m284[0m:[93m18[0m - [91merror[0m[90m TS2345: [0mArgument of type '{ installmentNumber: number; dueDate: Date; amount: Prisma.Decimal; notes: null; }' is not assignable to parameter of type 'never'.

[7m284[0m       items.push({
[7m   [0m [91m                 ~[0m
[7m285[0m         installmentNumber: i + 1,
[7m   [0m [91m~~~~~~~~~~~~~~~~~~~~~~~~~~~~~~~~~[0m
[7m...[0m 
[7m288[0m         notes: null,
[7m   [0m [91m~~~~~~~~~~~~~~~~~~~~[0m
[7m289[0m       });
[7m   [0m [91m~~~~~~~[0m

[[90m9:00:06 PM[0m] Found 2 errors. Watching for file changes.

[2J[3J[H[[90m9:00:08 PM[0m] File change detected. Starting incremental compilation...

[96msrc/modules/installments/installments.repository.ts[0m:[93m712[0m:[93m7[0m - [91merror[0m[90m TS2322: [0mType '{ companyId: string; id?: Prisma.StringFieldUpdateOperationsInput | string; partyType?: Prisma.EnumPartyTypeFieldUpdateOperationsInput | $Enums.PartyType; ... 18 more ...; schedules?: Prisma.InstallmentScheduleUpdateManyWithoutContractNestedInput; }' is not assignable to type '(Without<InstallmentContractUpdateInput, InstallmentContractUncheckedUpdateInput> & InstallmentContractUncheckedUpdateInput) | (Without<...> & InstallmentContractUpdateInput)'.
  Type '{ companyId: string; id?: Prisma.StringFieldUpdateOperationsInput | string; partyType?: Prisma.EnumPartyTypeFieldUpdateOperationsInput | $Enums.PartyType; ... 18 more ...; schedules?: Prisma.InstallmentScheduleUpdateManyWithoutContractNestedInput; }' is not assignable to type 'Without<InstallmentContractUpdateInput, InstallmentContractUncheckedUpdateInput> & InstallmentContractUncheckedUpdateInput'.
    Type '{ companyId: string; id?: Prisma.StringFieldUpdateOperationsInput | string; partyType?: Prisma.EnumPartyTypeFieldUpdateOperationsInput | $Enums.PartyType; ... 18 more ...; schedules?: Prisma.InstallmentScheduleUpdateManyWithoutContractNestedInput; }' is not assignable to type 'Without<InstallmentContractUpdateInput, InstallmentContractUncheckedUpdateInput>'.
      Types of property 'company' are incompatible.
        Type 'CompanyUpdateOneRequiredWithoutInstallmentContractsNestedInput | undefined' is not assignable to type 'undefined'.
          Type 'CompanyUpdateOneRequiredWithoutInstallmentContractsNestedInput' is not assignable to type 'undefined'.

[7m712[0m       data: { ...data, companyId },
[7m   [0m [91m      ~~~~[0m

  [96mnode_modules/.prisma/client/index.d.ts[0m:[93m23696[0m:[93m5[0m
    [7m23696[0m     data: XOR<InstallmentContractUpdateInput, InstallmentContractUncheckedUpdateInput>
    [7m     [0m [96m    ~~~~[0m
    The expected type comes from property 'data' which is declared here on type '{ select?: InstallmentContractSelect<DefaultArgs> | null | undefined; omit?: InstallmentContractOmit<DefaultArgs> | null | undefined; include?: InstallmentContractInclude<...> | ... 1 more ... | undefined; data: (Without<...> & InstallmentContractUncheckedUpdateInput) | (Without<...> & InstallmentContractUpdateInput...'

[96msrc/modules/installments/use-cases/create-contract.use-case.ts[0m:[93m284[0m:[93m18[0m - [91merror[0m[90m TS2345: [0mArgument of type '{ installmentNumber: number; dueDate: Date; amount: Prisma.Decimal; notes: null; }' is not assignable to parameter of type 'never'.

[7m284[0m       items.push({
[7m   [0m [91m                 ~[0m
[7m285[0m         installmentNumber: i + 1,
[7m   [0m [91m~~~~~~~~~~~~~~~~~~~~~~~~~~~~~~~~~[0m
[7m...[0m 
[7m288[0m         notes: null,
[7m   [0m [91m~~~~~~~~~~~~~~~~~~~~[0m
[7m289[0m       });
[7m   [0m [91m~~~~~~~[0m

[[90m9:00:09 PM[0m] Found 2 errors. Watching for file changes.

[2J[3J[H[[90m9:00:11 PM[0m] File change detected. Starting incremental compilation...

[96msrc/modules/installments/installments.repository.ts[0m:[93m712[0m:[93m7[0m - [91merror[0m[90m TS2322: [0mType '{ companyId: string; id?: Prisma.StringFieldUpdateOperationsInput | string; partyType?: Prisma.EnumPartyTypeFieldUpdateOperationsInput | $Enums.PartyType; ... 18 more ...; schedules?: Prisma.InstallmentScheduleUpdateManyWithoutContractNestedInput; }' is not assignable to type '(Without<InstallmentContractUpdateInput, InstallmentContractUncheckedUpdateInput> & InstallmentContractUncheckedUpdateInput) | (Without<...> & InstallmentContractUpdateInput)'.
  Type '{ companyId: string; id?: Prisma.StringFieldUpdateOperationsInput | string; partyType?: Prisma.EnumPartyTypeFieldUpdateOperationsInput | $Enums.PartyType; ... 18 more ...; schedules?: Prisma.InstallmentScheduleUpdateManyWithoutContractNestedInput; }' is not assignable to type 'Without<InstallmentContractUpdateInput, InstallmentContractUncheckedUpdateInput> & InstallmentContractUncheckedUpdateInput'.
    Type '{ companyId: string; id?: Prisma.StringFieldUpdateOperationsInput | string; partyType?: Prisma.EnumPartyTypeFieldUpdateOperationsInput | $Enums.PartyType; ... 18 more ...; schedules?: Prisma.InstallmentScheduleUpdateManyWithoutContractNestedInput; }' is not assignable to type 'Without<InstallmentContractUpdateInput, InstallmentContractUncheckedUpdateInput>'.
      Types of property 'company' are incompatible.
        Type 'CompanyUpdateOneRequiredWithoutInstallmentContractsNestedInput | undefined' is not assignable to type 'undefined'.
          Type 'CompanyUpdateOneRequiredWithoutInstallmentContractsNestedInput' is not assignable to type 'undefined'.

[7m712[0m       data: { ...data, companyId },
[7m   [0m [91m      ~~~~[0m

  [96mnode_modules/.prisma/client/index.d.ts[0m:[93m23696[0m:[93m5[0m
    [7m23696[0m     data: XOR<InstallmentContractUpdateInput, InstallmentContractUncheckedUpdateInput>
    [7m     [0m [96m    ~~~~[0m
    The expected type comes from property 'data' which is declared here on type '{ select?: InstallmentContractSelect<DefaultArgs> | null | undefined; omit?: InstallmentContractOmit<DefaultArgs> | null | undefined; include?: InstallmentContractInclude<...> | ... 1 more ... | undefined; data: (Without<...> & InstallmentContractUncheckedUpdateInput) | (Without<...> & InstallmentContractUpdateInput...'

[96msrc/modules/installments/use-cases/create-contract.use-case.ts[0m:[93m284[0m:[93m18[0m - [91merror[0m[90m TS2345: [0mArgument of type '{ installmentNumber: number; dueDate: Date; amount: Prisma.Decimal; notes: null; }' is not assignable to parameter of type 'never'.

[7m284[0m       items.push({
[7m   [0m [91m                 ~[0m
[7m285[0m         installmentNumber: i + 1,
[7m   [0m [91m~~~~~~~~~~~~~~~~~~~~~~~~~~~~~~~~~[0m
[7m...[0m 
[7m288[0m         notes: null,
[7m   [0m [91m~~~~~~~~~~~~~~~~~~~~[0m
[7m289[0m       });
[7m   [0m [91m~~~~~~~[0m

[[90m9:00:11 PM[0m] Found 2 errors. Watching for file changes.

[2J[3J[H[[90m9:00:15 PM[0m] File change detected. Starting incremental compilation...

[96msrc/modules/installments/installments.repository.ts[0m:[93m712[0m:[93m7[0m - [91merror[0m[90m TS2322: [0mType '{ companyId: string; id?: Prisma.StringFieldUpdateOperationsInput | string; partyType?: Prisma.EnumPartyTypeFieldUpdateOperationsInput | $Enums.PartyType; ... 18 more ...; schedules?: Prisma.InstallmentScheduleUpdateManyWithoutContractNestedInput; }' is not assignable to type '(Without<InstallmentContractUpdateInput, InstallmentContractUncheckedUpdateInput> & InstallmentContractUncheckedUpdateInput) | (Without<...> & InstallmentContractUpdateInput)'.
  Type '{ companyId: string; id?: Prisma.StringFieldUpdateOperationsInput | string; partyType?: Prisma.EnumPartyTypeFieldUpdateOperationsInput | $Enums.PartyType; ... 18 more ...; schedules?: Prisma.InstallmentScheduleUpdateManyWithoutContractNestedInput; }' is not assignable to type 'Without<InstallmentContractUpdateInput, InstallmentContractUncheckedUpdateInput> & InstallmentContractUncheckedUpdateInput'.
    Type '{ companyId: string; id?: Prisma.StringFieldUpdateOperationsInput | string; partyType?: Prisma.EnumPartyTypeFieldUpdateOperationsInput | $Enums.PartyType; ... 18 more ...; schedules?: Prisma.InstallmentScheduleUpdateManyWithoutContractNestedInput; }' is not assignable to type 'Without<InstallmentContractUpdateInput, InstallmentContractUncheckedUpdateInput>'.
      Types of property 'company' are incompatible.
        Type 'CompanyUpdateOneRequiredWithoutInstallmentContractsNestedInput | undefined' is not assignable to type 'undefined'.
          Type 'CompanyUpdateOneRequiredWithoutInstallmentContractsNestedInput' is not assignable to type 'undefined'.

[7m712[0m       data: { ...data, companyId },
[7m   [0m [91m      ~~~~[0m

  [96mnode_modules/.prisma/client/index.d.ts[0m:[93m23696[0m:[93m5[0m
    [7m23696[0m     data: XOR<InstallmentContractUpdateInput, InstallmentContractUncheckedUpdateInput>
    [7m     [0m [96m    ~~~~[0m
    The expected type comes from property 'data' which is declared here on type '{ select?: InstallmentContractSelect<DefaultArgs> | null | undefined; omit?: InstallmentContractOmit<DefaultArgs> | null | undefined; include?: InstallmentContractInclude<...> | ... 1 more ... | undefined; data: (Without<...> & InstallmentContractUncheckedUpdateInput) | (Without<...> & InstallmentContractUpdateInput...'

[96msrc/modules/installments/use-cases/create-contract.use-case.ts[0m:[93m284[0m:[93m18[0m - [91merror[0m[90m TS2345: [0mArgument of type '{ installmentNumber: number; dueDate: Date; amount: Prisma.Decimal; notes: null; }' is not assignable to parameter of type 'never'.

[7m284[0m       items.push({
[7m   [0m [91m                 ~[0m
[7m285[0m         installmentNumber: i + 1,
[7m   [0m [91m~~~~~~~~~~~~~~~~~~~~~~~~~~~~~~~~~[0m
[7m...[0m 
[7m288[0m         notes: null,
[7m   [0m [91m~~~~~~~~~~~~~~~~~~~~[0m
[7m289[0m       });
[7m   [0m [91m~~~~~~~[0m

[[90m9:00:15 PM[0m] Found 2 errors. Watching for file changes.

[2J[3J[H[[90m9:00:20 PM[0m] File change detected. Starting incremental compilation...

[96msrc/modules/installments/installments.repository.ts[0m:[93m712[0m:[93m7[0m - [91merror[0m[90m TS2322: [0mType '{ companyId: string; id?: Prisma.StringFieldUpdateOperationsInput | string; partyType?: Prisma.EnumPartyTypeFieldUpdateOperationsInput | $Enums.PartyType; ... 18 more ...; schedules?: Prisma.InstallmentScheduleUpdateManyWithoutContractNestedInput; }' is not assignable to type '(Without<InstallmentContractUpdateInput, InstallmentContractUncheckedUpdateInput> & InstallmentContractUncheckedUpdateInput) | (Without<...> & InstallmentContractUpdateInput)'.
  Type '{ companyId: string; id?: Prisma.StringFieldUpdateOperationsInput | string; partyType?: Prisma.EnumPartyTypeFieldUpdateOperationsInput | $Enums.PartyType; ... 18 more ...; schedules?: Prisma.InstallmentScheduleUpdateManyWithoutContractNestedInput; }' is not assignable to type 'Without<InstallmentContractUpdateInput, InstallmentContractUncheckedUpdateInput> & InstallmentContractUncheckedUpdateInput'.
    Type '{ companyId: string; id?: Prisma.StringFieldUpdateOperationsInput | string; partyType?: Prisma.EnumPartyTypeFieldUpdateOperationsInput | $Enums.PartyType; ... 18 more ...; schedules?: Prisma.InstallmentScheduleUpdateManyWithoutContractNestedInput; }' is not assignable to type 'Without<InstallmentContractUpdateInput, InstallmentContractUncheckedUpdateInput>'.
      Types of property 'company' are incompatible.
        Type 'CompanyUpdateOneRequiredWithoutInstallmentContractsNestedInput | undefined' is not assignable to type 'undefined'.
          Type 'CompanyUpdateOneRequiredWithoutInstallmentContractsNestedInput' is not assignable to type 'undefined'.

[7m712[0m       data: { ...data, companyId },
[7m   [0m [91m      ~~~~[0m

  [96mnode_modules/.prisma/client/index.d.ts[0m:[93m23696[0m:[93m5[0m
    [7m23696[0m     data: XOR<InstallmentContractUpdateInput, InstallmentContractUncheckedUpdateInput>
    [7m     [0m [96m    ~~~~[0m
    The expected type comes from property 'data' which is declared here on type '{ select?: InstallmentContractSelect<DefaultArgs> | null | undefined; omit?: InstallmentContractOmit<DefaultArgs> | null | undefined; include?: InstallmentContractInclude<...> | ... 1 more ... | undefined; data: (Without<...> & InstallmentContractUncheckedUpdateInput) | (Without<...> & InstallmentContractUpdateInput...'

[96msrc/modules/installments/use-cases/create-contract.use-case.ts[0m:[93m284[0m:[93m18[0m - [91merror[0m[90m TS2345: [0mArgument of type '{ installmentNumber: number; dueDate: Date; amount: Prisma.Decimal; notes: null; }' is not assignable to parameter of type 'never'.

[7m284[0m       items.push({
[7m   [0m [91m                 ~[0m
[7m285[0m         installmentNumber: i + 1,
[7m   [0m [91m~~~~~~~~~~~~~~~~~~~~~~~~~~~~~~~~~[0m
[7m...[0m 
[7m288[0m         notes: null,
[7m   [0m [91m~~~~~~~~~~~~~~~~~~~~[0m
[7m289[0m       });
[7m   [0m [91m~~~~~~~[0m

[[90m9:00:20 PM[0m] Found 2 errors. Watching for file changes.

[2J[3J[H[[90m9:00:37 PM[0m] File change detected. Starting incremental compilation...

[96msrc/modules/installments/installments.repository.ts[0m:[93m712[0m:[93m7[0m - [91merror[0m[90m TS2322: [0mType '{ companyId: string; id?: Prisma.StringFieldUpdateOperationsInput | string; partyType?: Prisma.EnumPartyTypeFieldUpdateOperationsInput | $Enums.PartyType; ... 18 more ...; schedules?: Prisma.InstallmentScheduleUpdateManyWithoutContractNestedInput; }' is not assignable to type '(Without<InstallmentContractUpdateInput, InstallmentContractUncheckedUpdateInput> & InstallmentContractUncheckedUpdateInput) | (Without<...> & InstallmentContractUpdateInput)'.
  Type '{ companyId: string; id?: Prisma.StringFieldUpdateOperationsInput | string; partyType?: Prisma.EnumPartyTypeFieldUpdateOperationsInput | $Enums.PartyType; ... 18 more ...; schedules?: Prisma.InstallmentScheduleUpdateManyWithoutContractNestedInput; }' is not assignable to type 'Without<InstallmentContractUpdateInput, InstallmentContractUncheckedUpdateInput> & InstallmentContractUncheckedUpdateInput'.
    Type '{ companyId: string; id?: Prisma.StringFieldUpdateOperationsInput | string; partyType?: Prisma.EnumPartyTypeFieldUpdateOperationsInput | $Enums.PartyType; ... 18 more ...; schedules?: Prisma.InstallmentScheduleUpdateManyWithoutContractNestedInput; }' is not assignable to type 'Without<InstallmentContractUpdateInput, InstallmentContractUncheckedUpdateInput>'.
      Types of property 'company' are incompatible.
        Type 'CompanyUpdateOneRequiredWithoutInstallmentContractsNestedInput | undefined' is not assignable to type 'undefined'.
          Type 'CompanyUpdateOneRequiredWithoutInstallmentContractsNestedInput' is not assignable to type 'undefined'.

[7m712[0m       data: { ...data, companyId },
[7m   [0m [91m      ~~~~[0m

  [96mnode_modules/.prisma/client/index.d.ts[0m:[93m23696[0m:[93m5[0m
    [7m23696[0m     data: XOR<InstallmentContractUpdateInput, InstallmentContractUncheckedUpdateInput>
    [7m     [0m [96m    ~~~~[0m
    The expected type comes from property 'data' which is declared here on type '{ select?: InstallmentContractSelect<DefaultArgs> | null | undefined; omit?: InstallmentContractOmit<DefaultArgs> | null | undefined; include?: InstallmentContractInclude<...> | ... 1 more ... | undefined; data: (Without<...> & InstallmentContractUncheckedUpdateInput) | (Without<...> & InstallmentContractUpdateInput...'

[96msrc/modules/installments/use-cases/create-contract.use-case.ts[0m:[93m284[0m:[93m18[0m - [91merror[0m[90m TS2345: [0mArgument of type '{ installmentNumber: number; dueDate: Date; amount: Prisma.Decimal; notes: null; }' is not assignable to parameter of type 'never'.

[7m284[0m       items.push({
[7m   [0m [91m                 ~[0m
[7m285[0m         installmentNumber: i + 1,
[7m   [0m [91m~~~~~~~~~~~~~~~~~~~~~~~~~~~~~~~~~[0m
[7m...[0m 
[7m288[0m         notes: null,
[7m   [0m [91m~~~~~~~~~~~~~~~~~~~~[0m
[7m289[0m       });
[7m   [0m [91m~~~~~~~[0m

[[90m9:00:38 PM[0m] Found 2 errors. Watching for file changes.

[2J[3J[H[[90m9:00:42 PM[0m] File change detected. Starting incremental compilation...

[96msrc/modules/installments/installments.repository.ts[0m:[93m712[0m:[93m7[0m - [91merror[0m[90m TS2322: [0mType '{ companyId: string; id?: Prisma.StringFieldUpdateOperationsInput | string; partyType?: Prisma.EnumPartyTypeFieldUpdateOperationsInput | $Enums.PartyType; ... 18 more ...; schedules?: Prisma.InstallmentScheduleUpdateManyWithoutContractNestedInput; }' is not assignable to type '(Without<InstallmentContractUpdateInput, InstallmentContractUncheckedUpdateInput> & InstallmentContractUncheckedUpdateInput) | (Without<...> & InstallmentContractUpdateInput)'.
  Type '{ companyId: string; id?: Prisma.StringFieldUpdateOperationsInput | string; partyType?: Prisma.EnumPartyTypeFieldUpdateOperationsInput | $Enums.PartyType; ... 18 more ...; schedules?: Prisma.InstallmentScheduleUpdateManyWithoutContractNestedInput; }' is not assignable to type 'Without<InstallmentContractUpdateInput, InstallmentContractUncheckedUpdateInput> & InstallmentContractUncheckedUpdateInput'.
    Type '{ companyId: string; id?: Prisma.StringFieldUpdateOperationsInput | string; partyType?: Prisma.EnumPartyTypeFieldUpdateOperationsInput | $Enums.PartyType; ... 18 more ...; schedules?: Prisma.InstallmentScheduleUpdateManyWithoutContractNestedInput; }' is not assignable to type 'Without<InstallmentContractUpdateInput, InstallmentContractUncheckedUpdateInput>'.
      Types of property 'company' are incompatible.
        Type 'CompanyUpdateOneRequiredWithoutInstallmentContractsNestedInput | undefined' is not assignable to type 'undefined'.
          Type 'CompanyUpdateOneRequiredWithoutInstallmentContractsNestedInput' is not assignable to type 'undefined'.

[7m712[0m       data: { ...data, companyId },
[7m   [0m [91m      ~~~~[0m

  [96mnode_modules/.prisma/client/index.d.ts[0m:[93m23696[0m:[93m5[0m
    [7m23696[0m     data: XOR<InstallmentContractUpdateInput, InstallmentContractUncheckedUpdateInput>
    [7m     [0m [96m    ~~~~[0m
    The expected type comes from property 'data' which is declared here on type '{ select?: InstallmentContractSelect<DefaultArgs> | null | undefined; omit?: InstallmentContractOmit<DefaultArgs> | null | undefined; include?: InstallmentContractInclude<...> | ... 1 more ... | undefined; data: (Without<...> & InstallmentContractUncheckedUpdateInput) | (Without<...> & InstallmentContractUpdateInput...'

[96msrc/modules/installments/use-cases/create-contract.use-case.ts[0m:[93m284[0m:[93m18[0m - [91merror[0m[90m TS2345: [0mArgument of type '{ installmentNumber: number; dueDate: Date; amount: Prisma.Decimal; notes: null; }' is not assignable to parameter of type 'never'.

[7m284[0m       items.push({
[7m   [0m [91m                 ~[0m
[7m285[0m         installmentNumber: i + 1,
[7m   [0m [91m~~~~~~~~~~~~~~~~~~~~~~~~~~~~~~~~~[0m
[7m...[0m 
[7m288[0m         notes: null,
[7m   [0m [91m~~~~~~~~~~~~~~~~~~~~[0m
[7m289[0m       });
[7m   [0m [91m~~~~~~~[0m

[[90m9:00:42 PM[0m] Found 2 errors. Watching for file changes.

[2J[3J[H[[90m9:00:43 PM[0m] File change detected. Starting incremental compilation...

[96msrc/modules/installments/installments.repository.ts[0m:[93m712[0m:[93m7[0m - [91merror[0m[90m TS2322: [0mType '{ companyId: string; id?: Prisma.StringFieldUpdateOperationsInput | string; partyType?: Prisma.EnumPartyTypeFieldUpdateOperationsInput | $Enums.PartyType; ... 18 more ...; schedules?: Prisma.InstallmentScheduleUpdateManyWithoutContractNestedInput; }' is not assignable to type '(Without<InstallmentContractUpdateInput, InstallmentContractUncheckedUpdateInput> & InstallmentContractUncheckedUpdateInput) | (Without<...> & InstallmentContractUpdateInput)'.
  Type '{ companyId: string; id?: Prisma.StringFieldUpdateOperationsInput | string; partyType?: Prisma.EnumPartyTypeFieldUpdateOperationsInput | $Enums.PartyType; ... 18 more ...; schedules?: Prisma.InstallmentScheduleUpdateManyWithoutContractNestedInput; }' is not assignable to type 'Without<InstallmentContractUpdateInput, InstallmentContractUncheckedUpdateInput> & InstallmentContractUncheckedUpdateInput'.
    Type '{ companyId: string; id?: Prisma.StringFieldUpdateOperationsInput | string; partyType?: Prisma.EnumPartyTypeFieldUpdateOperationsInput | $Enums.PartyType; ... 18 more ...; schedules?: Prisma.InstallmentScheduleUpdateManyWithoutContractNestedInput; }' is not assignable to type 'Without<InstallmentContractUpdateInput, InstallmentContractUncheckedUpdateInput>'.
      Types of property 'company' are incompatible.
        Type 'CompanyUpdateOneRequiredWithoutInstallmentContractsNestedInput | undefined' is not assignable to type 'undefined'.
          Type 'CompanyUpdateOneRequiredWithoutInstallmentContractsNestedInput' is not assignable to type 'undefined'.

[7m712[0m       data: { ...data, companyId },
[7m   [0m [91m      ~~~~[0m

  [96mnode_modules/.prisma/client/index.d.ts[0m:[93m23696[0m:[93m5[0m
    [7m23696[0m     data: XOR<InstallmentContractUpdateInput, InstallmentContractUncheckedUpdateInput>
    [7m     [0m [96m    ~~~~[0m
    The expected type comes from property 'data' which is declared here on type '{ select?: InstallmentContractSelect<DefaultArgs> | null | undefined; omit?: InstallmentContractOmit<DefaultArgs> | null | undefined; include?: InstallmentContractInclude<...> | ... 1 more ... | undefined; data: (Without<...> & InstallmentContractUncheckedUpdateInput) | (Without<...> & InstallmentContractUpdateInput...'

[96msrc/modules/installments/use-cases/create-contract.use-case.ts[0m:[93m284[0m:[93m18[0m - [91merror[0m[90m TS2345: [0mArgument of type '{ installmentNumber: number; dueDate: Date; amount: Prisma.Decimal; notes: null; }' is not assignable to parameter of type 'never'.

[7m284[0m       items.push({
[7m   [0m [91m                 ~[0m
[7m285[0m         installmentNumber: i + 1,
[7m   [0m [91m~~~~~~~~~~~~~~~~~~~~~~~~~~~~~~~~~[0m
[7m...[0m 
[7m288[0m         notes: null,
[7m   [0m [91m~~~~~~~~~~~~~~~~~~~~[0m
[7m289[0m       });
[7m   [0m [91m~~~~~~~[0m

[[90m9:00:43 PM[0m] Found 2 errors. Watching for file changes.

[2J[3J[H[[90m9:00:59 PM[0m] File change detected. Starting incremental compilation...

[96msrc/modules/installments/installments.repository.ts[0m:[93m712[0m:[93m7[0m - [91merror[0m[90m TS2322: [0mType '{ companyId: string; id?: Prisma.StringFieldUpdateOperationsInput | string; partyType?: Prisma.EnumPartyTypeFieldUpdateOperationsInput | $Enums.PartyType; ... 18 more ...; schedules?: Prisma.InstallmentScheduleUpdateManyWithoutContractNestedInput; }' is not assignable to type '(Without<InstallmentContractUpdateInput, InstallmentContractUncheckedUpdateInput> & InstallmentContractUncheckedUpdateInput) | (Without<...> & InstallmentContractUpdateInput)'.
  Type '{ companyId: string; id?: Prisma.StringFieldUpdateOperationsInput | string; partyType?: Prisma.EnumPartyTypeFieldUpdateOperationsInput | $Enums.PartyType; ... 18 more ...; schedules?: Prisma.InstallmentScheduleUpdateManyWithoutContractNestedInput; }' is not assignable to type 'Without<InstallmentContractUpdateInput, InstallmentContractUncheckedUpdateInput> & InstallmentContractUncheckedUpdateInput'.
    Type '{ companyId: string; id?: Prisma.StringFieldUpdateOperationsInput | string; partyType?: Prisma.EnumPartyTypeFieldUpdateOperationsInput | $Enums.PartyType; ... 18 more ...; schedules?: Prisma.InstallmentScheduleUpdateManyWithoutContractNestedInput; }' is not assignable to type 'Without<InstallmentContractUpdateInput, InstallmentContractUncheckedUpdateInput>'.
      Types of property 'company' are incompatible.
        Type 'CompanyUpdateOneRequiredWithoutInstallmentContractsNestedInput | undefined' is not assignable to type 'undefined'.
          Type 'CompanyUpdateOneRequiredWithoutInstallmentContractsNestedInput' is not assignable to type 'undefined'.

[7m712[0m       data: { ...data, companyId },
[7m   [0m [91m      ~~~~[0m

  [96mnode_modules/.prisma/client/index.d.ts[0m:[93m23696[0m:[93m5[0m
    [7m23696[0m     data: XOR<InstallmentContractUpdateInput, InstallmentContractUncheckedUpdateInput>
    [7m     [0m [96m    ~~~~[0m
    The expected type comes from property 'data' which is declared here on type '{ select?: InstallmentContractSelect<DefaultArgs> | null | undefined; omit?: InstallmentContractOmit<DefaultArgs> | null | undefined; include?: InstallmentContractInclude<...> | ... 1 more ... | undefined; data: (Without<...> & InstallmentContractUncheckedUpdateInput) | (Without<...> & InstallmentContractUpdateInput...'

[96msrc/modules/installments/use-cases/create-contract.use-case.ts[0m:[93m284[0m:[93m18[0m - [91merror[0m[90m TS2345: [0mArgument of type '{ installmentNumber: number; dueDate: Date; amount: Prisma.Decimal; notes: null; }' is not assignable to parameter of type 'never'.

[7m284[0m       items.push({
[7m   [0m [91m                 ~[0m
[7m285[0m         installmentNumber: i + 1,
[7m   [0m [91m~~~~~~~~~~~~~~~~~~~~~~~~~~~~~~~~~[0m
[7m...[0m 
[7m288[0m         notes: null,
[7m   [0m [91m~~~~~~~~~~~~~~~~~~~~[0m
[7m289[0m       });
[7m   [0m [91m~~~~~~~[0m

[[90m9:00:59 PM[0m] Found 2 errors. Watching for file changes.

[2J[3J[H[[90m9:02:15 PM[0m] File change detected. Starting incremental compilation...

[96msrc/modules/installments/installments.repository.ts[0m:[93m712[0m:[93m7[0m - [91merror[0m[90m TS2322: [0mType '{ companyId: string; id?: Prisma.StringFieldUpdateOperationsInput | string; partyType?: Prisma.EnumPartyTypeFieldUpdateOperationsInput | $Enums.PartyType; ... 18 more ...; schedules?: Prisma.InstallmentScheduleUpdateManyWithoutContractNestedInput; }' is not assignable to type '(Without<InstallmentContractUpdateInput, InstallmentContractUncheckedUpdateInput> & InstallmentContractUncheckedUpdateInput) | (Without<...> & InstallmentContractUpdateInput)'.
  Type '{ companyId: string; id?: Prisma.StringFieldUpdateOperationsInput | string; partyType?: Prisma.EnumPartyTypeFieldUpdateOperationsInput | $Enums.PartyType; ... 18 more ...; schedules?: Prisma.InstallmentScheduleUpdateManyWithoutContractNestedInput; }' is not assignable to type 'Without<InstallmentContractUpdateInput, InstallmentContractUncheckedUpdateInput> & InstallmentContractUncheckedUpdateInput'.
    Type '{ companyId: string; id?: Prisma.StringFieldUpdateOperationsInput | string; partyType?: Prisma.EnumPartyTypeFieldUpdateOperationsInput | $Enums.PartyType; ... 18 more ...; schedules?: Prisma.InstallmentScheduleUpdateManyWithoutContractNestedInput; }' is not assignable to type 'Without<InstallmentContractUpdateInput, InstallmentContractUncheckedUpdateInput>'.
      Types of property 'company' are incompatible.
        Type 'CompanyUpdateOneRequiredWithoutInstallmentContractsNestedInput | undefined' is not assignable to type 'undefined'.
          Type 'CompanyUpdateOneRequiredWithoutInstallmentContractsNestedInput' is not assignable to type 'undefined'.

[7m712[0m       data: { ...data, companyId },
[7m   [0m [91m      ~~~~[0m

  [96mnode_modules/.prisma/client/index.d.ts[0m:[93m23696[0m:[93m5[0m
    [7m23696[0m     data: XOR<InstallmentContractUpdateInput, InstallmentContractUncheckedUpdateInput>
    [7m     [0m [96m    ~~~~[0m
    The expected type comes from property 'data' which is declared here on type '{ select?: InstallmentContractSelect<DefaultArgs> | null | undefined; omit?: InstallmentContractOmit<DefaultArgs> | null | undefined; include?: InstallmentContractInclude<...> | ... 1 more ... | undefined; data: (Without<...> & InstallmentContractUncheckedUpdateInput) | (Without<...> & InstallmentContractUpdateInput...'

[96msrc/modules/installments/use-cases/create-contract.use-case.ts[0m:[93m284[0m:[93m18[0m - [91merror[0m[90m TS2345: [0mArgument of type '{ installmentNumber: number; dueDate: Date; amount: Prisma.Decimal; notes: null; }' is not assignable to parameter of type 'never'.

[7m284[0m       items.push({
[7m   [0m [91m                 ~[0m
[7m285[0m         installmentNumber: i + 1,
[7m   [0m [91m~~~~~~~~~~~~~~~~~~~~~~~~~~~~~~~~~[0m
[7m...[0m 
[7m288[0m         notes: null,
[7m   [0m [91m~~~~~~~~~~~~~~~~~~~~[0m
[7m289[0m       });
[7m   [0m [91m~~~~~~~[0m

[[90m9:02:15 PM[0m] Found 2 errors. Watching for file changes.

[2J[3J[H[[90m9:02:26 PM[0m] File change detected. Starting incremental compilation...

[96msrc/modules/installments/installments.repository.ts[0m:[93m712[0m:[93m7[0m - [91merror[0m[90m TS2322: [0mType '{ companyId: string; id?: Prisma.StringFieldUpdateOperationsInput | string; partyType?: Prisma.EnumPartyTypeFieldUpdateOperationsInput | $Enums.PartyType; ... 18 more ...; schedules?: Prisma.InstallmentScheduleUpdateManyWithoutContractNestedInput; }' is not assignable to type '(Without<InstallmentContractUpdateInput, InstallmentContractUncheckedUpdateInput> & InstallmentContractUncheckedUpdateInput) | (Without<...> & InstallmentContractUpdateInput)'.
  Type '{ companyId: string; id?: Prisma.StringFieldUpdateOperationsInput | string; partyType?: Prisma.EnumPartyTypeFieldUpdateOperationsInput | $Enums.PartyType; ... 18 more ...; schedules?: Prisma.InstallmentScheduleUpdateManyWithoutContractNestedInput; }' is not assignable to type 'Without<InstallmentContractUpdateInput, InstallmentContractUncheckedUpdateInput> & InstallmentContractUncheckedUpdateInput'.
    Type '{ companyId: string; id?: Prisma.StringFieldUpdateOperationsInput | string; partyType?: Prisma.EnumPartyTypeFieldUpdateOperationsInput | $Enums.PartyType; ... 18 more ...; schedules?: Prisma.InstallmentScheduleUpdateManyWithoutContractNestedInput; }' is not assignable to type 'Without<InstallmentContractUpdateInput, InstallmentContractUncheckedUpdateInput>'.
      Types of property 'company' are incompatible.
        Type 'CompanyUpdateOneRequiredWithoutInstallmentContractsNestedInput | undefined' is not assignable to type 'undefined'.
          Type 'CompanyUpdateOneRequiredWithoutInstallmentContractsNestedInput' is not assignable to type 'undefined'.

[7m712[0m       data: { ...data, companyId },
[7m   [0m [91m      ~~~~[0m

  [96mnode_modules/.prisma/client/index.d.ts[0m:[93m23696[0m:[93m5[0m
    [7m23696[0m     data: XOR<InstallmentContractUpdateInput, InstallmentContractUncheckedUpdateInput>
    [7m     [0m [96m    ~~~~[0m
    The expected type comes from property 'data' which is declared here on type '{ select?: InstallmentContractSelect<DefaultArgs> | null | undefined; omit?: InstallmentContractOmit<DefaultArgs> | null | undefined; include?: InstallmentContractInclude<...> | ... 1 more ... | undefined; data: (Without<...> & InstallmentContractUncheckedUpdateInput) | (Without<...> & InstallmentContractUpdateInput...'

[96msrc/modules/installments/use-cases/create-contract.use-case.ts[0m:[93m284[0m:[93m18[0m - [91merror[0m[90m TS2345: [0mArgument of type '{ installmentNumber: number; dueDate: Date; amount: Prisma.Decimal; notes: null; }' is not assignable to parameter of type 'never'.

[7m284[0m       items.push({
[7m   [0m [91m                 ~[0m
[7m285[0m         installmentNumber: i + 1,
[7m   [0m [91m~~~~~~~~~~~~~~~~~~~~~~~~~~~~~~~~~[0m
[7m...[0m 
[7m288[0m         notes: null,
[7m   [0m [91m~~~~~~~~~~~~~~~~~~~~[0m
[7m289[0m       });
[7m   [0m [91m~~~~~~~[0m

[[90m9:02:26 PM[0m] Found 2 errors. Watching for file changes.

[2J[3J[H[[90m9:04:07 PM[0m] File change detected. Starting incremental compilation...

[96msrc/modules/installments/installments.repository.ts[0m:[93m712[0m:[93m7[0m - [91merror[0m[90m TS2322: [0mType '{ companyId: string; id?: Prisma.StringFieldUpdateOperationsInput | string; partyType?: Prisma.EnumPartyTypeFieldUpdateOperationsInput | $Enums.PartyType; ... 18 more ...; schedules?: Prisma.InstallmentScheduleUpdateManyWithoutContractNestedInput; }' is not assignable to type '(Without<InstallmentContractUpdateInput, InstallmentContractUncheckedUpdateInput> & InstallmentContractUncheckedUpdateInput) | (Without<...> & InstallmentContractUpdateInput)'.
  Type '{ companyId: string; id?: Prisma.StringFieldUpdateOperationsInput | string; partyType?: Prisma.EnumPartyTypeFieldUpdateOperationsInput | $Enums.PartyType; ... 18 more ...; schedules?: Prisma.InstallmentScheduleUpdateManyWithoutContractNestedInput; }' is not assignable to type 'Without<InstallmentContractUpdateInput, InstallmentContractUncheckedUpdateInput> & InstallmentContractUncheckedUpdateInput'.
    Type '{ companyId: string; id?: Prisma.StringFieldUpdateOperationsInput | string; partyType?: Prisma.EnumPartyTypeFieldUpdateOperationsInput | $Enums.PartyType; ... 18 more ...; schedules?: Prisma.InstallmentScheduleUpdateManyWithoutContractNestedInput; }' is not assignable to type 'Without<InstallmentContractUpdateInput, InstallmentContractUncheckedUpdateInput>'.
      Types of property 'company' are incompatible.
        Type 'CompanyUpdateOneRequiredWithoutInstallmentContractsNestedInput | undefined' is not assignable to type 'undefined'.
          Type 'CompanyUpdateOneRequiredWithoutInstallmentContractsNestedInput' is not assignable to type 'undefined'.

[7m712[0m       data: { ...data, companyId },
[7m   [0m [91m      ~~~~[0m

  [96mnode_modules/.prisma/client/index.d.ts[0m:[93m23696[0m:[93m5[0m
    [7m23696[0m     data: XOR<InstallmentContractUpdateInput, InstallmentContractUncheckedUpdateInput>
    [7m     [0m [96m    ~~~~[0m
    The expected type comes from property 'data' which is declared here on type '{ select?: InstallmentContractSelect<DefaultArgs> | null | undefined; omit?: InstallmentContractOmit<DefaultArgs> | null | undefined; include?: InstallmentContractInclude<...> | ... 1 more ... | undefined; data: (Without<...> & InstallmentContractUncheckedUpdateInput) | (Without<...> & InstallmentContractUpdateInput...'

[96msrc/modules/installments/use-cases/create-contract.use-case.ts[0m:[93m284[0m:[93m18[0m - [91merror[0m[90m TS2345: [0mArgument of type '{ installmentNumber: number; dueDate: Date; amount: Prisma.Decimal; notes: null; }' is not assignable to parameter of type 'never'.

[7m284[0m       items.push({
[7m   [0m [91m                 ~[0m
[7m285[0m         installmentNumber: i + 1,
[7m   [0m [91m~~~~~~~~~~~~~~~~~~~~~~~~~~~~~~~~~[0m
[7m...[0m 
[7m288[0m         notes: null,
[7m   [0m [91m~~~~~~~~~~~~~~~~~~~~[0m
[7m289[0m       });
[7m   [0m [91m~~~~~~~[0m

[[90m9:04:08 PM[0m] Found 2 errors. Watching for file changes.

[2J[3J[H[[90m9:04:45 PM[0m] File change detected. Starting incremental compilation...

[96msrc/modules/installments/installments.repository.ts[0m:[93m712[0m:[93m7[0m - [91merror[0m[90m TS2322: [0mType '{ companyId: string; id?: Prisma.StringFieldUpdateOperationsInput | string; partyType?: Prisma.EnumPartyTypeFieldUpdateOperationsInput | $Enums.PartyType; ... 18 more ...; schedules?: Prisma.InstallmentScheduleUpdateManyWithoutContractNestedInput; }' is not assignable to type '(Without<InstallmentContractUpdateInput, InstallmentContractUncheckedUpdateInput> & InstallmentContractUncheckedUpdateInput) | (Without<...> & InstallmentContractUpdateInput)'.
  Type '{ companyId: string; id?: Prisma.StringFieldUpdateOperationsInput | string; partyType?: Prisma.EnumPartyTypeFieldUpdateOperationsInput | $Enums.PartyType; ... 18 more ...; schedules?: Prisma.InstallmentScheduleUpdateManyWithoutContractNestedInput; }' is not assignable to type 'Without<InstallmentContractUpdateInput, InstallmentContractUncheckedUpdateInput> & InstallmentContractUncheckedUpdateInput'.
    Type '{ companyId: string; id?: Prisma.StringFieldUpdateOperationsInput | string; partyType?: Prisma.EnumPartyTypeFieldUpdateOperationsInput | $Enums.PartyType; ... 18 more ...; schedules?: Prisma.InstallmentScheduleUpdateManyWithoutContractNestedInput; }' is not assignable to type 'Without<InstallmentContractUpdateInput, InstallmentContractUncheckedUpdateInput>'.
      Types of property 'company' are incompatible.
        Type 'CompanyUpdateOneRequiredWithoutInstallmentContractsNestedInput | undefined' is not assignable to type 'undefined'.
          Type 'CompanyUpdateOneRequiredWithoutInstallmentContractsNestedInput' is not assignable to type 'undefined'.

[7m712[0m       data: { ...data, companyId },
[7m   [0m [91m      ~~~~[0m

  [96mnode_modules/.prisma/client/index.d.ts[0m:[93m23696[0m:[93m5[0m
    [7m23696[0m     data: XOR<InstallmentContractUpdateInput, InstallmentContractUncheckedUpdateInput>
    [7m     [0m [96m    ~~~~[0m
    The expected type comes from property 'data' which is declared here on type '{ select?: InstallmentContractSelect<DefaultArgs> | null | undefined; omit?: InstallmentContractOmit<DefaultArgs> | null | undefined; include?: InstallmentContractInclude<...> | ... 1 more ... | undefined; data: (Without<...> & InstallmentContractUncheckedUpdateInput) | (Without<...> & InstallmentContractUpdateInput...'

[96msrc/modules/installments/use-cases/create-contract.use-case.ts[0m:[93m284[0m:[93m18[0m - [91merror[0m[90m TS2345: [0mArgument of type '{ installmentNumber: number; dueDate: Date; amount: Prisma.Decimal; notes: null; }' is not assignable to parameter of type 'never'.

[7m284[0m       items.push({
[7m   [0m [91m                 ~[0m
[7m285[0m         installmentNumber: i + 1,
[7m   [0m [91m~~~~~~~~~~~~~~~~~~~~~~~~~~~~~~~~~[0m
[7m...[0m 
[7m288[0m         notes: null,
[7m   [0m [91m~~~~~~~~~~~~~~~~~~~~[0m
[7m289[0m       });
[7m   [0m [91m~~~~~~~[0m

[[90m9:04:46 PM[0m] Found 2 errors. Watching for file changes.

[2J[3J[H[[90m9:05:03 PM[0m] File change detected. Starting incremental compilation...

[96msrc/modules/installments/installments.repository.ts[0m:[93m712[0m:[93m7[0m - [91merror[0m[90m TS2322: [0mType '{ companyId: string; id?: Prisma.StringFieldUpdateOperationsInput | string; partyType?: Prisma.EnumPartyTypeFieldUpdateOperationsInput | $Enums.PartyType; ... 18 more ...; schedules?: Prisma.InstallmentScheduleUpdateManyWithoutContractNestedInput; }' is not assignable to type '(Without<InstallmentContractUpdateInput, InstallmentContractUncheckedUpdateInput> & InstallmentContractUncheckedUpdateInput) | (Without<...> & InstallmentContractUpdateInput)'.
  Type '{ companyId: string; id?: Prisma.StringFieldUpdateOperationsInput | string; partyType?: Prisma.EnumPartyTypeFieldUpdateOperationsInput | $Enums.PartyType; ... 18 more ...; schedules?: Prisma.InstallmentScheduleUpdateManyWithoutContractNestedInput; }' is not assignable to type 'Without<InstallmentContractUpdateInput, InstallmentContractUncheckedUpdateInput> & InstallmentContractUncheckedUpdateInput'.
    Type '{ companyId: string; id?: Prisma.StringFieldUpdateOperationsInput | string; partyType?: Prisma.EnumPartyTypeFieldUpdateOperationsInput | $Enums.PartyType; ... 18 more ...; schedules?: Prisma.InstallmentScheduleUpdateManyWithoutContractNestedInput; }' is not assignable to type 'Without<InstallmentContractUpdateInput, InstallmentContractUncheckedUpdateInput>'.
      Types of property 'company' are incompatible.
        Type 'CompanyUpdateOneRequiredWithoutInstallmentContractsNestedInput | undefined' is not assignable to type 'undefined'.
          Type 'CompanyUpdateOneRequiredWithoutInstallmentContractsNestedInput' is not assignable to type 'undefined'.

[7m712[0m       data: { ...data, companyId },
[7m   [0m [91m      ~~~~[0m

  [96mnode_modules/.prisma/client/index.d.ts[0m:[93m23696[0m:[93m5[0m
    [7m23696[0m     data: XOR<InstallmentContractUpdateInput, InstallmentContractUncheckedUpdateInput>
    [7m     [0m [96m    ~~~~[0m
    The expected type comes from property 'data' which is declared here on type '{ select?: InstallmentContractSelect<DefaultArgs> | null | undefined; omit?: InstallmentContractOmit<DefaultArgs> | null | undefined; include?: InstallmentContractInclude<...> | ... 1 more ... | undefined; data: (Without<...> & InstallmentContractUncheckedUpdateInput) | (Without<...> & InstallmentContractUpdateInput...'

[96msrc/modules/installments/use-cases/create-contract.use-case.ts[0m:[93m284[0m:[93m18[0m - [91merror[0m[90m TS2345: [0mArgument of type '{ installmentNumber: number; dueDate: Date; amount: Prisma.Decimal; notes: null; }' is not assignable to parameter of type 'never'.

[7m284[0m       items.push({
[7m   [0m [91m                 ~[0m
[7m285[0m         installmentNumber: i + 1,
[7m   [0m [91m~~~~~~~~~~~~~~~~~~~~~~~~~~~~~~~~~[0m
[7m...[0m 
[7m288[0m         notes: null,
[7m   [0m [91m~~~~~~~~~~~~~~~~~~~~[0m
[7m289[0m       });
[7m   [0m [91m~~~~~~~[0m

[[90m9:05:03 PM[0m] Found 2 errors. Watching for file changes.

[2J[3J[H[[90m9:06:14 PM[0m] File change detected. Starting incremental compilation...

[96msrc/modules/installments/installments.repository.ts[0m:[93m712[0m:[93m7[0m - [91merror[0m[90m TS2322: [0mType '{ companyId: string; id?: Prisma.StringFieldUpdateOperationsInput | string; partyType?: Prisma.EnumPartyTypeFieldUpdateOperationsInput | $Enums.PartyType; ... 18 more ...; schedules?: Prisma.InstallmentScheduleUpdateManyWithoutContractNestedInput; }' is not assignable to type '(Without<InstallmentContractUpdateInput, InstallmentContractUncheckedUpdateInput> & InstallmentContractUncheckedUpdateInput) | (Without<...> & InstallmentContractUpdateInput)'.
  Type '{ companyId: string; id?: Prisma.StringFieldUpdateOperationsInput | string; partyType?: Prisma.EnumPartyTypeFieldUpdateOperationsInput | $Enums.PartyType; ... 18 more ...; schedules?: Prisma.InstallmentScheduleUpdateManyWithoutContractNestedInput; }' is not assignable to type 'Without<InstallmentContractUpdateInput, InstallmentContractUncheckedUpdateInput> & InstallmentContractUncheckedUpdateInput'.
    Type '{ companyId: string; id?: Prisma.StringFieldUpdateOperationsInput | string; partyType?: Prisma.EnumPartyTypeFieldUpdateOperationsInput | $Enums.PartyType; ... 18 more ...; schedules?: Prisma.InstallmentScheduleUpdateManyWithoutContractNestedInput; }' is not assignable to type 'Without<InstallmentContractUpdateInput, InstallmentContractUncheckedUpdateInput>'.
      Types of property 'company' are incompatible.
        Type 'CompanyUpdateOneRequiredWithoutInstallmentContractsNestedInput | undefined' is not assignable to type 'undefined'.
          Type 'CompanyUpdateOneRequiredWithoutInstallmentContractsNestedInput' is not assignable to type 'undefined'.

[7m712[0m       data: { ...data, companyId },
[7m   [0m [91m      ~~~~[0m

  [96mnode_modules/.prisma/client/index.d.ts[0m:[93m23696[0m:[93m5[0m
    [7m23696[0m     data: XOR<InstallmentContractUpdateInput, InstallmentContractUncheckedUpdateInput>
    [7m     [0m [96m    ~~~~[0m
    The expected type comes from property 'data' which is declared here on type '{ select?: InstallmentContractSelect<DefaultArgs> | null | undefined; omit?: InstallmentContractOmit<DefaultArgs> | null | undefined; include?: InstallmentContractInclude<...> | ... 1 more ... | undefined; data: (Without<...> & InstallmentContractUncheckedUpdateInput) | (Without<...> & InstallmentContractUpdateInput...'

[96msrc/modules/installments/use-cases/create-contract.use-case.ts[0m:[93m284[0m:[93m18[0m - [91merror[0m[90m TS2345: [0mArgument of type '{ installmentNumber: number; dueDate: Date; amount: Prisma.Decimal; notes: null; }' is not assignable to parameter of type 'never'.

[7m284[0m       items.push({
[7m   [0m [91m                 ~[0m
[7m285[0m         installmentNumber: i + 1,
[7m   [0m [91m~~~~~~~~~~~~~~~~~~~~~~~~~~~~~~~~~[0m
[7m...[0m 
[7m288[0m         notes: null,
[7m   [0m [91m~~~~~~~~~~~~~~~~~~~~[0m
[7m289[0m       });
[7m   [0m [91m~~~~~~~[0m

[[90m9:06:15 PM[0m] Found 2 errors. Watching for file changes.

[2J[3J[H[[90m9:06:22 PM[0m] File change detected. Starting incremental compilation...

[96msrc/modules/installments/installments.repository.ts[0m:[93m712[0m:[93m7[0m - [91merror[0m[90m TS2322: [0mType '{ companyId: string; id?: Prisma.StringFieldUpdateOperationsInput | string; partyType?: Prisma.EnumPartyTypeFieldUpdateOperationsInput | $Enums.PartyType; ... 18 more ...; schedules?: Prisma.InstallmentScheduleUpdateManyWithoutContractNestedInput; }' is not assignable to type '(Without<InstallmentContractUpdateInput, InstallmentContractUncheckedUpdateInput> & InstallmentContractUncheckedUpdateInput) | (Without<...> & InstallmentContractUpdateInput)'.
  Type '{ companyId: string; id?: Prisma.StringFieldUpdateOperationsInput | string; partyType?: Prisma.EnumPartyTypeFieldUpdateOperationsInput | $Enums.PartyType; ... 18 more ...; schedules?: Prisma.InstallmentScheduleUpdateManyWithoutContractNestedInput; }' is not assignable to type 'Without<InstallmentContractUpdateInput, InstallmentContractUncheckedUpdateInput> & InstallmentContractUncheckedUpdateInput'.
    Type '{ companyId: string; id?: Prisma.StringFieldUpdateOperationsInput | string; partyType?: Prisma.EnumPartyTypeFieldUpdateOperationsInput | $Enums.PartyType; ... 18 more ...; schedules?: Prisma.InstallmentScheduleUpdateManyWithoutContractNestedInput; }' is not assignable to type 'Without<InstallmentContractUpdateInput, InstallmentContractUncheckedUpdateInput>'.
      Types of property 'company' are incompatible.
        Type 'CompanyUpdateOneRequiredWithoutInstallmentContractsNestedInput | undefined' is not assignable to type 'undefined'.
          Type 'CompanyUpdateOneRequiredWithoutInstallmentContractsNestedInput' is not assignable to type 'undefined'.

[7m712[0m       data: { ...data, companyId },
[7m   [0m [91m      ~~~~[0m

  [96mnode_modules/.prisma/client/index.d.ts[0m:[93m23696[0m:[93m5[0m
    [7m23696[0m     data: XOR<InstallmentContractUpdateInput, InstallmentContractUncheckedUpdateInput>
    [7m     [0m [96m    ~~~~[0m
    The expected type comes from property 'data' which is declared here on type '{ select?: InstallmentContractSelect<DefaultArgs> | null | undefined; omit?: InstallmentContractOmit<DefaultArgs> | null | undefined; include?: InstallmentContractInclude<...> | ... 1 more ... | undefined; data: (Without<...> & InstallmentContractUncheckedUpdateInput) | (Without<...> & InstallmentContractUpdateInput...'

[96msrc/modules/installments/use-cases/create-contract.use-case.ts[0m:[93m284[0m:[93m18[0m - [91merror[0m[90m TS2345: [0mArgument of type '{ installmentNumber: number; dueDate: Date; amount: Prisma.Decimal; notes: null; }' is not assignable to parameter of type 'never'.

[7m284[0m       items.push({
[7m   [0m [91m                 ~[0m
[7m285[0m         installmentNumber: i + 1,
[7m   [0m [91m~~~~~~~~~~~~~~~~~~~~~~~~~~~~~~~~~[0m
[7m...[0m 
[7m288[0m         notes: null,
[7m   [0m [91m~~~~~~~~~~~~~~~~~~~~[0m
[7m289[0m       });
[7m   [0m [91m~~~~~~~[0m

[[90m9:06:22 PM[0m] Found 2 errors. Watching for file changes.

[2J[3J[H[[90m9:07:35 PM[0m] File change detected. Starting incremental compilation...

[96msrc/modules/installments/use-cases/create-contract.use-case.ts[0m:[93m284[0m:[93m18[0m - [91merror[0m[90m TS2345: [0mArgument of type '{ installmentNumber: number; dueDate: Date; amount: Prisma.Decimal; notes: null; }' is not assignable to parameter of type 'never'.

[7m284[0m       items.push({
[7m   [0m [91m                 ~[0m
[7m285[0m         installmentNumber: i + 1,
[7m   [0m [91m~~~~~~~~~~~~~~~~~~~~~~~~~~~~~~~~~[0m
[7m...[0m 
[7m288[0m         notes: null,
[7m   [0m [91m~~~~~~~~~~~~~~~~~~~~[0m
[7m289[0m       });
[7m   [0m [91m~~~~~~~[0m

[[90m9:07:37 PM[0m] Found 1 error. Watching for file changes.

[2J[3J[H[[90m9:07:41 PM[0m] File change detected. Starting incremental compilation...

[[90m9:07:42 PM[0m] Found 0 errors. Watching for file changes.

[32m[Nest] 17472  - [39m02/22/2026, 9:07:45 PM [32m    LOG[39m [38;5;3m[NestFactory] [39m[32mStarting Nest application...[39m
[32m[Nest] 17472  - [39m02/22/2026, 9:07:45 PM [32m    LOG[39m [38;5;3m[InstanceLoader] [39m[32mBullModule dependencies initialized[39m[38;5;3m +1ms[39m
[32m[Nest] 17472  - [39m02/22/2026, 9:07:45 PM [32m    LOG[39m [38;5;3m[InstanceLoader] [39m[32mDatabaseModule dependencies initialized[39m[38;5;3m +0ms[39m
[32m[Nest] 17472  - [39m02/22/2026, 9:07:45 PM [32m    LOG[39m [38;5;3m[InstanceLoader] [39m[32mPrismaModule dependencies initialized[39m[38;5;3m +0ms[39m
[32m[Nest] 17472  - [39m02/22/2026, 9:07:45 PM [32m    LOG[39m [38;5;3m[InstanceLoader] [39m[32mLoggerModule dependencies initialized[39m[38;5;3m +0ms[39m
[32m[Nest] 17472  - [39m02/22/2026, 9:07:45 PM [32m    LOG[39m [38;5;3m[InstanceLoader] [39m[32mTranslationModule dependencies initialized[39m[38;5;3m +0ms[39m
[32m[Nest] 17472  - [39m02/22/2026, 9:07:45 PM [32m    LOG[39m [38;5;3m[InstanceLoader] [39m[32mPassportModule dependencies initialized[39m[38;5;3m +1ms[39m
[32m[Nest] 17472  - [39m02/22/2026, 9:07:45 PM [32m    LOG[39m [38;5;3m[InstanceLoader] [39m[32mConfigHostModule dependencies initialized[39m[38;5;3m +0ms[39m
[32m[Nest] 17472  - [39m02/22/2026, 9:07:45 PM [32m    LOG[39m [38;5;3m[InstanceLoader] [39m[32mThrottlerModule dependencies initialized[39m[38;5;3m +0ms[39m
[32m[Nest] 17472  - [39m02/22/2026, 9:07:45 PM [32m    LOG[39m [38;5;3m[InstanceLoader] [39m[32mDiscoveryModule dependencies initialized[39m[38;5;3m +0ms[39m
[33m[Nest] 17472  - [39m02/22/2026, 9:07:45 PM [33m   WARN[39m [38;5;3m[WhatsAppService] [39m[33mTwilio credentials not configured — WhatsApp sending disabled[39m
[32m[Nest] 17472  - [39m02/22/2026, 9:07:45 PM [32m    LOG[39m [38;5;3m[InstanceLoader] [39m[32mGuardsModule dependencies initialized[39m[38;5;3m +1ms[39m
[32m[Nest] 17472  - [39m02/22/2026, 9:07:45 PM [32m    LOG[39m [38;5;3m[InstanceLoader] [39m[32mConfigModule dependencies initialized[39m[38;5;3m +0ms[39m
[32m[Nest] 17472  - [39m02/22/2026, 9:07:45 PM [32m    LOG[39m [38;5;3m[InstanceLoader] [39m[32mConfigModule dependencies initialized[39m[38;5;3m +0ms[39m
[32m[Nest] 17472  - [39m02/22/2026, 9:07:45 PM [32m    LOG[39m [38;5;3m[InstanceLoader] [39m[32mBullModule dependencies initialized[39m[38;5;3m +0ms[39m
[32m[Nest] 17472  - [39m02/22/2026, 9:07:45 PM [32m    LOG[39m [38;5;3m[InstanceLoader] [39m[32mCacheModule dependencies initialized[39m[38;5;3m +0ms[39m
[32m[Nest] 17472  - [39m02/22/2026, 9:07:45 PM [32m    LOG[39m [38;5;3m[InstanceLoader] [39m[32mJwtModule dependencies initialized[39m[38;5;3m +0ms[39m
[32m[Nest] 17472  - [39m02/22/2026, 9:07:45 PM [32m    LOG[39m [38;5;3m[InstanceLoader] [39m[32mBullModule dependencies initialized[39m[38;5;3m +0ms[39m
[32m[Nest] 17472  - [39m02/22/2026, 9:07:45 PM [32m    LOG[39m [38;5;3m[InstanceLoader] [39m[32mAppModule dependencies initialized[39m[38;5;3m +0ms[39m
[32m[Nest] 17472  - [39m02/22/2026, 9:07:45 PM [32m    LOG[39m [38;5;3m[InstanceLoader] [39m[32mPlatformModule dependencies initialized[39m[38;5;3m +0ms[39m
[32m[Nest] 17472  - [39m02/22/2026, 9:07:45 PM [32m    LOG[39m [38;5;3m[InstanceLoader] [39m[32mUsersModule dependencies initialized[39m[38;5;3m +0ms[39m
[32m[Nest] 17472  - [39m02/22/2026, 9:07:45 PM [32m    LOG[39m [38;5;3m[InstanceLoader] [39m[32mCustomersModule dependencies initialized[39m[38;5;3m +0ms[39m
[32m[Nest] 17472  - [39m02/22/2026, 9:07:45 PM [32m    LOG[39m [38;5;3m[InstanceLoader] [39m[32mSuppliersModule dependencies initialized[39m[38;5;3m +0ms[39m
[32m[Nest] 17472  - [39m02/22/2026, 9:07:45 PM [32m    LOG[39m [38;5;3m[InstanceLoader] [39m[32mEmployeesModule dependencies initialized[39m[38;5;3m +0ms[39m
[32m[Nest] 17472  - [39m02/22/2026, 9:07:45 PM [32m    LOG[39m [38;5;3m[InstanceLoader] [39m[32mDeferredSalesModule dependencies initialized[39m[38;5;3m +0ms[39m
[32m[Nest] 17472  - [39m02/22/2026, 9:07:45 PM [32m    LOG[39m [38;5;3m[InstanceLoader] [39m[32mInstallmentsModule dependencies initialized[39m[38;5;3m +0ms[39m
[32m[Nest] 17472  - [39m02/22/2026, 9:07:45 PM [32m    LOG[39m [38;5;3m[InstanceLoader] [39m[32mReportsModule dependencies initialized[39m[38;5;3m +0ms[39m
[32m[Nest] 17472  - [39m02/22/2026, 9:07:45 PM [32m    LOG[39m [38;5;3m[InstanceLoader] [39m[32mNotificationsModule dependencies initialized[39m[38;5;3m +0ms[39m
[32m[Nest] 17472  - [39m02/22/2026, 9:07:45 PM [32m    LOG[39m [38;5;3m[InstanceLoader] [39m[32mLedgerModule dependencies initialized[39m[38;5;3m +0ms[39m
[32m[Nest] 17472  - [39m02/22/2026, 9:07:45 PM [32m    LOG[39m [38;5;3m[InstanceLoader] [39m[32mAuthModule dependencies initialized[39m[38;5;3m +0ms[39m
[32m[Nest] 17472  - [39m02/22/2026, 9:07:45 PM [32m    LOG[39m [38;5;3m[RoutesResolver] [39m[32mAppController {/api/v1}:[39m[38;5;3m +0ms[39m
[32m[Nest] 17472  - [39m02/22/2026, 9:07:45 PM [32m    LOG[39m [38;5;3m[RouterExplorer] [39m[32mMapped {/api/v1/health, GET} route[39m[38;5;3m +0ms[39m
[32m[Nest] 17472  - [39m02/22/2026, 9:07:45 PM [32m    LOG[39m [38;5;3m[RoutesResolver] [39m[32mAuthController {/api/v1/auth}:[39m[38;5;3m +0ms[39m
[32m[Nest] 17472  - [39m02/22/2026, 9:07:45 PM [32m    LOG[39m [38;5;3m[RouterExplorer] [39m[32mMapped {/api/v1/auth/register, POST} route[39m[38;5;3m +0ms[39m
[32m[Nest] 17472  - [39m02/22/2026, 9:07:45 PM [32m    LOG[39m [38;5;3m[RouterExplorer] [39m[32mMapped {/api/v1/auth/login, POST} route[39m[38;5;3m +0ms[39m
[32m[Nest] 17472  - [39m02/22/2026, 9:07:45 PM [32m    LOG[39m [38;5;3m[RouterExplorer] [39m[32mMapped {/api/v1/auth/refresh, POST} route[39m[38;5;3m +0ms[39m
[32m[Nest] 17472  - [39m02/22/2026, 9:07:45 PM [32m    LOG[39m [38;5;3m[RouterExplorer] [39m[32mMapped {/api/v1/auth/logout, POST} route[39m[38;5;3m +0ms[39m
[32m[Nest] 17472  - [39m02/22/2026, 9:07:45 PM [32m    LOG[39m [38;5;3m[RouterExplorer] [39m[32mMapped {/api/v1/auth/logout-all, POST} route[39m[38;5;3m +0ms[39m
[32m[Nest] 17472  - [39m02/22/2026, 9:07:45 PM [32m    LOG[39m [38;5;3m[RouterExplorer] [39m[32mMapped {/api/v1/auth/change-password, POST} route[39m[38;5;3m +0ms[39m
[32m[Nest] 17472  - [39m02/22/2026, 9:07:45 PM [32m    LOG[39m [38;5;3m[RouterExplorer] [39m[32mMapped {/api/v1/auth/me, GET} route[39m[38;5;3m +0ms[39m
[32m[Nest] 17472  - [39m02/22/2026, 9:07:45 PM [32m    LOG[39m [38;5;3m[RouterExplorer] [39m[32mMapped {/api/v1/auth/sessions, GET} route[39m[38;5;3m +0ms[39m
[32m[Nest] 17472  - [39m02/22/2026, 9:07:45 PM [32m    LOG[39m [38;5;3m[RouterExplorer] [39m[32mMapped {/api/v1/auth/forgot-password, POST} route[39m[38;5;3m +0ms[39m
[32m[Nest] 17472  - [39m02/22/2026, 9:07:45 PM [32m    LOG[39m [38;5;3m[RouterExplorer] [39m[32mMapped {/api/v1/auth/reset-password, POST} route[39m[38;5;3m +0ms[39m
[32m[Nest] 17472  - [39m02/22/2026, 9:07:45 PM [32m    LOG[39m [38;5;3m[RoutesResolver] [39m[32mNotificationsController {/api/v1/notifications}:[39m[38;5;3m +0ms[39m
[32m[Nest] 17472  - [39m02/22/2026, 9:07:45 PM [32m    LOG[39m [38;5;3m[RouterExplorer] [39m[32mMapped {/api/v1/notifications/device-token, POST} route[39m[38;5;3m +0ms[39m
[32m[Nest] 17472  - [39m02/22/2026, 9:07:45 PM [32m    LOG[39m [38;5;3m[RouterExplorer] [39m[32mMapped {/api/v1/notifications/device-token/:token, DELETE} route[39m[38;5;3m +0ms[39m
[32m[Nest] 17472  - [39m02/22/2026, 9:07:45 PM [32m    LOG[39m [38;5;3m[RouterExplorer] [39m[32mMapped {/api/v1/notifications/unread-count, GET} route[39m[38;5;3m +0ms[39m
[32m[Nest] 17472  - [39m02/22/2026, 9:07:45 PM [32m    LOG[39m [38;5;3m[RouterExplorer] [39m[32mMapped {/api/v1/notifications, GET} route[39m[38;5;3m +0ms[39m
[32m[Nest] 17472  - [39m02/22/2026, 9:07:45 PM [32m    LOG[39m [38;5;3m[RouterExplorer] [39m[32mMapped {/api/v1/notifications/read-all, PATCH} route[39m[38;5;3m +0ms[39m
[32m[Nest] 17472  - [39m02/22/2026, 9:07:45 PM [32m    LOG[39m [38;5;3m[RouterExplorer] [39m[32mMapped {/api/v1/notifications/:id/read, PATCH} route[39m[38;5;3m +1ms[39m
[32m[Nest] 17472  - [39m02/22/2026, 9:07:45 PM [32m    LOG[39m [38;5;3m[RoutesResolver] [39m[32mPlatformController {/api/v1/platform}:[39m[38;5;3m +0ms[39m
[32m[Nest] 17472  - [39m02/22/2026, 9:07:45 PM [32m    LOG[39m [38;5;3m[RouterExplorer] [39m[32mMapped {/api/v1/platform/companies, POST} route[39m[38;5;3m +0ms[39m
[32m[Nest] 17472  - [39m02/22/2026, 9:07:45 PM [32m    LOG[39m [38;5;3m[RouterExplorer] [39m[32mMapped {/api/v1/platform/companies, GET} route[39m[38;5;3m +0ms[39m
[32m[Nest] 17472  - [39m02/22/2026, 9:07:45 PM [32m    LOG[39m [38;5;3m[RouterExplorer] [39m[32mMapped {/api/v1/platform/companies/:id, GET} route[39m[38;5;3m +0ms[39m
[32m[Nest] 17472  - [39m02/22/2026, 9:07:45 PM [32m    LOG[39m [38;5;3m[RouterExplorer] [39m[32mMapped {/api/v1/platform/companies/:id/metrics, GET} route[39m[38;5;3m +0ms[39m
[32m[Nest] 17472  - [39m02/22/2026, 9:07:45 PM [32m    LOG[39m [38;5;3m[RouterExplorer] [39m[32mMapped {/api/v1/platform/plans, POST} route[39m[38;5;3m +0ms[39m
[32m[Nest] 17472  - [39m02/22/2026, 9:07:45 PM [32m    LOG[39m [38;5;3m[RouterExplorer] [39m[32mMapped {/api/v1/platform/plans, GET} route[39m[38;5;3m +0ms[39m
[32m[Nest] 17472  - [39m02/22/2026, 9:07:45 PM [32m    LOG[39m [38;5;3m[RouterExplorer] [39m[32mMapped {/api/v1/platform/plans/:id, PATCH} route[39m[38;5;3m +0ms[39m
[32m[Nest] 17472  - [39m02/22/2026, 9:07:45 PM [32m    LOG[39m [38;5;3m[RouterExplorer] [39m[32mMapped {/api/v1/platform/subscriptions/activate, POST} route[39m[38;5;3m +0ms[39m
[32m[Nest] 17472  - [39m02/22/2026, 9:07:45 PM [32m    LOG[39m [38;5;3m[RouterExplorer] [39m[32mMapped {/api/v1/platform/subscriptions/suspend, POST} route[39m[38;5;3m +0ms[39m
[32m[Nest] 17472  - [39m02/22/2026, 9:07:45 PM [32m    LOG[39m [38;5;3m[RouterExplorer] [39m[32mMapped {/api/v1/platform/subscriptions/extend, POST} route[39m[38;5;3m +0ms[39m
[32m[Nest] 17472  - [39m02/22/2026, 9:07:45 PM [32m    LOG[39m [38;5;3m[RoutesResolver] [39m[32mUsersController {/api/v1/users}:[39m[38;5;3m +0ms[39m
[32m[Nest] 17472  - [39m02/22/2026, 9:07:45 PM [32m    LOG[39m [38;5;3m[RouterExplorer] [39m[32mMapped {/api/v1/users/staff, POST} route[39m[38;5;3m +0ms[39m
[32m[Nest] 17472  - [39m02/22/2026, 9:07:45 PM [32m    LOG[39m [38;5;3m[RouterExplorer] [39m[32mMapped {/api/v1/users/stats, GET} route[39m[38;5;3m +0ms[39m
[32m[Nest] 17472  - [39m02/22/2026, 9:07:45 PM [32m    LOG[39m [38;5;3m[RouterExplorer] [39m[32mMapped {/api/v1/users, GET} route[39m[38;5;3m +0ms[39m
[32m[Nest] 17472  - [39m02/22/2026, 9:07:45 PM [32m    LOG[39m [38;5;3m[RouterExplorer] [39m[32mMapped {/api/v1/users/:id, GET} route[39m[38;5;3m +0ms[39m
[32m[Nest] 17472  - [39m02/22/2026, 9:07:45 PM [32m    LOG[39m [38;5;3m[RouterExplorer] [39m[32mMapped {/api/v1/users/:id, PATCH} route[39m[38;5;3m +0ms[39m
[32m[Nest] 17472  - [39m02/22/2026, 9:07:45 PM [32m    LOG[39m [38;5;3m[RouterExplorer] [39m[32mMapped {/api/v1/users/:id/permissions, PATCH} route[39m[38;5;3m +0ms[39m
[32m[Nest] 17472  - [39m02/22/2026, 9:07:45 PM [32m    LOG[39m [38;5;3m[RouterExplorer] [39m[32mMapped {/api/v1/users/:id/disable, PATCH} route[39m[38;5;3m +0ms[39m
[32m[Nest] 17472  - [39m02/22/2026, 9:07:45 PM [32m    LOG[39m [38;5;3m[RouterExplorer] [39m[32mMapped {/api/v1/users/:id/enable, PATCH} route[39m[38;5;3m +0ms[39m
[32m[Nest] 17472  - [39m02/22/2026, 9:07:45 PM [32m    LOG[39m [38;5;3m[RoutesResolver] [39m[32mCustomersController {/api/v1/customers}:[39m[38;5;3m +0ms[39m
[32m[Nest] 17472  - [39m02/22/2026, 9:07:45 PM [32m    LOG[39m [38;5;3m[RouterExplorer] [39m[32mMapped {/api/v1/customers, POST} route[39m[38;5;3m +0ms[39m
[32m[Nest] 17472  - [39m02/22/2026, 9:07:45 PM [32m    LOG[39m [38;5;3m[RouterExplorer] [39m[32mMapped {/api/v1/customers, GET} route[39m[38;5;3m +0ms[39m
[32m[Nest] 17472  - [39m02/22/2026, 9:07:45 PM [32m    LOG[39m [38;5;3m[RouterExplorer] [39m[32mMapped {/api/v1/customers/:id, GET} route[39m[38;5;3m +0ms[39m
[32m[Nest] 17472  - [39m02/22/2026, 9:07:45 PM [32m    LOG[39m [38;5;3m[RouterExplorer] [39m[32mMapped {/api/v1/customers/:id, PATCH} route[39m[38;5;3m +0ms[39m
[32m[Nest] 17472  - [39m02/22/2026, 9:07:45 PM [32m    LOG[39m [38;5;3m[RouterExplorer] [39m[32mMapped {/api/v1/customers/:id, DELETE} route[39m[38;5;3m +0ms[39m
[32m[Nest] 17472  - [39m02/22/2026, 9:07:45 PM [32m    LOG[39m [38;5;3m[RoutesResolver] [39m[32mSuppliersController {/api/v1/suppliers}:[39m[38;5;3m +0ms[39m
[32m[Nest] 17472  - [39m02/22/2026, 9:07:45 PM [32m    LOG[39m [38;5;3m[RouterExplorer] [39m[32mMapped {/api/v1/suppliers, POST} route[39m[38;5;3m +0ms[39m
[32m[Nest] 17472  - [39m02/22/2026, 9:07:45 PM [32m    LOG[39m [38;5;3m[RouterExplorer] [39m[32mMapped {/api/v1/suppliers, GET} route[39m[38;5;3m +0ms[39m
[32m[Nest] 17472  - [39m02/22/2026, 9:07:45 PM [32m    LOG[39m [38;5;3m[RouterExplorer] [39m[32mMapped {/api/v1/suppliers/:id, GET} route[39m[38;5;3m +0ms[39m
[32m[Nest] 17472  - [39m02/22/2026, 9:07:45 PM [32m    LOG[39m [38;5;3m[RouterExplorer] [39m[32mMapped {/api/v1/suppliers/:id, PATCH} route[39m[38;5;3m +0ms[39m
[32m[Nest] 17472  - [39m02/22/2026, 9:07:45 PM [32m    LOG[39m [38;5;3m[RouterExplorer] [39m[32mMapped {/api/v1/suppliers/:id, DELETE} route[39m[38;5;3m +0ms[39m
[32m[Nest] 17472  - [39m02/22/2026, 9:07:45 PM [32m    LOG[39m [38;5;3m[RoutesResolver] [39m[32mEmployeesController {/api/v1/employees}:[39m[38;5;3m +0ms[39m
[32m[Nest] 17472  - [39m02/22/2026, 9:07:45 PM [32m    LOG[39m [38;5;3m[RouterExplorer] [39m[32mMapped {/api/v1/employees, POST} route[39m[38;5;3m +0ms[39m
[32m[Nest] 17472  - [39m02/22/2026, 9:07:45 PM [32m    LOG[39m [38;5;3m[RouterExplorer] [39m[32mMapped {/api/v1/employees, GET} route[39m[38;5;3m +0ms[39m
[32m[Nest] 17472  - [39m02/22/2026, 9:07:45 PM [32m    LOG[39m [38;5;3m[RouterExplorer] [39m[32mMapped {/api/v1/employees/:id, GET} route[39m[38;5;3m +0ms[39m
[32m[Nest] 17472  - [39m02/22/2026, 9:07:45 PM [32m    LOG[39m [38;5;3m[RouterExplorer] [39m[32mMapped {/api/v1/employees/:id, PATCH} route[39m[38;5;3m +0ms[39m
[32m[Nest] 17472  - [39m02/22/2026, 9:07:45 PM [32m    LOG[39m [38;5;3m[RouterExplorer] [39m[32mMapped {/api/v1/employees/:id, DELETE} route[39m[38;5;3m +0ms[39m
[32m[Nest] 17472  - [39m02/22/2026, 9:07:45 PM [32m    LOG[39m [38;5;3m[RoutesResolver] [39m[32mLedgerController {/api/v1/ledger}:[39m[38;5;3m +0ms[39m
[32m[Nest] 17472  - [39m02/22/2026, 9:07:45 PM [32m    LOG[39m [38;5;3m[RouterExplorer] [39m[32mMapped {/api/v1/ledger, POST} route[39m[38;5;3m +0ms[39m
[32m[Nest] 17472  - [39m02/22/2026, 9:07:45 PM [32m    LOG[39m [38;5;3m[RouterExplorer] [39m[32mMapped {/api/v1/ledger/:id, DELETE} route[39m[38;5;3m +0ms[39m
[32m[Nest] 17472  - [39m02/22/2026, 9:07:45 PM [32m    LOG[39m [38;5;3m[RouterExplorer] [39m[32mMapped {/api/v1/ledger/statement, GET} route[39m[38;5;3m +0ms[39m
[32m[Nest] 17472  - [39m02/22/2026, 9:07:45 PM [32m    LOG[39m [38;5;3m[RoutesResolver] [39m[32mDeferredSalesController {/api/v1/deferred-sales}:[39m[38;5;3m +0ms[39m
[32m[Nest] 17472  - [39m02/22/2026, 9:07:45 PM [32m    LOG[39m [38;5;3m[RouterExplorer] [39m[32mMapped {/api/v1/deferred-sales, POST} route[39m[38;5;3m +0ms[39m
[32m[Nest] 17472  - [39m02/22/2026, 9:07:45 PM [32m    LOG[39m [38;5;3m[RouterExplorer] [39m[32mMapped {/api/v1/deferred-sales, GET} route[39m[38;5;3m +1ms[39m
[32m[Nest] 17472  - [39m02/22/2026, 9:07:45 PM [32m    LOG[39m [38;5;3m[RouterExplorer] [39m[32mMapped {/api/v1/deferred-sales/:id, GET} route[39m[38;5;3m +0ms[39m
[32m[Nest] 17472  - [39m02/22/2026, 9:07:45 PM [32m    LOG[39m [38;5;3m[RouterExplorer] [39m[32mMapped {/api/v1/deferred-sales/:id/payments, POST} route[39m[38;5;3m +0ms[39m
[32m[Nest] 17472  - [39m02/22/2026, 9:07:45 PM [32m    LOG[39m [38;5;3m[RouterExplorer] [39m[32mMapped {/api/v1/deferred-sales/:id/cancel, PATCH} route[39m[38;5;3m +0ms[39m
[32m[Nest] 17472  - [39m02/22/2026, 9:07:45 PM [32m    LOG[39m [38;5;3m[RoutesResolver] [39m[32mInstallmentsController {/api/v1/installments}:[39m[38;5;3m +0ms[39m
[32m[Nest] 17472  - [39m02/22/2026, 9:07:45 PM [32m    LOG[39m [38;5;3m[RouterExplorer] [39m[32mMapped {/api/v1/installments/contracts, POST} route[39m[38;5;3m +0ms[39m
[32m[Nest] 17472  - [39m02/22/2026, 9:07:45 PM [32m    LOG[39m [38;5;3m[RouterExplorer] [39m[32mMapped {/api/v1/installments/contracts, GET} route[39m[38;5;3m +0ms[39m
[32m[Nest] 17472  - [39m02/22/2026, 9:07:45 PM [32m    LOG[39m [38;5;3m[RouterExplorer] [39m[32mMapped {/api/v1/installments/schedule, GET} route[39m[38;5;3m +0ms[39m
[32m[Nest] 17472  - [39m02/22/2026, 9:07:45 PM [32m    LOG[39m [38;5;3m[RouterExplorer] [39m[32mMapped {/api/v1/installments/contracts/:id, GET} route[39m[38;5;3m +0ms[39m
[32m[Nest] 17472  - [39m02/22/2026, 9:07:45 PM [32m    LOG[39m [38;5;3m[RouterExplorer] [39m[32mMapped {/api/v1/installments/contracts/:id/payments, POST} route[39m[38;5;3m +0ms[39m
[32m[Nest] 17472  - [39m02/22/2026, 9:07:45 PM [32m    LOG[39m [38;5;3m[RouterExplorer] [39m[32mMapped {/api/v1/installments/contracts/:id/cancel, PATCH} route[39m[38;5;3m +0ms[39m
[32m[Nest] 17472  - [39m02/22/2026, 9:07:45 PM [32m    LOG[39m [38;5;3m[RoutesResolver] [39m[32mReportsController {/api/v1/reports}:[39m[38;5;3m +0ms[39m
[32m[Nest] 17472  - [39m02/22/2026, 9:07:45 PM [32m    LOG[39m [38;5;3m[RouterExplorer] [39m[32mMapped {/api/v1/reports/summary, GET} route[39m[38;5;3m +0ms[39m
[32m[Nest] 17472  - [39m02/22/2026, 9:07:45 PM [32m    LOG[39m [38;5;3m[RouterExplorer] [39m[32mMapped {/api/v1/reports/overdue, GET} route[39m[38;5;3m +0ms[39m
[32m[Nest] 17472  - [39m02/22/2026, 9:07:45 PM [32m    LOG[39m [38;5;3m[RouterExplorer] [39m[32mMapped {/api/v1/reports/collection-schedule, GET} route[39m[38;5;3m +0ms[39m
[32m[Nest] 17472  - [39m02/22/2026, 9:07:45 PM [32m    LOG[39m [38;5;3m[PrismaService] [39m[32m✅ Connected to database[39m
[32m[Nest] 17472  - [39m02/22/2026, 9:07:45 PM [32m    LOG[39m [38;5;3m[PrismaService] [39m[32m✅ Connected to database[39m
[32m[Nest] 17472  - [39m02/22/2026, 9:07:45 PM [32m    LOG[39m [38;5;3m[NestApplication] [39m[32mNest application successfully started[39m[38;5;3m +0ms[39m
2026-02-22 21:07:45  [32MINFO[39M [Bootstrap] [32m🚀 Daftar API running on http://localhost:7000[39m
2026-02-22 21:07:45  [32MINFO[39M [Bootstrap] [32m📚 Swagger docs: http://localhost:7000/api/docs[39m
2026-02-22 21:07:45  [32MINFO[39M [Bootstrap] [32m🔗 API prefix: /api/v1[39m
2026-02-22 21:07:45  [32MINFO[39M [Bootstrap] [32m🌍 Environment: development[39m
[32m[Nest] 17472  - [39m02/22/2026, 9:07:45 PM [32m    LOG[39m [38;5;3m[CacheService] [39m[32m✅ Redis Connected[39m
[32m[Nest] 17472  - [39m02/22/2026, 9:07:45 PM [32m    LOG[39m [38;5;3m[CacheService] [39m[32m✅ Redis Cache Service Initialized[39m
[2J[3J[H[[90m11:15:20 PM[0m] File change detected. Starting incremental compilation...

[[90m11:15:27 PM[0m] Found 0 errors. Watching for file changes.

[2J[3J[H[[90m11:15:31 PM[0m] File change detected. Starting incremental compilation...

[[90m11:15:37 PM[0m] Found 0 errors. Watching for file changes.

[2J[3J[H[[90m11:15:38 PM[0m] File change detected. Starting incremental compilation...

[[90m11:15:40 PM[0m] Found 0 errors. Watching for file changes.

[32m[Nest] 16316  - [39m02/22/2026, 11:15:44 PM [32m    LOG[39m [38;5;3m[NestFactory] [39m[32mStarting Nest application...[39m
[32m[Nest] 16316  - [39m02/22/2026, 11:15:44 PM [32m    LOG[39m [38;5;3m[InstanceLoader] [39m[32mBullModule dependencies initialized[39m[38;5;3m +1ms[39m
[32m[Nest] 16316  - [39m02/22/2026, 11:15:44 PM [32m    LOG[39m [38;5;3m[InstanceLoader] [39m[32mDatabaseModule dependencies initialized[39m[38;5;3m +1ms[39m
[32m[Nest] 16316  - [39m02/22/2026, 11:15:44 PM [32m    LOG[39m [38;5;3m[InstanceLoader] [39m[32mPrismaModule dependencies initialized[39m[38;5;3m +0ms[39m
[32m[Nest] 16316  - [39m02/22/2026, 11:15:44 PM [32m    LOG[39m [38;5;3m[InstanceLoader] [39m[32mLoggerModule dependencies initialized[39m[38;5;3m +0ms[39m
[32m[Nest] 16316  - [39m02/22/2026, 11:15:44 PM [32m    LOG[39m [38;5;3m[InstanceLoader] [39m[32mTranslationModule dependencies initialized[39m[38;5;3m +0ms[39m
[32m[Nest] 16316  - [39m02/22/2026, 11:15:44 PM [32m    LOG[39m [38;5;3m[InstanceLoader] [39m[32mPassportModule dependencies initialized[39m[38;5;3m +0ms[39m
[32m[Nest] 16316  - [39m02/22/2026, 11:15:44 PM [32m    LOG[39m [38;5;3m[InstanceLoader] [39m[32mConfigHostModule dependencies initialized[39m[38;5;3m +0ms[39m
[32m[Nest] 16316  - [39m02/22/2026, 11:15:44 PM [32m    LOG[39m [38;5;3m[InstanceLoader] [39m[32mThrottlerModule dependencies initialized[39m[38;5;3m +0ms[39m
[32m[Nest] 16316  - [39m02/22/2026, 11:15:44 PM [32m    LOG[39m [38;5;3m[InstanceLoader] [39m[32mDiscoveryModule dependencies initialized[39m[38;5;3m +0ms[39m
[33m[Nest] 16316  - [39m02/22/2026, 11:15:44 PM [33m   WARN[39m [38;5;3m[WhatsAppService] [39m[33mTwilio credentials not configured — WhatsApp sending disabled[39m
[32m[Nest] 16316  - [39m02/22/2026, 11:15:44 PM [32m    LOG[39m [38;5;3m[InstanceLoader] [39m[32mGuardsModule dependencies initialized[39m[38;5;3m +0ms[39m
[32m[Nest] 16316  - [39m02/22/2026, 11:15:44 PM [32m    LOG[39m [38;5;3m[InstanceLoader] [39m[32mConfigModule dependencies initialized[39m[38;5;3m +0ms[39m
[32m[Nest] 16316  - [39m02/22/2026, 11:15:44 PM [32m    LOG[39m [38;5;3m[InstanceLoader] [39m[32mConfigModule dependencies initialized[39m[38;5;3m +0ms[39m
[32m[Nest] 16316  - [39m02/22/2026, 11:15:44 PM [32m    LOG[39m [38;5;3m[InstanceLoader] [39m[32mBullModule dependencies initialized[39m[38;5;3m +0ms[39m
[32m[Nest] 16316  - [39m02/22/2026, 11:15:44 PM [32m    LOG[39m [38;5;3m[InstanceLoader] [39m[32mCacheModule dependencies initialized[39m[38;5;3m +0ms[39m
[32m[Nest] 16316  - [39m02/22/2026, 11:15:44 PM [32m    LOG[39m [38;5;3m[InstanceLoader] [39m[32mJwtModule dependencies initialized[39m[38;5;3m +0ms[39m
[32m[Nest] 16316  - [39m02/22/2026, 11:15:44 PM [32m    LOG[39m [38;5;3m[InstanceLoader] [39m[32mBullModule dependencies initialized[39m[38;5;3m +0ms[39m
[32m[Nest] 16316  - [39m02/22/2026, 11:15:44 PM [32m    LOG[39m [38;5;3m[InstanceLoader] [39m[32mAppModule dependencies initialized[39m[38;5;3m +1ms[39m
[32m[Nest] 16316  - [39m02/22/2026, 11:15:44 PM [32m    LOG[39m [38;5;3m[InstanceLoader] [39m[32mPlatformModule dependencies initialized[39m[38;5;3m +0ms[39m
[32m[Nest] 16316  - [39m02/22/2026, 11:15:44 PM [32m    LOG[39m [38;5;3m[InstanceLoader] [39m[32mUsersModule dependencies initialized[39m[38;5;3m +0ms[39m
[32m[Nest] 16316  - [39m02/22/2026, 11:15:44 PM [32m    LOG[39m [38;5;3m[InstanceLoader] [39m[32mCustomersModule dependencies initialized[39m[38;5;3m +0ms[39m
[32m[Nest] 16316  - [39m02/22/2026, 11:15:44 PM [32m    LOG[39m [38;5;3m[InstanceLoader] [39m[32mSuppliersModule dependencies initialized[39m[38;5;3m +0ms[39m
[32m[Nest] 16316  - [39m02/22/2026, 11:15:44 PM [32m    LOG[39m [38;5;3m[InstanceLoader] [39m[32mEmployeesModule dependencies initialized[39m[38;5;3m +0ms[39m
[32m[Nest] 16316  - [39m02/22/2026, 11:15:44 PM [32m    LOG[39m [38;5;3m[InstanceLoader] [39m[32mDeferredSalesModule dependencies initialized[39m[38;5;3m +0ms[39m
[32m[Nest] 16316  - [39m02/22/2026, 11:15:44 PM [32m    LOG[39m [38;5;3m[InstanceLoader] [39m[32mInstallmentsModule dependencies initialized[39m[38;5;3m +0ms[39m
[32m[Nest] 16316  - [39m02/22/2026, 11:15:44 PM [32m    LOG[39m [38;5;3m[InstanceLoader] [39m[32mReportsModule dependencies initialized[39m[38;5;3m +0ms[39m
[32m[Nest] 16316  - [39m02/22/2026, 11:15:44 PM [32m    LOG[39m [38;5;3m[InstanceLoader] [39m[32mNotificationsModule dependencies initialized[39m[38;5;3m +0ms[39m
[32m[Nest] 16316  - [39m02/22/2026, 11:15:44 PM [32m    LOG[39m [38;5;3m[InstanceLoader] [39m[32mLedgerModule dependencies initialized[39m[38;5;3m +0ms[39m
[32m[Nest] 16316  - [39m02/22/2026, 11:15:44 PM [32m    LOG[39m [38;5;3m[InstanceLoader] [39m[32mAuthModule dependencies initialized[39m[38;5;3m +0ms[39m
[32m[Nest] 16316  - [39m02/22/2026, 11:15:44 PM [32m    LOG[39m [38;5;3m[RoutesResolver] [39m[32mAppController {/api/v1}:[39m[38;5;3m +0ms[39m
[32m[Nest] 16316  - [39m02/22/2026, 11:15:44 PM [32m    LOG[39m [38;5;3m[RouterExplorer] [39m[32mMapped {/api/v1/health, GET} route[39m[38;5;3m +0ms[39m
[32m[Nest] 16316  - [39m02/22/2026, 11:15:44 PM [32m    LOG[39m [38;5;3m[RoutesResolver] [39m[32mAuthController {/api/v1/auth}:[39m[38;5;3m +0ms[39m
[32m[Nest] 16316  - [39m02/22/2026, 11:15:44 PM [32m    LOG[39m [38;5;3m[RouterExplorer] [39m[32mMapped {/api/v1/auth/register, POST} route[39m[38;5;3m +0ms[39m
[32m[Nest] 16316  - [39m02/22/2026, 11:15:44 PM [32m    LOG[39m [38;5;3m[RouterExplorer] [39m[32mMapped {/api/v1/auth/login, POST} route[39m[38;5;3m +0ms[39m
[32m[Nest] 16316  - [39m02/22/2026, 11:15:44 PM [32m    LOG[39m [38;5;3m[RouterExplorer] [39m[32mMapped {/api/v1/auth/refresh, POST} route[39m[38;5;3m +0ms[39m
[32m[Nest] 16316  - [39m02/22/2026, 11:15:44 PM [32m    LOG[39m [38;5;3m[RouterExplorer] [39m[32mMapped {/api/v1/auth/logout, POST} route[39m[38;5;3m +0ms[39m
[32m[Nest] 16316  - [39m02/22/2026, 11:15:44 PM [32m    LOG[39m [38;5;3m[RouterExplorer] [39m[32mMapped {/api/v1/auth/logout-all, POST} route[39m[38;5;3m +0ms[39m
[32m[Nest] 16316  - [39m02/22/2026, 11:15:44 PM [32m    LOG[39m [38;5;3m[RouterExplorer] [39m[32mMapped {/api/v1/auth/change-password, POST} route[39m[38;5;3m +0ms[39m
[32m[Nest] 16316  - [39m02/22/2026, 11:15:44 PM [32m    LOG[39m [38;5;3m[RouterExplorer] [39m[32mMapped {/api/v1/auth/me, GET} route[39m[38;5;3m +1ms[39m
[32m[Nest] 16316  - [39m02/22/2026, 11:15:44 PM [32m    LOG[39m [38;5;3m[RouterExplorer] [39m[32mMapped {/api/v1/auth/sessions, GET} route[39m[38;5;3m +0ms[39m
[32m[Nest] 16316  - [39m02/22/2026, 11:15:44 PM [32m    LOG[39m [38;5;3m[RouterExplorer] [39m[32mMapped {/api/v1/auth/forgot-password, POST} route[39m[38;5;3m +0ms[39m
[32m[Nest] 16316  - [39m02/22/2026, 11:15:44 PM [32m    LOG[39m [38;5;3m[RouterExplorer] [39m[32mMapped {/api/v1/auth/reset-password, POST} route[39m[38;5;3m +0ms[39m
[32m[Nest] 16316  - [39m02/22/2026, 11:15:44 PM [32m    LOG[39m [38;5;3m[RoutesResolver] [39m[32mNotificationsController {/api/v1/notifications}:[39m[38;5;3m +0ms[39m
[32m[Nest] 16316  - [39m02/22/2026, 11:15:44 PM [32m    LOG[39m [38;5;3m[RouterExplorer] [39m[32mMapped {/api/v1/notifications/device-token, POST} route[39m[38;5;3m +0ms[39m
[32m[Nest] 16316  - [39m02/22/2026, 11:15:44 PM [32m    LOG[39m [38;5;3m[RouterExplorer] [39m[32mMapped {/api/v1/notifications/device-token/:token, DELETE} route[39m[38;5;3m +0ms[39m
[32m[Nest] 16316  - [39m02/22/2026, 11:15:44 PM [32m    LOG[39m [38;5;3m[RouterExplorer] [39m[32mMapped {/api/v1/notifications/unread-count, GET} route[39m[38;5;3m +0ms[39m
[32m[Nest] 16316  - [39m02/22/2026, 11:15:44 PM [32m    LOG[39m [38;5;3m[RouterExplorer] [39m[32mMapped {/api/v1/notifications, GET} route[39m[38;5;3m +0ms[39m
[32m[Nest] 16316  - [39m02/22/2026, 11:15:44 PM [32m    LOG[39m [38;5;3m[RouterExplorer] [39m[32mMapped {/api/v1/notifications/read-all, PATCH} route[39m[38;5;3m +0ms[39m
[32m[Nest] 16316  - [39m02/22/2026, 11:15:44 PM [32m    LOG[39m [38;5;3m[RouterExplorer] [39m[32mMapped {/api/v1/notifications/:id/read, PATCH} route[39m[38;5;3m +0ms[39m
[32m[Nest] 16316  - [39m02/22/2026, 11:15:44 PM [32m    LOG[39m [38;5;3m[RoutesResolver] [39m[32mPlatformController {/api/v1/platform}:[39m[38;5;3m +0ms[39m
[32m[Nest] 16316  - [39m02/22/2026, 11:15:44 PM [32m    LOG[39m [38;5;3m[RouterExplorer] [39m[32mMapped {/api/v1/platform/companies, POST} route[39m[38;5;3m +0ms[39m
[32m[Nest] 16316  - [39m02/22/2026, 11:15:44 PM [32m    LOG[39m [38;5;3m[RouterExplorer] [39m[32mMapped {/api/v1/platform/companies, GET} route[39m[38;5;3m +0ms[39m
[32m[Nest] 16316  - [39m02/22/2026, 11:15:44 PM [32m    LOG[39m [38;5;3m[RouterExplorer] [39m[32mMapped {/api/v1/platform/companies/:id, GET} route[39m[38;5;3m +0ms[39m
[32m[Nest] 16316  - [39m02/22/2026, 11:15:44 PM [32m    LOG[39m [38;5;3m[RouterExplorer] [39m[32mMapped {/api/v1/platform/companies/:id/metrics, GET} route[39m[38;5;3m +0ms[39m
[32m[Nest] 16316  - [39m02/22/2026, 11:15:44 PM [32m    LOG[39m [38;5;3m[RouterExplorer] [39m[32mMapped {/api/v1/platform/plans, POST} route[39m[38;5;3m +0ms[39m
[32m[Nest] 16316  - [39m02/22/2026, 11:15:44 PM [32m    LOG[39m [38;5;3m[RouterExplorer] [39m[32mMapped {/api/v1/platform/plans, GET} route[39m[38;5;3m +0ms[39m
[32m[Nest] 16316  - [39m02/22/2026, 11:15:44 PM [32m    LOG[39m [38;5;3m[RouterExplorer] [39m[32mMapped {/api/v1/platform/plans/:id, PATCH} route[39m[38;5;3m +0ms[39m
[32m[Nest] 16316  - [39m02/22/2026, 11:15:44 PM [32m    LOG[39m [38;5;3m[RouterExplorer] [39m[32mMapped {/api/v1/platform/subscriptions/activate, POST} route[39m[38;5;3m +0ms[39m
[32m[Nest] 16316  - [39m02/22/2026, 11:15:44 PM [32m    LOG[39m [38;5;3m[RouterExplorer] [39m[32mMapped {/api/v1/platform/subscriptions/suspend, POST} route[39m[38;5;3m +0ms[39m
[32m[Nest] 16316  - [39m02/22/2026, 11:15:44 PM [32m    LOG[39m [38;5;3m[RouterExplorer] [39m[32mMapped {/api/v1/platform/subscriptions/extend, POST} route[39m[38;5;3m +0ms[39m
[32m[Nest] 16316  - [39m02/22/2026, 11:15:44 PM [32m    LOG[39m [38;5;3m[RoutesResolver] [39m[32mUsersController {/api/v1/users}:[39m[38;5;3m +0ms[39m
[32m[Nest] 16316  - [39m02/22/2026, 11:15:44 PM [32m    LOG[39m [38;5;3m[RouterExplorer] [39m[32mMapped {/api/v1/users/staff, POST} route[39m[38;5;3m +0ms[39m
[32m[Nest] 16316  - [39m02/22/2026, 11:15:44 PM [32m    LOG[39m [38;5;3m[RouterExplorer] [39m[32mMapped {/api/v1/users/stats, GET} route[39m[38;5;3m +0ms[39m
[32m[Nest] 16316  - [39m02/22/2026, 11:15:44 PM [32m    LOG[39m [38;5;3m[RouterExplorer] [39m[32mMapped {/api/v1/users, GET} route[39m[38;5;3m +0ms[39m
[32m[Nest] 16316  - [39m02/22/2026, 11:15:44 PM [32m    LOG[39m [38;5;3m[RouterExplorer] [39m[32mMapped {/api/v1/users/:id, GET} route[39m[38;5;3m +0ms[39m
[32m[Nest] 16316  - [39m02/22/2026, 11:15:44 PM [32m    LOG[39m [38;5;3m[RouterExplorer] [39m[32mMapped {/api/v1/users/:id, PATCH} route[39m[38;5;3m +1ms[39m
[32m[Nest] 16316  - [39m02/22/2026, 11:15:44 PM [32m    LOG[39m [38;5;3m[RouterExplorer] [39m[32mMapped {/api/v1/users/:id/permissions, PATCH} route[39m[38;5;3m +0ms[39m
[32m[Nest] 16316  - [39m02/22/2026, 11:15:44 PM [32m    LOG[39m [38;5;3m[RouterExplorer] [39m[32mMapped {/api/v1/users/:id/disable, PATCH} route[39m[38;5;3m +0ms[39m
[32m[Nest] 16316  - [39m02/22/2026, 11:15:44 PM [32m    LOG[39m [38;5;3m[RouterExplorer] [39m[32mMapped {/api/v1/users/:id/enable, PATCH} route[39m[38;5;3m +0ms[39m
[32m[Nest] 16316  - [39m02/22/2026, 11:15:44 PM [32m    LOG[39m [38;5;3m[RoutesResolver] [39m[32mCustomersController {/api/v1/customers}:[39m[38;5;3m +0ms[39m
[32m[Nest] 16316  - [39m02/22/2026, 11:15:44 PM [32m    LOG[39m [38;5;3m[RouterExplorer] [39m[32mMapped {/api/v1/customers, POST} route[39m[38;5;3m +0ms[39m
[32m[Nest] 16316  - [39m02/22/2026, 11:15:44 PM [32m    LOG[39m [38;5;3m[RouterExplorer] [39m[32mMapped {/api/v1/customers, GET} route[39m[38;5;3m +0ms[39m
[32m[Nest] 16316  - [39m02/22/2026, 11:15:44 PM [32m    LOG[39m [38;5;3m[RouterExplorer] [39m[32mMapped {/api/v1/customers/:id, GET} route[39m[38;5;3m +0ms[39m
[32m[Nest] 16316  - [39m02/22/2026, 11:15:44 PM [32m    LOG[39m [38;5;3m[RouterExplorer] [39m[32mMapped {/api/v1/customers/:id, PATCH} route[39m[38;5;3m +0ms[39m
[32m[Nest] 16316  - [39m02/22/2026, 11:15:44 PM [32m    LOG[39m [38;5;3m[RouterExplorer] [39m[32mMapped {/api/v1/customers/:id, DELETE} route[39m[38;5;3m +0ms[39m
[32m[Nest] 16316  - [39m02/22/2026, 11:15:44 PM [32m    LOG[39m [38;5;3m[RoutesResolver] [39m[32mSuppliersController {/api/v1/suppliers}:[39m[38;5;3m +0ms[39m
[32m[Nest] 16316  - [39m02/22/2026, 11:15:44 PM [32m    LOG[39m [38;5;3m[RouterExplorer] [39m[32mMapped {/api/v1/suppliers, POST} route[39m[38;5;3m +0ms[39m
[32m[Nest] 16316  - [39m02/22/2026, 11:15:44 PM [32m    LOG[39m [38;5;3m[RouterExplorer] [39m[32mMapped {/api/v1/suppliers, GET} route[39m[38;5;3m +0ms[39m
[32m[Nest] 16316  - [39m02/22/2026, 11:15:44 PM [32m    LOG[39m [38;5;3m[RouterExplorer] [39m[32mMapped {/api/v1/suppliers/:id, GET} route[39m[38;5;3m +0ms[39m
[32m[Nest] 16316  - [39m02/22/2026, 11:15:44 PM [32m    LOG[39m [38;5;3m[RouterExplorer] [39m[32mMapped {/api/v1/suppliers/:id, PATCH} route[39m[38;5;3m +0ms[39m
[32m[Nest] 16316  - [39m02/22/2026, 11:15:44 PM [32m    LOG[39m [38;5;3m[RouterExplorer] [39m[32mMapped {/api/v1/suppliers/:id, DELETE} route[39m[38;5;3m +0ms[39m
[32m[Nest] 16316  - [39m02/22/2026, 11:15:44 PM [32m    LOG[39m [38;5;3m[RoutesResolver] [39m[32mEmployeesController {/api/v1/employees}:[39m[38;5;3m +0ms[39m
[32m[Nest] 16316  - [39m02/22/2026, 11:15:44 PM [32m    LOG[39m [38;5;3m[RouterExplorer] [39m[32mMapped {/api/v1/employees, POST} route[39m[38;5;3m +0ms[39m
[32m[Nest] 16316  - [39m02/22/2026, 11:15:44 PM [32m    LOG[39m [38;5;3m[RouterExplorer] [39m[32mMapped {/api/v1/employees, GET} route[39m[38;5;3m +0ms[39m
[32m[Nest] 16316  - [39m02/22/2026, 11:15:44 PM [32m    LOG[39m [38;5;3m[RouterExplorer] [39m[32mMapped {/api/v1/employees/:id, GET} route[39m[38;5;3m +0ms[39m
[32m[Nest] 16316  - [39m02/22/2026, 11:15:44 PM [32m    LOG[39m [38;5;3m[RouterExplorer] [39m[32mMapped {/api/v1/employees/:id, PATCH} route[39m[38;5;3m +0ms[39m
[32m[Nest] 16316  - [39m02/22/2026, 11:15:44 PM [32m    LOG[39m [38;5;3m[RouterExplorer] [39m[32mMapped {/api/v1/employees/:id, DELETE} route[39m[38;5;3m +0ms[39m
[32m[Nest] 16316  - [39m02/22/2026, 11:15:44 PM [32m    LOG[39m [38;5;3m[RoutesResolver] [39m[32mLedgerController {/api/v1/ledger}:[39m[38;5;3m +0ms[39m
[32m[Nest] 16316  - [39m02/22/2026, 11:15:44 PM [32m    LOG[39m [38;5;3m[RouterExplorer] [39m[32mMapped {/api/v1/ledger, POST} route[39m[38;5;3m +0ms[39m
[32m[Nest] 16316  - [39m02/22/2026, 11:15:44 PM [32m    LOG[39m [38;5;3m[RouterExplorer] [39m[32mMapped {/api/v1/ledger/:id, DELETE} route[39m[38;5;3m +1ms[39m
[32m[Nest] 16316  - [39m02/22/2026, 11:15:44 PM [32m    LOG[39m [38;5;3m[RouterExplorer] [39m[32mMapped {/api/v1/ledger/statement, GET} route[39m[38;5;3m +0ms[39m
[32m[Nest] 16316  - [39m02/22/2026, 11:15:44 PM [32m    LOG[39m [38;5;3m[RoutesResolver] [39m[32mDeferredSalesController {/api/v1/deferred-sales}:[39m[38;5;3m +0ms[39m
[32m[Nest] 16316  - [39m02/22/2026, 11:15:44 PM [32m    LOG[39m [38;5;3m[RouterExplorer] [39m[32mMapped {/api/v1/deferred-sales, POST} route[39m[38;5;3m +0ms[39m
[32m[Nest] 16316  - [39m02/22/2026, 11:15:44 PM [32m    LOG[39m [38;5;3m[RouterExplorer] [39m[32mMapped {/api/v1/deferred-sales, GET} route[39m[38;5;3m +0ms[39m
[32m[Nest] 16316  - [39m02/22/2026, 11:15:44 PM [32m    LOG[39m [38;5;3m[RouterExplorer] [39m[32mMapped {/api/v1/deferred-sales/:id, GET} route[39m[38;5;3m +0ms[39m
[32m[Nest] 16316  - [39m02/22/2026, 11:15:44 PM [32m    LOG[39m [38;5;3m[RouterExplorer] [39m[32mMapped {/api/v1/deferred-sales/:id/payments, POST} route[39m[38;5;3m +0ms[39m
[32m[Nest] 16316  - [39m02/22/2026, 11:15:44 PM [32m    LOG[39m [38;5;3m[RouterExplorer] [39m[32mMapped {/api/v1/deferred-sales/:id/cancel, PATCH} route[39m[38;5;3m +0ms[39m
[32m[Nest] 16316  - [39m02/22/2026, 11:15:44 PM [32m    LOG[39m [38;5;3m[RoutesResolver] [39m[32mInstallmentsController {/api/v1/installments}:[39m[38;5;3m +0ms[39m
[32m[Nest] 16316  - [39m02/22/2026, 11:15:44 PM [32m    LOG[39m [38;5;3m[RouterExplorer] [39m[32mMapped {/api/v1/installments/contracts, POST} route[39m[38;5;3m +0ms[39m
[32m[Nest] 16316  - [39m02/22/2026, 11:15:44 PM [32m    LOG[39m [38;5;3m[RouterExplorer] [39m[32mMapped {/api/v1/installments/contracts, GET} route[39m[38;5;3m +0ms[39m
[32m[Nest] 16316  - [39m02/22/2026, 11:15:44 PM [32m    LOG[39m [38;5;3m[RouterExplorer] [39m[32mMapped {/api/v1/installments/schedule, GET} route[39m[38;5;3m +0ms[39m
[32m[Nest] 16316  - [39m02/22/2026, 11:15:44 PM [32m    LOG[39m [38;5;3m[RouterExplorer] [39m[32mMapped {/api/v1/installments/contracts/:id, GET} route[39m[38;5;3m +0ms[39m
[32m[Nest] 16316  - [39m02/22/2026, 11:15:44 PM [32m    LOG[39m [38;5;3m[RouterExplorer] [39m[32mMapped {/api/v1/installments/contracts/:id/payments, POST} route[39m[38;5;3m +0ms[39m
[32m[Nest] 16316  - [39m02/22/2026, 11:15:44 PM [32m    LOG[39m [38;5;3m[RouterExplorer] [39m[32mMapped {/api/v1/installments/contracts/:id/cancel, PATCH} route[39m[38;5;3m +0ms[39m
[32m[Nest] 16316  - [39m02/22/2026, 11:15:44 PM [32m    LOG[39m [38;5;3m[RoutesResolver] [39m[32mReportsController {/api/v1/reports}:[39m[38;5;3m +0ms[39m
[32m[Nest] 16316  - [39m02/22/2026, 11:15:44 PM [32m    LOG[39m [38;5;3m[RouterExplorer] [39m[32mMapped {/api/v1/reports/summary, GET} route[39m[38;5;3m +0ms[39m
[32m[Nest] 16316  - [39m02/22/2026, 11:15:44 PM [32m    LOG[39m [38;5;3m[RouterExplorer] [39m[32mMapped {/api/v1/reports/overdue, GET} route[39m[38;5;3m +0ms[39m
[32m[Nest] 16316  - [39m02/22/2026, 11:15:44 PM [32m    LOG[39m [38;5;3m[RouterExplorer] [39m[32mMapped {/api/v1/reports/collection-schedule, GET} route[39m[38;5;3m +0ms[39m
[32m[Nest] 16316  - [39m02/22/2026, 11:15:44 PM [32m    LOG[39m [38;5;3m[PrismaService] [39m[32m✅ Connected to database[39m
[32m[Nest] 16316  - [39m02/22/2026, 11:15:44 PM [32m    LOG[39m [38;5;3m[PrismaService] [39m[32m✅ Connected to database[39m
[32m[Nest] 16316  - [39m02/22/2026, 11:15:44 PM [32m    LOG[39m [38;5;3m[NestApplication] [39m[32mNest application successfully started[39m[38;5;3m +0ms[39m
2026-02-22 23:15:44  [32MINFO[39M [Bootstrap] [32m🚀 Daftar API running on http://localhost:7000[39m
2026-02-22 23:15:44  [32MINFO[39M [Bootstrap] [32m📚 Swagger docs: http://localhost:7000/api/docs[39m
2026-02-22 23:15:44  [32MINFO[39M [Bootstrap] [32m🔗 API prefix: /api/v1[39m
2026-02-22 23:15:44  [32MINFO[39M [Bootstrap] [32m🌍 Environment: development[39m
[32m[Nest] 16316  - [39m02/22/2026, 11:15:44 PM [32m    LOG[39m [38;5;3m[CacheService] [39m[32m✅ Redis Connected[39m
[32m[Nest] 16316  - [39m02/22/2026, 11:15:44 PM [32m    LOG[39m [38;5;3m[CacheService] [39m[32m✅ Redis Cache Service Initialized[39m
[2J[3J[H[[90m11:16:19 PM[0m] File change detected. Starting incremental compilation...

[[90m11:16:23 PM[0m] Found 0 errors. Watching for file changes.

[32m[Nest] 16568  - [39m02/22/2026, 11:16:27 PM [32m    LOG[39m [38;5;3m[NestFactory] [39m[32mStarting Nest application...[39m
[32m[Nest] 16568  - [39m02/22/2026, 11:16:27 PM [32m    LOG[39m [38;5;3m[InstanceLoader] [39m[32mBullModule dependencies initialized[39m[38;5;3m +1ms[39m
[32m[Nest] 16568  - [39m02/22/2026, 11:16:27 PM [32m    LOG[39m [38;5;3m[InstanceLoader] [39m[32mDatabaseModule dependencies initialized[39m[38;5;3m +0ms[39m
[32m[Nest] 16568  - [39m02/22/2026, 11:16:27 PM [32m    LOG[39m [38;5;3m[InstanceLoader] [39m[32mPrismaModule dependencies initialized[39m[38;5;3m +0ms[39m
[32m[Nest] 16568  - [39m02/22/2026, 11:16:27 PM [32m    LOG[39m [38;5;3m[InstanceLoader] [39m[32mLoggerModule dependencies initialized[39m[38;5;3m +0ms[39m
[32m[Nest] 16568  - [39m02/22/2026, 11:16:27 PM [32m    LOG[39m [38;5;3m[InstanceLoader] [39m[32mTranslationModule dependencies initialized[39m[38;5;3m +0ms[39m
[32m[Nest] 16568  - [39m02/22/2026, 11:16:27 PM [32m    LOG[39m [38;5;3m[InstanceLoader] [39m[32mPassportModule dependencies initialized[39m[38;5;3m +0ms[39m
[32m[Nest] 16568  - [39m02/22/2026, 11:16:27 PM [32m    LOG[39m [38;5;3m[InstanceLoader] [39m[32mConfigHostModule dependencies initialized[39m[38;5;3m +0ms[39m
[32m[Nest] 16568  - [39m02/22/2026, 11:16:27 PM [32m    LOG[39m [38;5;3m[InstanceLoader] [39m[32mThrottlerModule dependencies initialized[39m[38;5;3m +0ms[39m
[32m[Nest] 16568  - [39m02/22/2026, 11:16:27 PM [32m    LOG[39m [38;5;3m[InstanceLoader] [39m[32mDiscoveryModule dependencies initialized[39m[38;5;3m +0ms[39m
[33m[Nest] 16568  - [39m02/22/2026, 11:16:27 PM [33m   WARN[39m [38;5;3m[WhatsAppService] [39m[33mTwilio credentials not configured — WhatsApp sending disabled[39m
[32m[Nest] 16568  - [39m02/22/2026, 11:16:27 PM [32m    LOG[39m [38;5;3m[InstanceLoader] [39m[32mGuardsModule dependencies initialized[39m[38;5;3m +1ms[39m
[32m[Nest] 16568  - [39m02/22/2026, 11:16:27 PM [32m    LOG[39m [38;5;3m[InstanceLoader] [39m[32mConfigModule dependencies initialized[39m[38;5;3m +0ms[39m
[32m[Nest] 16568  - [39m02/22/2026, 11:16:27 PM [32m    LOG[39m [38;5;3m[InstanceLoader] [39m[32mConfigModule dependencies initialized[39m[38;5;3m +0ms[39m
[32m[Nest] 16568  - [39m02/22/2026, 11:16:27 PM [32m    LOG[39m [38;5;3m[InstanceLoader] [39m[32mBullModule dependencies initialized[39m[38;5;3m +0ms[39m
[32m[Nest] 16568  - [39m02/22/2026, 11:16:27 PM [32m    LOG[39m [38;5;3m[InstanceLoader] [39m[32mCacheModule dependencies initialized[39m[38;5;3m +0ms[39m
[32m[Nest] 16568  - [39m02/22/2026, 11:16:27 PM [32m    LOG[39m [38;5;3m[InstanceLoader] [39m[32mJwtModule dependencies initialized[39m[38;5;3m +0ms[39m
[32m[Nest] 16568  - [39m02/22/2026, 11:16:27 PM [32m    LOG[39m [38;5;3m[InstanceLoader] [39m[32mBullModule dependencies initialized[39m[38;5;3m +0ms[39m
[32m[Nest] 16568  - [39m02/22/2026, 11:16:27 PM [32m    LOG[39m [38;5;3m[InstanceLoader] [39m[32mAppModule dependencies initialized[39m[38;5;3m +0ms[39m
[32m[Nest] 16568  - [39m02/22/2026, 11:16:27 PM [32m    LOG[39m [38;5;3m[InstanceLoader] [39m[32mPlatformModule dependencies initialized[39m[38;5;3m +0ms[39m
[32m[Nest] 16568  - [39m02/22/2026, 11:16:27 PM [32m    LOG[39m [38;5;3m[InstanceLoader] [39m[32mUsersModule dependencies initialized[39m[38;5;3m +0ms[39m
[32m[Nest] 16568  - [39m02/22/2026, 11:16:27 PM [32m    LOG[39m [38;5;3m[InstanceLoader] [39m[32mCustomersModule dependencies initialized[39m[38;5;3m +0ms[39m
[32m[Nest] 16568  - [39m02/22/2026, 11:16:27 PM [32m    LOG[39m [38;5;3m[InstanceLoader] [39m[32mSuppliersModule dependencies initialized[39m[38;5;3m +0ms[39m
[32m[Nest] 16568  - [39m02/22/2026, 11:16:27 PM [32m    LOG[39m [38;5;3m[InstanceLoader] [39m[32mEmployeesModule dependencies initialized[39m[38;5;3m +0ms[39m
[32m[Nest] 16568  - [39m02/22/2026, 11:16:27 PM [32m    LOG[39m [38;5;3m[InstanceLoader] [39m[32mDeferredSalesModule dependencies initialized[39m[38;5;3m +0ms[39m
[32m[Nest] 16568  - [39m02/22/2026, 11:16:27 PM [32m    LOG[39m [38;5;3m[InstanceLoader] [39m[32mInstallmentsModule dependencies initialized[39m[38;5;3m +0ms[39m
[32m[Nest] 16568  - [39m02/22/2026, 11:16:27 PM [32m    LOG[39m [38;5;3m[InstanceLoader] [39m[32mReportsModule dependencies initialized[39m[38;5;3m +0ms[39m
[32m[Nest] 16568  - [39m02/22/2026, 11:16:27 PM [32m    LOG[39m [38;5;3m[InstanceLoader] [39m[32mNotificationsModule dependencies initialized[39m[38;5;3m +0ms[39m
[32m[Nest] 16568  - [39m02/22/2026, 11:16:27 PM [32m    LOG[39m [38;5;3m[InstanceLoader] [39m[32mLedgerModule dependencies initialized[39m[38;5;3m +0ms[39m
[32m[Nest] 16568  - [39m02/22/2026, 11:16:27 PM [32m    LOG[39m [38;5;3m[InstanceLoader] [39m[32mAuthModule dependencies initialized[39m[38;5;3m +0ms[39m
[32m[Nest] 16568  - [39m02/22/2026, 11:16:27 PM [32m    LOG[39m [38;5;3m[RoutesResolver] [39m[32mAppController {/api/v1}:[39m[38;5;3m +0ms[39m
[32m[Nest] 16568  - [39m02/22/2026, 11:16:27 PM [32m    LOG[39m [38;5;3m[RouterExplorer] [39m[32mMapped {/api/v1/health, GET} route[39m[38;5;3m +0ms[39m
[32m[Nest] 16568  - [39m02/22/2026, 11:16:27 PM [32m    LOG[39m [38;5;3m[RoutesResolver] [39m[32mAuthController {/api/v1/auth}:[39m[38;5;3m +0ms[39m
[32m[Nest] 16568  - [39m02/22/2026, 11:16:27 PM [32m    LOG[39m [38;5;3m[RouterExplorer] [39m[32mMapped {/api/v1/auth/register, POST} route[39m[38;5;3m +0ms[39m
[32m[Nest] 16568  - [39m02/22/2026, 11:16:27 PM [32m    LOG[39m [38;5;3m[RouterExplorer] [39m[32mMapped {/api/v1/auth/login, POST} route[39m[38;5;3m +0ms[39m
[32m[Nest] 16568  - [39m02/22/2026, 11:16:27 PM [32m    LOG[39m [38;5;3m[RouterExplorer] [39m[32mMapped {/api/v1/auth/refresh, POST} route[39m[38;5;3m +0ms[39m
[32m[Nest] 16568  - [39m02/22/2026, 11:16:27 PM [32m    LOG[39m [38;5;3m[RouterExplorer] [39m[32mMapped {/api/v1/auth/logout, POST} route[39m[38;5;3m +0ms[39m
[32m[Nest] 16568  - [39m02/22/2026, 11:16:27 PM [32m    LOG[39m [38;5;3m[RouterExplorer] [39m[32mMapped {/api/v1/auth/logout-all, POST} route[39m[38;5;3m +1ms[39m
[32m[Nest] 16568  - [39m02/22/2026, 11:16:27 PM [32m    LOG[39m [38;5;3m[RouterExplorer] [39m[32mMapped {/api/v1/auth/change-password, POST} route[39m[38;5;3m +0ms[39m
[32m[Nest] 16568  - [39m02/22/2026, 11:16:27 PM [32m    LOG[39m [38;5;3m[RouterExplorer] [39m[32mMapped {/api/v1/auth/me, GET} route[39m[38;5;3m +0ms[39m
[32m[Nest] 16568  - [39m02/22/2026, 11:16:27 PM [32m    LOG[39m [38;5;3m[RouterExplorer] [39m[32mMapped {/api/v1/auth/sessions, GET} route[39m[38;5;3m +0ms[39m
[32m[Nest] 16568  - [39m02/22/2026, 11:16:27 PM [32m    LOG[39m [38;5;3m[RouterExplorer] [39m[32mMapped {/api/v1/auth/forgot-password, POST} route[39m[38;5;3m +0ms[39m
[32m[Nest] 16568  - [39m02/22/2026, 11:16:27 PM [32m    LOG[39m [38;5;3m[RouterExplorer] [39m[32mMapped {/api/v1/auth/reset-password, POST} route[39m[38;5;3m +0ms[39m
[32m[Nest] 16568  - [39m02/22/2026, 11:16:27 PM [32m    LOG[39m [38;5;3m[RoutesResolver] [39m[32mNotificationsController {/api/v1/notifications}:[39m[38;5;3m +0ms[39m
[32m[Nest] 16568  - [39m02/22/2026, 11:16:27 PM [32m    LOG[39m [38;5;3m[RouterExplorer] [39m[32mMapped {/api/v1/notifications/device-token, POST} route[39m[38;5;3m +0ms[39m
[32m[Nest] 16568  - [39m02/22/2026, 11:16:27 PM [32m    LOG[39m [38;5;3m[RouterExplorer] [39m[32mMapped {/api/v1/notifications/device-token/:token, DELETE} route[39m[38;5;3m +0ms[39m
[32m[Nest] 16568  - [39m02/22/2026, 11:16:27 PM [32m    LOG[39m [38;5;3m[RouterExplorer] [39m[32mMapped {/api/v1/notifications/unread-count, GET} route[39m[38;5;3m +0ms[39m
[32m[Nest] 16568  - [39m02/22/2026, 11:16:27 PM [32m    LOG[39m [38;5;3m[RouterExplorer] [39m[32mMapped {/api/v1/notifications, GET} route[39m[38;5;3m +0ms[39m
[32m[Nest] 16568  - [39m02/22/2026, 11:16:27 PM [32m    LOG[39m [38;5;3m[RouterExplorer] [39m[32mMapped {/api/v1/notifications/read-all, PATCH} route[39m[38;5;3m +0ms[39m
[32m[Nest] 16568  - [39m02/22/2026, 11:16:27 PM [32m    LOG[39m [38;5;3m[RouterExplorer] [39m[32mMapped {/api/v1/notifications/:id/read, PATCH} route[39m[38;5;3m +0ms[39m
[32m[Nest] 16568  - [39m02/22/2026, 11:16:27 PM [32m    LOG[39m [38;5;3m[RoutesResolver] [39m[32mPlatformController {/api/v1/platform}:[39m[38;5;3m +0ms[39m
[32m[Nest] 16568  - [39m02/22/2026, 11:16:27 PM [32m    LOG[39m [38;5;3m[RouterExplorer] [39m[32mMapped {/api/v1/platform/companies, POST} route[39m[38;5;3m +0ms[39m
[32m[Nest] 16568  - [39m02/22/2026, 11:16:27 PM [32m    LOG[39m [38;5;3m[RouterExplorer] [39m[32mMapped {/api/v1/platform/companies, GET} route[39m[38;5;3m +0ms[39m
[32m[Nest] 16568  - [39m02/22/2026, 11:16:27 PM [32m    LOG[39m [38;5;3m[RouterExplorer] [39m[32mMapped {/api/v1/platform/companies/:id, GET} route[39m[38;5;3m +0ms[39m
[32m[Nest] 16568  - [39m02/22/2026, 11:16:27 PM [32m    LOG[39m [38;5;3m[RouterExplorer] [39m[32mMapped {/api/v1/platform/companies/:id/metrics, GET} route[39m[38;5;3m +0ms[39m
[32m[Nest] 16568  - [39m02/22/2026, 11:16:27 PM [32m    LOG[39m [38;5;3m[RouterExplorer] [39m[32mMapped {/api/v1/platform/plans, POST} route[39m[38;5;3m +0ms[39m
[32m[Nest] 16568  - [39m02/22/2026, 11:16:27 PM [32m    LOG[39m [38;5;3m[RouterExplorer] [39m[32mMapped {/api/v1/platform/plans, GET} route[39m[38;5;3m +0ms[39m
[32m[Nest] 16568  - [39m02/22/2026, 11:16:27 PM [32m    LOG[39m [38;5;3m[RouterExplorer] [39m[32mMapped {/api/v1/platform/plans/:id, PATCH} route[39m[38;5;3m +0ms[39m
[32m[Nest] 16568  - [39m02/22/2026, 11:16:27 PM [32m    LOG[39m [38;5;3m[RouterExplorer] [39m[32mMapped {/api/v1/platform/subscriptions/activate, POST} route[39m[38;5;3m +0ms[39m
[32m[Nest] 16568  - [39m02/22/2026, 11:16:27 PM [32m    LOG[39m [38;5;3m[RouterExplorer] [39m[32mMapped {/api/v1/platform/subscriptions/suspend, POST} route[39m[38;5;3m +0ms[39m
[32m[Nest] 16568  - [39m02/22/2026, 11:16:27 PM [32m    LOG[39m [38;5;3m[RouterExplorer] [39m[32mMapped {/api/v1/platform/subscriptions/extend, POST} route[39m[38;5;3m +0ms[39m
[32m[Nest] 16568  - [39m02/22/2026, 11:16:27 PM [32m    LOG[39m [38;5;3m[RoutesResolver] [39m[32mUsersController {/api/v1/users}:[39m[38;5;3m +0ms[39m
[32m[Nest] 16568  - [39m02/22/2026, 11:16:27 PM [32m    LOG[39m [38;5;3m[RouterExplorer] [39m[32mMapped {/api/v1/users/staff, POST} route[39m[38;5;3m +0ms[39m
[32m[Nest] 16568  - [39m02/22/2026, 11:16:27 PM [32m    LOG[39m [38;5;3m[RouterExplorer] [39m[32mMapped {/api/v1/users/stats, GET} route[39m[38;5;3m +0ms[39m
[32m[Nest] 16568  - [39m02/22/2026, 11:16:27 PM [32m    LOG[39m [38;5;3m[RouterExplorer] [39m[32mMapped {/api/v1/users, GET} route[39m[38;5;3m +0ms[39m
[32m[Nest] 16568  - [39m02/22/2026, 11:16:27 PM [32m    LOG[39m [38;5;3m[RouterExplorer] [39m[32mMapped {/api/v1/users/:id, GET} route[39m[38;5;3m +0ms[39m
[32m[Nest] 16568  - [39m02/22/2026, 11:16:27 PM [32m    LOG[39m [38;5;3m[RouterExplorer] [39m[32mMapped {/api/v1/users/:id, PATCH} route[39m[38;5;3m +0ms[39m
[32m[Nest] 16568  - [39m02/22/2026, 11:16:27 PM [32m    LOG[39m [38;5;3m[RouterExplorer] [39m[32mMapped {/api/v1/users/:id/permissions, PATCH} route[39m[38;5;3m +0ms[39m
[32m[Nest] 16568  - [39m02/22/2026, 11:16:27 PM [32m    LOG[39m [38;5;3m[RouterExplorer] [39m[32mMapped {/api/v1/users/:id/disable, PATCH} route[39m[38;5;3m +0ms[39m
[32m[Nest] 16568  - [39m02/22/2026, 11:16:27 PM [32m    LOG[39m [38;5;3m[RouterExplorer] [39m[32mMapped {/api/v1/users/:id/enable, PATCH} route[39m[38;5;3m +0ms[39m
[32m[Nest] 16568  - [39m02/22/2026, 11:16:27 PM [32m    LOG[39m [38;5;3m[RoutesResolver] [39m[32mCustomersController {/api/v1/customers}:[39m[38;5;3m +0ms[39m
[32m[Nest] 16568  - [39m02/22/2026, 11:16:27 PM [32m    LOG[39m [38;5;3m[RouterExplorer] [39m[32mMapped {/api/v1/customers, POST} route[39m[38;5;3m +0ms[39m
[32m[Nest] 16568  - [39m02/22/2026, 11:16:27 PM [32m    LOG[39m [38;5;3m[RouterExplorer] [39m[32mMapped {/api/v1/customers, GET} route[39m[38;5;3m +0ms[39m
[32m[Nest] 16568  - [39m02/22/2026, 11:16:27 PM [32m    LOG[39m [38;5;3m[RouterExplorer] [39m[32mMapped {/api/v1/customers/:id, GET} route[39m[38;5;3m +0ms[39m
[32m[Nest] 16568  - [39m02/22/2026, 11:16:27 PM [32m    LOG[39m [38;5;3m[RouterExplorer] [39m[32mMapped {/api/v1/customers/:id, PATCH} route[39m[38;5;3m +0ms[39m
[32m[Nest] 16568  - [39m02/22/2026, 11:16:27 PM [32m    LOG[39m [38;5;3m[RouterExplorer] [39m[32mMapped {/api/v1/customers/:id, DELETE} route[39m[38;5;3m +0ms[39m
[32m[Nest] 16568  - [39m02/22/2026, 11:16:27 PM [32m    LOG[39m [38;5;3m[RoutesResolver] [39m[32mSuppliersController {/api/v1/suppliers}:[39m[38;5;3m +1ms[39m
[32m[Nest] 16568  - [39m02/22/2026, 11:16:27 PM [32m    LOG[39m [38;5;3m[RouterExplorer] [39m[32mMapped {/api/v1/suppliers, POST} route[39m[38;5;3m +0ms[39m
[32m[Nest] 16568  - [39m02/22/2026, 11:16:27 PM [32m    LOG[39m [38;5;3m[RouterExplorer] [39m[32mMapped {/api/v1/suppliers, GET} route[39m[38;5;3m +0ms[39m
[32m[Nest] 16568  - [39m02/22/2026, 11:16:27 PM [32m    LOG[39m [38;5;3m[RouterExplorer] [39m[32mMapped {/api/v1/suppliers/:id, GET} route[39m[38;5;3m +0ms[39m
[32m[Nest] 16568  - [39m02/22/2026, 11:16:27 PM [32m    LOG[39m [38;5;3m[RouterExplorer] [39m[32mMapped {/api/v1/suppliers/:id, PATCH} route[39m[38;5;3m +0ms[39m
[32m[Nest] 16568  - [39m02/22/2026, 11:16:27 PM [32m    LOG[39m [38;5;3m[RouterExplorer] [39m[32mMapped {/api/v1/suppliers/:id, DELETE} route[39m[38;5;3m +0ms[39m
[32m[Nest] 16568  - [39m02/22/2026, 11:16:27 PM [32m    LOG[39m [38;5;3m[RoutesResolver] [39m[32mEmployeesController {/api/v1/employees}:[39m[38;5;3m +0ms[39m
[32m[Nest] 16568  - [39m02/22/2026, 11:16:27 PM [32m    LOG[39m [38;5;3m[RouterExplorer] [39m[32mMapped {/api/v1/employees, POST} route[39m[38;5;3m +0ms[39m
[32m[Nest] 16568  - [39m02/22/2026, 11:16:27 PM [32m    LOG[39m [38;5;3m[RouterExplorer] [39m[32mMapped {/api/v1/employees, GET} route[39m[38;5;3m +0ms[39m
[32m[Nest] 16568  - [39m02/22/2026, 11:16:27 PM [32m    LOG[39m [38;5;3m[RouterExplorer] [39m[32mMapped {/api/v1/employees/:id, GET} route[39m[38;5;3m +0ms[39m
[32m[Nest] 16568  - [39m02/22/2026, 11:16:27 PM [32m    LOG[39m [38;5;3m[RouterExplorer] [39m[32mMapped {/api/v1/employees/:id, PATCH} route[39m[38;5;3m +0ms[39m
[32m[Nest] 16568  - [39m02/22/2026, 11:16:27 PM [32m    LOG[39m [38;5;3m[RouterExplorer] [39m[32mMapped {/api/v1/employees/:id, DELETE} route[39m[38;5;3m +0ms[39m
[32m[Nest] 16568  - [39m02/22/2026, 11:16:27 PM [32m    LOG[39m [38;5;3m[RoutesResolver] [39m[32mLedgerController {/api/v1/ledger}:[39m[38;5;3m +0ms[39m
[32m[Nest] 16568  - [39m02/22/2026, 11:16:27 PM [32m    LOG[39m [38;5;3m[RouterExplorer] [39m[32mMapped {/api/v1/ledger, POST} route[39m[38;5;3m +0ms[39m
[32m[Nest] 16568  - [39m02/22/2026, 11:16:27 PM [32m    LOG[39m [38;5;3m[RouterExplorer] [39m[32mMapped {/api/v1/ledger/:id, DELETE} route[39m[38;5;3m +0ms[39m
[32m[Nest] 16568  - [39m02/22/2026, 11:16:27 PM [32m    LOG[39m [38;5;3m[RouterExplorer] [39m[32mMapped {/api/v1/ledger/statement, GET} route[39m[38;5;3m +0ms[39m
[32m[Nest] 16568  - [39m02/22/2026, 11:16:27 PM [32m    LOG[39m [38;5;3m[RoutesResolver] [39m[32mDeferredSalesController {/api/v1/deferred-sales}:[39m[38;5;3m +0ms[39m
[32m[Nest] 16568  - [39m02/22/2026, 11:16:27 PM [32m    LOG[39m [38;5;3m[RouterExplorer] [39m[32mMapped {/api/v1/deferred-sales, POST} route[39m[38;5;3m +0ms[39m
[32m[Nest] 16568  - [39m02/22/2026, 11:16:27 PM [32m    LOG[39m [38;5;3m[RouterExplorer] [39m[32mMapped {/api/v1/deferred-sales, GET} route[39m[38;5;3m +0ms[39m
[32m[Nest] 16568  - [39m02/22/2026, 11:16:27 PM [32m    LOG[39m [38;5;3m[RouterExplorer] [39m[32mMapped {/api/v1/deferred-sales/:id, GET} route[39m[38;5;3m +0ms[39m
[32m[Nest] 16568  - [39m02/22/2026, 11:16:27 PM [32m    LOG[39m [38;5;3m[RouterExplorer] [39m[32mMapped {/api/v1/deferred-sales/:id/payments, POST} route[39m[38;5;3m +0ms[39m
[32m[Nest] 16568  - [39m02/22/2026, 11:16:27 PM [32m    LOG[39m [38;5;3m[RouterExplorer] [39m[32mMapped {/api/v1/deferred-sales/:id/cancel, PATCH} route[39m[38;5;3m +0ms[39m
[32m[Nest] 16568  - [39m02/22/2026, 11:16:27 PM [32m    LOG[39m [38;5;3m[RoutesResolver] [39m[32mInstallmentsController {/api/v1/installments}:[39m[38;5;3m +0ms[39m
[32m[Nest] 16568  - [39m02/22/2026, 11:16:27 PM [32m    LOG[39m [38;5;3m[RouterExplorer] [39m[32mMapped {/api/v1/installments/contracts, POST} route[39m[38;5;3m +0ms[39m
[32m[Nest] 16568  - [39m02/22/2026, 11:16:27 PM [32m    LOG[39m [38;5;3m[RouterExplorer] [39m[32mMapped {/api/v1/installments/contracts, GET} route[39m[38;5;3m +0ms[39m
[32m[Nest] 16568  - [39m02/22/2026, 11:16:27 PM [32m    LOG[39m [38;5;3m[RouterExplorer] [39m[32mMapped {/api/v1/installments/schedule, GET} route[39m[38;5;3m +0ms[39m
[32m[Nest] 16568  - [39m02/22/2026, 11:16:27 PM [32m    LOG[39m [38;5;3m[RouterExplorer] [39m[32mMapped {/api/v1/installments/contracts/:id, GET} route[39m[38;5;3m +0ms[39m
[32m[Nest] 16568  - [39m02/22/2026, 11:16:27 PM [32m    LOG[39m [38;5;3m[RouterExplorer] [39m[32mMapped {/api/v1/installments/contracts/:id/payments, POST} route[39m[38;5;3m +0ms[39m
[32m[Nest] 16568  - [39m02/22/2026, 11:16:27 PM [32m    LOG[39m [38;5;3m[RouterExplorer] [39m[32mMapped {/api/v1/installments/contracts/:id/cancel, PATCH} route[39m[38;5;3m +0ms[39m
[32m[Nest] 16568  - [39m02/22/2026, 11:16:27 PM [32m    LOG[39m [38;5;3m[RoutesResolver] [39m[32mReportsController {/api/v1/reports}:[39m[38;5;3m +0ms[39m
[32m[Nest] 16568  - [39m02/22/2026, 11:16:27 PM [32m    LOG[39m [38;5;3m[RouterExplorer] [39m[32mMapped {/api/v1/reports/summary, GET} route[39m[38;5;3m +0ms[39m
[32m[Nest] 16568  - [39m02/22/2026, 11:16:27 PM [32m    LOG[39m [38;5;3m[RouterExplorer] [39m[32mMapped {/api/v1/reports/overdue, GET} route[39m[38;5;3m +0ms[39m
[32m[Nest] 16568  - [39m02/22/2026, 11:16:27 PM [32m    LOG[39m [38;5;3m[RouterExplorer] [39m[32mMapped {/api/v1/reports/collection-schedule, GET} route[39m[38;5;3m +0ms[39m
[32m[Nest] 16568  - [39m02/22/2026, 11:16:27 PM [32m    LOG[39m [38;5;3m[PrismaService] [39m[32m✅ Connected to database[39m
[32m[Nest] 16568  - [39m02/22/2026, 11:16:27 PM [32m    LOG[39m [38;5;3m[PrismaService] [39m[32m✅ Connected to database[39m
[32m[Nest] 16568  - [39m02/22/2026, 11:16:27 PM [32m    LOG[39m [38;5;3m[NestApplication] [39m[32mNest application successfully started[39m[38;5;3m +0ms[39m
2026-02-22 23:16:27  [32MINFO[39M [Bootstrap] [32m🚀 Daftar API running on http://localhost:7000[39m
2026-02-22 23:16:27  [32MINFO[39M [Bootstrap] [32m📚 Swagger docs: http://localhost:7000/api/docs[39m
2026-02-22 23:16:27  [32MINFO[39M [Bootstrap] [32m🔗 API prefix: /api/v1[39m
2026-02-22 23:16:27  [32MINFO[39M [Bootstrap] [32m🌍 Environment: development[39m
[32m[Nest] 16568  - [39m02/22/2026, 11:16:27 PM [32m    LOG[39m [38;5;3m[CacheService] [39m[32m✅ Redis Connected[39m
[32m[Nest] 16568  - [39m02/22/2026, 11:16:27 PM [32m    LOG[39m [38;5;3m[CacheService] [39m[32m✅ Redis Cache Service Initialized[39m
[2J[3J[H[[90m1:08:00 AM[0m] File change detected. Starting incremental compilation...

[[90m1:08:01 AM[0m] Found 0 errors. Watching for file changes.

[2J[3J[H[[90m1:08:02 AM[0m] File change detected. Starting incremental compilation...

[[90m1:08:04 AM[0m] Found 0 errors. Watching for file changes.

[2J[3J[H[[90m1:08:05 AM[0m] File change detected. Starting incremental compilation...

[[90m1:08:06 AM[0m] Found 0 errors. Watching for file changes.

[2J[3J[H[[90m1:08:08 AM[0m] File change detected. Starting incremental compilation...

[[90m1:08:09 AM[0m] Found 0 errors. Watching for file changes.

[2J[3J[H[[90m1:08:10 AM[0m] File change detected. Starting incremental compilation...

[[90m1:08:11 AM[0m] Found 0 errors. Watching for file changes.

[2J[3J[H[[90m1:08:13 AM[0m] File change detected. Starting incremental compilation...

[32m[Nest] 10108  - [39m02/23/2026, 1:08:14 AM [32m    LOG[39m [38;5;3m[NestFactory] [39m[32mStarting Nest application...[39m
[32m[Nest] 10108  - [39m02/23/2026, 1:08:14 AM [32m    LOG[39m [38;5;3m[InstanceLoader] [39m[32mBullModule dependencies initialized[39m[38;5;3m +1ms[39m
[32m[Nest] 10108  - [39m02/23/2026, 1:08:14 AM [32m    LOG[39m [38;5;3m[InstanceLoader] [39m[32mDatabaseModule dependencies initialized[39m[38;5;3m +1ms[39m
[32m[Nest] 10108  - [39m02/23/2026, 1:08:14 AM [32m    LOG[39m [38;5;3m[InstanceLoader] [39m[32mPrismaModule dependencies initialized[39m[38;5;3m +0ms[39m
[32m[Nest] 10108  - [39m02/23/2026, 1:08:14 AM [32m    LOG[39m [38;5;3m[InstanceLoader] [39m[32mLoggerModule dependencies initialized[39m[38;5;3m +0ms[39m
[32m[Nest] 10108  - [39m02/23/2026, 1:08:14 AM [32m    LOG[39m [38;5;3m[InstanceLoader] [39m[32mTranslationModule dependencies initialized[39m[38;5;3m +0ms[39m
[32m[Nest] 10108  - [39m02/23/2026, 1:08:14 AM [32m    LOG[39m [38;5;3m[InstanceLoader] [39m[32mPassportModule dependencies initialized[39m[38;5;3m +0ms[39m
[32m[Nest] 10108  - [39m02/23/2026, 1:08:14 AM [32m    LOG[39m [38;5;3m[InstanceLoader] [39m[32mConfigHostModule dependencies initialized[39m[38;5;3m +0ms[39m
[32m[Nest] 10108  - [39m02/23/2026, 1:08:14 AM [32m    LOG[39m [38;5;3m[InstanceLoader] [39m[32mThrottlerModule dependencies initialized[39m[38;5;3m +0ms[39m
[32m[Nest] 10108  - [39m02/23/2026, 1:08:14 AM [32m    LOG[39m [38;5;3m[InstanceLoader] [39m[32mDiscoveryModule dependencies initialized[39m[38;5;3m +0ms[39m
[33m[Nest] 10108  - [39m02/23/2026, 1:08:14 AM [33m   WARN[39m [38;5;3m[WhatsAppService] [39m[33mTwilio credentials not configured — WhatsApp sending disabled[39m
[32m[Nest] 10108  - [39m02/23/2026, 1:08:14 AM [32m    LOG[39m [38;5;3m[InstanceLoader] [39m[32mGuardsModule dependencies initialized[39m[38;5;3m +1ms[39m
[32m[Nest] 10108  - [39m02/23/2026, 1:08:14 AM [32m    LOG[39m [38;5;3m[InstanceLoader] [39m[32mConfigModule dependencies initialized[39m[38;5;3m +0ms[39m
[32m[Nest] 10108  - [39m02/23/2026, 1:08:14 AM [32m    LOG[39m [38;5;3m[InstanceLoader] [39m[32mConfigModule dependencies initialized[39m[38;5;3m +0ms[39m
[32m[Nest] 10108  - [39m02/23/2026, 1:08:14 AM [32m    LOG[39m [38;5;3m[InstanceLoader] [39m[32mBullModule dependencies initialized[39m[38;5;3m +0ms[39m
[32m[Nest] 10108  - [39m02/23/2026, 1:08:14 AM [32m    LOG[39m [38;5;3m[InstanceLoader] [39m[32mCacheModule dependencies initialized[39m[38;5;3m +0ms[39m
[32m[Nest] 10108  - [39m02/23/2026, 1:08:14 AM [32m    LOG[39m [38;5;3m[InstanceLoader] [39m[32mJwtModule dependencies initialized[39m[38;5;3m +0ms[39m
[32m[Nest] 10108  - [39m02/23/2026, 1:08:14 AM [32m    LOG[39m [38;5;3m[InstanceLoader] [39m[32mBullModule dependencies initialized[39m[38;5;3m +0ms[39m
[32m[Nest] 10108  - [39m02/23/2026, 1:08:14 AM [32m    LOG[39m [38;5;3m[InstanceLoader] [39m[32mAppModule dependencies initialized[39m[38;5;3m +0ms[39m
[32m[Nest] 10108  - [39m02/23/2026, 1:08:14 AM [32m    LOG[39m [38;5;3m[InstanceLoader] [39m[32mPlatformModule dependencies initialized[39m[38;5;3m +0ms[39m
[32m[Nest] 10108  - [39m02/23/2026, 1:08:14 AM [32m    LOG[39m [38;5;3m[InstanceLoader] [39m[32mUsersModule dependencies initialized[39m[38;5;3m +0ms[39m
[32m[Nest] 10108  - [39m02/23/2026, 1:08:14 AM [32m    LOG[39m [38;5;3m[InstanceLoader] [39m[32mCustomersModule dependencies initialized[39m[38;5;3m +0ms[39m
[32m[Nest] 10108  - [39m02/23/2026, 1:08:14 AM [32m    LOG[39m [38;5;3m[InstanceLoader] [39m[32mSuppliersModule dependencies initialized[39m[38;5;3m +0ms[39m
[32m[Nest] 10108  - [39m02/23/2026, 1:08:14 AM [32m    LOG[39m [38;5;3m[InstanceLoader] [39m[32mEmployeesModule dependencies initialized[39m[38;5;3m +0ms[39m
[32m[Nest] 10108  - [39m02/23/2026, 1:08:14 AM [32m    LOG[39m [38;5;3m[InstanceLoader] [39m[32mDeferredSalesModule dependencies initialized[39m[38;5;3m +0ms[39m
[32m[Nest] 10108  - [39m02/23/2026, 1:08:14 AM [32m    LOG[39m [38;5;3m[InstanceLoader] [39m[32mInstallmentsModule dependencies initialized[39m[38;5;3m +0ms[39m
[32m[Nest] 10108  - [39m02/23/2026, 1:08:14 AM [32m    LOG[39m [38;5;3m[InstanceLoader] [39m[32mReportsModule dependencies initialized[39m[38;5;3m +0ms[39m
[32m[Nest] 10108  - [39m02/23/2026, 1:08:14 AM [32m    LOG[39m [38;5;3m[InstanceLoader] [39m[32mNotificationsModule dependencies initialized[39m[38;5;3m +0ms[39m
[32m[Nest] 10108  - [39m02/23/2026, 1:08:14 AM [32m    LOG[39m [38;5;3m[InstanceLoader] [39m[32mLedgerModule dependencies initialized[39m[38;5;3m +0ms[39m
[32m[Nest] 10108  - [39m02/23/2026, 1:08:14 AM [32m    LOG[39m [38;5;3m[InstanceLoader] [39m[32mAuthModule dependencies initialized[39m[38;5;3m +0ms[39m
[32m[Nest] 10108  - [39m02/23/2026, 1:08:14 AM [32m    LOG[39m [38;5;3m[RoutesResolver] [39m[32mAppController {/api/v1}:[39m[38;5;3m +0ms[39m
[32m[Nest] 10108  - [39m02/23/2026, 1:08:14 AM [32m    LOG[39m [38;5;3m[RouterExplorer] [39m[32mMapped {/api/v1/health, GET} route[39m[38;5;3m +0ms[39m
[32m[Nest] 10108  - [39m02/23/2026, 1:08:14 AM [32m    LOG[39m [38;5;3m[RoutesResolver] [39m[32mAuthController {/api/v1/auth}:[39m[38;5;3m +0ms[39m
[32m[Nest] 10108  - [39m02/23/2026, 1:08:14 AM [32m    LOG[39m [38;5;3m[RouterExplorer] [39m[32mMapped {/api/v1/auth/register, POST} route[39m[38;5;3m +0ms[39m
[32m[Nest] 10108  - [39m02/23/2026, 1:08:14 AM [32m    LOG[39m [38;5;3m[RouterExplorer] [39m[32mMapped {/api/v1/auth/login, POST} route[39m[38;5;3m +0ms[39m
[32m[Nest] 10108  - [39m02/23/2026, 1:08:14 AM [32m    LOG[39m [38;5;3m[RouterExplorer] [39m[32mMapped {/api/v1/auth/refresh, POST} route[39m[38;5;3m +0ms[39m
[32m[Nest] 10108  - [39m02/23/2026, 1:08:14 AM [32m    LOG[39m [38;5;3m[RouterExplorer] [39m[32mMapped {/api/v1/auth/logout, POST} route[39m[38;5;3m +0ms[39m
[32m[Nest] 10108  - [39m02/23/2026, 1:08:14 AM [32m    LOG[39m [38;5;3m[RouterExplorer] [39m[32mMapped {/api/v1/auth/logout-all, POST} route[39m[38;5;3m +0ms[39m
[32m[Nest] 10108  - [39m02/23/2026, 1:08:14 AM [32m    LOG[39m [38;5;3m[RouterExplorer] [39m[32mMapped {/api/v1/auth/change-password, POST} route[39m[38;5;3m +0ms[39m
[32m[Nest] 10108  - [39m02/23/2026, 1:08:14 AM [32m    LOG[39m [38;5;3m[RouterExplorer] [39m[32mMapped {/api/v1/auth/me, GET} route[39m[38;5;3m +0ms[39m
[32m[Nest] 10108  - [39m02/23/2026, 1:08:14 AM [32m    LOG[39m [38;5;3m[RouterExplorer] [39m[32mMapped {/api/v1/auth/sessions, GET} route[39m[38;5;3m +1ms[39m
[32m[Nest] 10108  - [39m02/23/2026, 1:08:14 AM [32m    LOG[39m [38;5;3m[RouterExplorer] [39m[32mMapped {/api/v1/auth/forgot-password, POST} route[39m[38;5;3m +0ms[39m
[32m[Nest] 10108  - [39m02/23/2026, 1:08:14 AM [32m    LOG[39m [38;5;3m[RouterExplorer] [39m[32mMapped {/api/v1/auth/reset-password, POST} route[39m[38;5;3m +0ms[39m
[32m[Nest] 10108  - [39m02/23/2026, 1:08:14 AM [32m    LOG[39m [38;5;3m[RoutesResolver] [39m[32mNotificationsController {/api/v1/notifications}:[39m[38;5;3m +0ms[39m
[32m[Nest] 10108  - [39m02/23/2026, 1:08:14 AM [32m    LOG[39m [38;5;3m[RouterExplorer] [39m[32mMapped {/api/v1/notifications/device-token, POST} route[39m[38;5;3m +0ms[39m
[32m[Nest] 10108  - [39m02/23/2026, 1:08:14 AM [32m    LOG[39m [38;5;3m[RouterExplorer] [39m[32mMapped {/api/v1/notifications/device-token/:token, DELETE} route[39m[38;5;3m +0ms[39m
[32m[Nest] 10108  - [39m02/23/2026, 1:08:14 AM [32m    LOG[39m [38;5;3m[RouterExplorer] [39m[32mMapped {/api/v1/notifications/unread-count, GET} route[39m[38;5;3m +0ms[39m
[32m[Nest] 10108  - [39m02/23/2026, 1:08:14 AM [32m    LOG[39m [38;5;3m[RouterExplorer] [39m[32mMapped {/api/v1/notifications, GET} route[39m[38;5;3m +0ms[39m
[32m[Nest] 10108  - [39m02/23/2026, 1:08:14 AM [32m    LOG[39m [38;5;3m[RouterExplorer] [39m[32mMapped {/api/v1/notifications/read-all, PATCH} route[39m[38;5;3m +0ms[39m
[32m[Nest] 10108  - [39m02/23/2026, 1:08:14 AM [32m    LOG[39m [38;5;3m[RouterExplorer] [39m[32mMapped {/api/v1/notifications/:id/read, PATCH} route[39m[38;5;3m +0ms[39m
[32m[Nest] 10108  - [39m02/23/2026, 1:08:14 AM [32m    LOG[39m [38;5;3m[RoutesResolver] [39m[32mPlatformController {/api/v1/platform}:[39m[38;5;3m +0ms[39m
[32m[Nest] 10108  - [39m02/23/2026, 1:08:14 AM [32m    LOG[39m [38;5;3m[RouterExplorer] [39m[32mMapped {/api/v1/platform/companies, POST} route[39m[38;5;3m +0ms[39m
[32m[Nest] 10108  - [39m02/23/2026, 1:08:14 AM [32m    LOG[39m [38;5;3m[RouterExplorer] [39m[32mMapped {/api/v1/platform/companies, GET} route[39m[38;5;3m +0ms[39m
[32m[Nest] 10108  - [39m02/23/2026, 1:08:14 AM [32m    LOG[39m [38;5;3m[RouterExplorer] [39m[32mMapped {/api/v1/platform/companies/:id, GET} route[39m[38;5;3m +0ms[39m
[32m[Nest] 10108  - [39m02/23/2026, 1:08:14 AM [32m    LOG[39m [38;5;3m[RouterExplorer] [39m[32mMapped {/api/v1/platform/companies/:id/metrics, GET} route[39m[38;5;3m +0ms[39m
[32m[Nest] 10108  - [39m02/23/2026, 1:08:14 AM [32m    LOG[39m [38;5;3m[RouterExplorer] [39m[32mMapped {/api/v1/platform/plans, POST} route[39m[38;5;3m +0ms[39m
[32m[Nest] 10108  - [39m02/23/2026, 1:08:14 AM [32m    LOG[39m [38;5;3m[RouterExplorer] [39m[32mMapped {/api/v1/platform/plans, GET} route[39m[38;5;3m +0ms[39m
[32m[Nest] 10108  - [39m02/23/2026, 1:08:14 AM [32m    LOG[39m [38;5;3m[RouterExplorer] [39m[32mMapped {/api/v1/platform/plans/:id, PATCH} route[39m[38;5;3m +0ms[39m
[32m[Nest] 10108  - [39m02/23/2026, 1:08:14 AM [32m    LOG[39m [38;5;3m[RouterExplorer] [39m[32mMapped {/api/v1/platform/subscriptions/activate, POST} route[39m[38;5;3m +0ms[39m
[32m[Nest] 10108  - [39m02/23/2026, 1:08:14 AM [32m    LOG[39m [38;5;3m[RouterExplorer] [39m[32mMapped {/api/v1/platform/subscriptions/suspend, POST} route[39m[38;5;3m +0ms[39m
[32m[Nest] 10108  - [39m02/23/2026, 1:08:14 AM [32m    LOG[39m [38;5;3m[RouterExplorer] [39m[32mMapped {/api/v1/platform/subscriptions/extend, POST} route[39m[38;5;3m +0ms[39m
[32m[Nest] 10108  - [39m02/23/2026, 1:08:14 AM [32m    LOG[39m [38;5;3m[RoutesResolver] [39m[32mUsersController {/api/v1/users}:[39m[38;5;3m +0ms[39m
[32m[Nest] 10108  - [39m02/23/2026, 1:08:14 AM [32m    LOG[39m [38;5;3m[RouterExplorer] [39m[32mMapped {/api/v1/users/staff, POST} route[39m[38;5;3m +0ms[39m
[32m[Nest] 10108  - [39m02/23/2026, 1:08:14 AM [32m    LOG[39m [38;5;3m[RouterExplorer] [39m[32mMapped {/api/v1/users/stats, GET} route[39m[38;5;3m +0ms[39m
[32m[Nest] 10108  - [39m02/23/2026, 1:08:14 AM [32m    LOG[39m [38;5;3m[RouterExplorer] [39m[32mMapped {/api/v1/users, GET} route[39m[38;5;3m +0ms[39m
[32m[Nest] 10108  - [39m02/23/2026, 1:08:14 AM [32m    LOG[39m [38;5;3m[RouterExplorer] [39m[32mMapped {/api/v1/users/:id, GET} route[39m[38;5;3m +0ms[39m
[32m[Nest] 10108  - [39m02/23/2026, 1:08:14 AM [32m    LOG[39m [38;5;3m[RouterExplorer] [39m[32mMapped {/api/v1/users/:id, PATCH} route[39m[38;5;3m +0ms[39m
[32m[Nest] 10108  - [39m02/23/2026, 1:08:14 AM [32m    LOG[39m [38;5;3m[RouterExplorer] [39m[32mMapped {/api/v1/users/:id/permissions, PATCH} route[39m[38;5;3m +0ms[39m
[32m[Nest] 10108  - [39m02/23/2026, 1:08:14 AM [32m    LOG[39m [38;5;3m[RouterExplorer] [39m[32mMapped {/api/v1/users/:id/disable, PATCH} route[39m[38;5;3m +0ms[39m
[32m[Nest] 10108  - [39m02/23/2026, 1:08:14 AM [32m    LOG[39m [38;5;3m[RouterExplorer] [39m[32mMapped {/api/v1/users/:id/enable, PATCH} route[39m[38;5;3m +0ms[39m
[32m[Nest] 10108  - [39m02/23/2026, 1:08:14 AM [32m    LOG[39m [38;5;3m[RoutesResolver] [39m[32mCustomersController {/api/v1/customers}:[39m[38;5;3m +0ms[39m
[32m[Nest] 10108  - [39m02/23/2026, 1:08:14 AM [32m    LOG[39m [38;5;3m[RouterExplorer] [39m[32mMapped {/api/v1/customers, POST} route[39m[38;5;3m +0ms[39m
[32m[Nest] 10108  - [39m02/23/2026, 1:08:14 AM [32m    LOG[39m [38;5;3m[RouterExplorer] [39m[32mMapped {/api/v1/customers, GET} route[39m[38;5;3m +0ms[39m
[32m[Nest] 10108  - [39m02/23/2026, 1:08:14 AM [32m    LOG[39m [38;5;3m[RouterExplorer] [39m[32mMapped {/api/v1/customers/:id, GET} route[39m[38;5;3m +0ms[39m
[32m[Nest] 10108  - [39m02/23/2026, 1:08:14 AM [32m    LOG[39m [38;5;3m[RouterExplorer] [39m[32mMapped {/api/v1/customers/:id, PATCH} route[39m[38;5;3m +0ms[39m
[32m[Nest] 10108  - [39m02/23/2026, 1:08:14 AM [32m    LOG[39m [38;5;3m[RouterExplorer] [39m[32mMapped {/api/v1/customers/:id, DELETE} route[39m[38;5;3m +0ms[39m
[32m[Nest] 10108  - [39m02/23/2026, 1:08:14 AM [32m    LOG[39m [38;5;3m[RoutesResolver] [39m[32mSuppliersController {/api/v1/suppliers}:[39m[38;5;3m +0ms[39m
[32m[Nest] 10108  - [39m02/23/2026, 1:08:14 AM [32m    LOG[39m [38;5;3m[RouterExplorer] [39m[32mMapped {/api/v1/suppliers, POST} route[39m[38;5;3m +0ms[39m
[32m[Nest] 10108  - [39m02/23/2026, 1:08:14 AM [32m    LOG[39m [38;5;3m[RouterExplorer] [39m[32mMapped {/api/v1/suppliers, GET} route[39m[38;5;3m +0ms[39m
[32m[Nest] 10108  - [39m02/23/2026, 1:08:14 AM [32m    LOG[39m [38;5;3m[RouterExplorer] [39m[32mMapped {/api/v1/suppliers/:id, GET} route[39m[38;5;3m +0ms[39m
[32m[Nest] 10108  - [39m02/23/2026, 1:08:14 AM [32m    LOG[39m [38;5;3m[RouterExplorer] [39m[32mMapped {/api/v1/suppliers/:id, PATCH} route[39m[38;5;3m +1ms[39m
[32m[Nest] 10108  - [39m02/23/2026, 1:08:14 AM [32m    LOG[39m [38;5;3m[RouterExplorer] [39m[32mMapped {/api/v1/suppliers/:id, DELETE} route[39m[38;5;3m +0ms[39m
[32m[Nest] 10108  - [39m02/23/2026, 1:08:14 AM [32m    LOG[39m [38;5;3m[RoutesResolver] [39m[32mEmployeesController {/api/v1/employees}:[39m[38;5;3m +0ms[39m
[32m[Nest] 10108  - [39m02/23/2026, 1:08:14 AM [32m    LOG[39m [38;5;3m[RouterExplorer] [39m[32mMapped {/api/v1/employees, POST} route[39m[38;5;3m +0ms[39m
[32m[Nest] 10108  - [39m02/23/2026, 1:08:14 AM [32m    LOG[39m [38;5;3m[RouterExplorer] [39m[32mMapped {/api/v1/employees, GET} route[39m[38;5;3m +0ms[39m
[32m[Nest] 10108  - [39m02/23/2026, 1:08:14 AM [32m    LOG[39m [38;5;3m[RouterExplorer] [39m[32mMapped {/api/v1/employees/:id, GET} route[39m[38;5;3m +0ms[39m
[32m[Nest] 10108  - [39m02/23/2026, 1:08:14 AM [32m    LOG[39m [38;5;3m[RouterExplorer] [39m[32mMapped {/api/v1/employees/:id, PATCH} route[39m[38;5;3m +0ms[39m
[32m[Nest] 10108  - [39m02/23/2026, 1:08:14 AM [32m    LOG[39m [38;5;3m[RouterExplorer] [39m[32mMapped {/api/v1/employees/:id, DELETE} route[39m[38;5;3m +0ms[39m
[32m[Nest] 10108  - [39m02/23/2026, 1:08:14 AM [32m    LOG[39m [38;5;3m[RoutesResolver] [39m[32mLedgerController {/api/v1/ledger}:[39m[38;5;3m +0ms[39m
[32m[Nest] 10108  - [39m02/23/2026, 1:08:14 AM [32m    LOG[39m [38;5;3m[RouterExplorer] [39m[32mMapped {/api/v1/ledger, POST} route[39m[38;5;3m +0ms[39m
[32m[Nest] 10108  - [39m02/23/2026, 1:08:14 AM [32m    LOG[39m [38;5;3m[RouterExplorer] [39m[32mMapped {/api/v1/ledger/:id, DELETE} route[39m[38;5;3m +0ms[39m
[32m[Nest] 10108  - [39m02/23/2026, 1:08:14 AM [32m    LOG[39m [38;5;3m[RouterExplorer] [39m[32mMapped {/api/v1/ledger/statement, GET} route[39m[38;5;3m +0ms[39m
[32m[Nest] 10108  - [39m02/23/2026, 1:08:14 AM [32m    LOG[39m [38;5;3m[RoutesResolver] [39m[32mDeferredSalesController {/api/v1/deferred-sales}:[39m[38;5;3m +0ms[39m
[32m[Nest] 10108  - [39m02/23/2026, 1:08:14 AM [32m    LOG[39m [38;5;3m[RouterExplorer] [39m[32mMapped {/api/v1/deferred-sales, POST} route[39m[38;5;3m +0ms[39m
[32m[Nest] 10108  - [39m02/23/2026, 1:08:14 AM [32m    LOG[39m [38;5;3m[RouterExplorer] [39m[32mMapped {/api/v1/deferred-sales, GET} route[39m[38;5;3m +0ms[39m
[32m[Nest] 10108  - [39m02/23/2026, 1:08:14 AM [32m    LOG[39m [38;5;3m[RouterExplorer] [39m[32mMapped {/api/v1/deferred-sales/:id, GET} route[39m[38;5;3m +0ms[39m
[32m[Nest] 10108  - [39m02/23/2026, 1:08:14 AM [32m    LOG[39m [38;5;3m[RouterExplorer] [39m[32mMapped {/api/v1/deferred-sales/:id/payments, POST} route[39m[38;5;3m +0ms[39m
[32m[Nest] 10108  - [39m02/23/2026, 1:08:14 AM [32m    LOG[39m [38;5;3m[RouterExplorer] [39m[32mMapped {/api/v1/deferred-sales/:id/cancel, PATCH} route[39m[38;5;3m +0ms[39m
[32m[Nest] 10108  - [39m02/23/2026, 1:08:14 AM [32m    LOG[39m [38;5;3m[RoutesResolver] [39m[32mInstallmentsController {/api/v1/installments}:[39m[38;5;3m +0ms[39m
[32m[Nest] 10108  - [39m02/23/2026, 1:08:14 AM [32m    LOG[39m [38;5;3m[RouterExplorer] [39m[32mMapped {/api/v1/installments/contracts, POST} route[39m[38;5;3m +0ms[39m
[32m[Nest] 10108  - [39m02/23/2026, 1:08:14 AM [32m    LOG[39m [38;5;3m[RouterExplorer] [39m[32mMapped {/api/v1/installments/contracts, GET} route[39m[38;5;3m +0ms[39m
[32m[Nest] 10108  - [39m02/23/2026, 1:08:14 AM [32m    LOG[39m [38;5;3m[RouterExplorer] [39m[32mMapped {/api/v1/installments/schedule, GET} route[39m[38;5;3m +0ms[39m
[32m[Nest] 10108  - [39m02/23/2026, 1:08:14 AM [32m    LOG[39m [38;5;3m[RouterExplorer] [39m[32mMapped {/api/v1/installments/contracts/:id, GET} route[39m[38;5;3m +0ms[39m
[32m[Nest] 10108  - [39m02/23/2026, 1:08:14 AM [32m    LOG[39m [38;5;3m[RouterExplorer] [39m[32mMapped {/api/v1/installments/contracts/:id/payments, POST} route[39m[38;5;3m +0ms[39m
[32m[Nest] 10108  - [39m02/23/2026, 1:08:14 AM [32m    LOG[39m [38;5;3m[RouterExplorer] [39m[32mMapped {/api/v1/installments/contracts/:id/cancel, PATCH} route[39m[38;5;3m +0ms[39m
[32m[Nest] 10108  - [39m02/23/2026, 1:08:14 AM [32m    LOG[39m [38;5;3m[RoutesResolver] [39m[32mReportsController {/api/v1/reports}:[39m[38;5;3m +0ms[39m
[32m[Nest] 10108  - [39m02/23/2026, 1:08:14 AM [32m    LOG[39m [38;5;3m[RouterExplorer] [39m[32mMapped {/api/v1/reports/summary, GET} route[39m[38;5;3m +0ms[39m
[32m[Nest] 10108  - [39m02/23/2026, 1:08:14 AM [32m    LOG[39m [38;5;3m[RouterExplorer] [39m[32mMapped {/api/v1/reports/overdue, GET} route[39m[38;5;3m +0ms[39m
[32m[Nest] 10108  - [39m02/23/2026, 1:08:14 AM [32m    LOG[39m [38;5;3m[RouterExplorer] [39m[32mMapped {/api/v1/reports/collection-schedule, GET} route[39m[38;5;3m +0ms[39m
[32m[Nest] 10108  - [39m02/23/2026, 1:08:14 AM [32m    LOG[39m [38;5;3m[PrismaService] [39m[32m✅ Connected to database[39m
[32m[Nest] 10108  - [39m02/23/2026, 1:08:14 AM [32m    LOG[39m [38;5;3m[PrismaService] [39m[32m✅ Connected to database[39m
[32m[Nest] 10108  - [39m02/23/2026, 1:08:14 AM [32m    LOG[39m [38;5;3m[NestApplication] [39m[32mNest application successfully started[39m[38;5;3m +0ms[39m
2026-02-23 01:08:14  [32MINFO[39M [Bootstrap] [32m🚀 Daftar API running on http://localhost:7000[39m
2026-02-23 01:08:14  [32MINFO[39M [Bootstrap] [32m📚 Swagger docs: http://localhost:7000/api/docs[39m
2026-02-23 01:08:14  [32MINFO[39M [Bootstrap] [32m🔗 API prefix: /api/v1[39m
2026-02-23 01:08:14  [32MINFO[39M [Bootstrap] [32m🌍 Environment: development[39m
[32m[Nest] 10108  - [39m02/23/2026, 1:08:14 AM [32m    LOG[39m [38;5;3m[CacheService] [39m[32m✅ Redis Connected[39m
[32m[Nest] 10108  - [39m02/23/2026, 1:08:14 AM [32m    LOG[39m [38;5;3m[CacheService] [39m[32m✅ Redis Cache Service Initialized[39m
[[90m1:08:15 AM[0m] Found 0 errors. Watching for file changes.

[2J[3J[H[[90m1:08:15 AM[0m] File change detected. Starting incremental compilation...

[[90m1:08:16 AM[0m] Found 0 errors. Watching for file changes.

[32m[Nest] 28888  - [39m02/23/2026, 1:08:19 AM [32m    LOG[39m [38;5;3m[NestFactory] [39m[32mStarting Nest application...[39m
[32m[Nest] 28888  - [39m02/23/2026, 1:08:19 AM [32m    LOG[39m [38;5;3m[InstanceLoader] [39m[32mBullModule dependencies initialized[39m[38;5;3m +1ms[39m
[32m[Nest] 28888  - [39m02/23/2026, 1:08:19 AM [32m    LOG[39m [38;5;3m[InstanceLoader] [39m[32mDatabaseModule dependencies initialized[39m[38;5;3m +0ms[39m
[32m[Nest] 28888  - [39m02/23/2026, 1:08:19 AM [32m    LOG[39m [38;5;3m[InstanceLoader] [39m[32mPrismaModule dependencies initialized[39m[38;5;3m +1ms[39m
[32m[Nest] 28888  - [39m02/23/2026, 1:08:19 AM [32m    LOG[39m [38;5;3m[InstanceLoader] [39m[32mLoggerModule dependencies initialized[39m[38;5;3m +0ms[39m
[32m[Nest] 28888  - [39m02/23/2026, 1:08:19 AM [32m    LOG[39m [38;5;3m[InstanceLoader] [39m[32mTranslationModule dependencies initialized[39m[38;5;3m +0ms[39m
[32m[Nest] 28888  - [39m02/23/2026, 1:08:19 AM [32m    LOG[39m [38;5;3m[InstanceLoader] [39m[32mPassportModule dependencies initialized[39m[38;5;3m +0ms[39m
[32m[Nest] 28888  - [39m02/23/2026, 1:08:19 AM [32m    LOG[39m [38;5;3m[InstanceLoader] [39m[32mConfigHostModule dependencies initialized[39m[38;5;3m +0ms[39m
[32m[Nest] 28888  - [39m02/23/2026, 1:08:19 AM [32m    LOG[39m [38;5;3m[InstanceLoader] [39m[32mThrottlerModule dependencies initialized[39m[38;5;3m +0ms[39m
[32m[Nest] 28888  - [39m02/23/2026, 1:08:19 AM [32m    LOG[39m [38;5;3m[InstanceLoader] [39m[32mDiscoveryModule dependencies initialized[39m[38;5;3m +0ms[39m
[33m[Nest] 28888  - [39m02/23/2026, 1:08:19 AM [33m   WARN[39m [38;5;3m[WhatsAppService] [39m[33mTwilio credentials not configured — WhatsApp sending disabled[39m
[32m[Nest] 28888  - [39m02/23/2026, 1:08:19 AM [32m    LOG[39m [38;5;3m[InstanceLoader] [39m[32mGuardsModule dependencies initialized[39m[38;5;3m +0ms[39m
[32m[Nest] 28888  - [39m02/23/2026, 1:08:19 AM [32m    LOG[39m [38;5;3m[InstanceLoader] [39m[32mConfigModule dependencies initialized[39m[38;5;3m +0ms[39m
[32m[Nest] 28888  - [39m02/23/2026, 1:08:19 AM [32m    LOG[39m [38;5;3m[InstanceLoader] [39m[32mConfigModule dependencies initialized[39m[38;5;3m +0ms[39m
[32m[Nest] 28888  - [39m02/23/2026, 1:08:19 AM [32m    LOG[39m [38;5;3m[InstanceLoader] [39m[32mBullModule dependencies initialized[39m[38;5;3m +0ms[39m
[32m[Nest] 28888  - [39m02/23/2026, 1:08:19 AM [32m    LOG[39m [38;5;3m[InstanceLoader] [39m[32mCacheModule dependencies initialized[39m[38;5;3m +0ms[39m
[32m[Nest] 28888  - [39m02/23/2026, 1:08:19 AM [32m    LOG[39m [38;5;3m[InstanceLoader] [39m[32mJwtModule dependencies initialized[39m[38;5;3m +0ms[39m
[32m[Nest] 28888  - [39m02/23/2026, 1:08:19 AM [32m    LOG[39m [38;5;3m[InstanceLoader] [39m[32mBullModule dependencies initialized[39m[38;5;3m +0ms[39m
[32m[Nest] 28888  - [39m02/23/2026, 1:08:19 AM [32m    LOG[39m [38;5;3m[InstanceLoader] [39m[32mAppModule dependencies initialized[39m[38;5;3m +0ms[39m
[32m[Nest] 28888  - [39m02/23/2026, 1:08:19 AM [32m    LOG[39m [38;5;3m[InstanceLoader] [39m[32mPlatformModule dependencies initialized[39m[38;5;3m +0ms[39m
[32m[Nest] 28888  - [39m02/23/2026, 1:08:19 AM [32m    LOG[39m [38;5;3m[InstanceLoader] [39m[32mUsersModule dependencies initialized[39m[38;5;3m +0ms[39m
[32m[Nest] 28888  - [39m02/23/2026, 1:08:19 AM [32m    LOG[39m [38;5;3m[InstanceLoader] [39m[32mCustomersModule dependencies initialized[39m[38;5;3m +0ms[39m
[32m[Nest] 28888  - [39m02/23/2026, 1:08:19 AM [32m    LOG[39m [38;5;3m[InstanceLoader] [39m[32mSuppliersModule dependencies initialized[39m[38;5;3m +0ms[39m
[32m[Nest] 28888  - [39m02/23/2026, 1:08:19 AM [32m    LOG[39m [38;5;3m[InstanceLoader] [39m[32mEmployeesModule dependencies initialized[39m[38;5;3m +0ms[39m
[32m[Nest] 28888  - [39m02/23/2026, 1:08:19 AM [32m    LOG[39m [38;5;3m[InstanceLoader] [39m[32mDeferredSalesModule dependencies initialized[39m[38;5;3m +0ms[39m
[32m[Nest] 28888  - [39m02/23/2026, 1:08:19 AM [32m    LOG[39m [38;5;3m[InstanceLoader] [39m[32mInstallmentsModule dependencies initialized[39m[38;5;3m +0ms[39m
[32m[Nest] 28888  - [39m02/23/2026, 1:08:19 AM [32m    LOG[39m [38;5;3m[InstanceLoader] [39m[32mReportsModule dependencies initialized[39m[38;5;3m +0ms[39m
[32m[Nest] 28888  - [39m02/23/2026, 1:08:19 AM [32m    LOG[39m [38;5;3m[InstanceLoader] [39m[32mNotificationsModule dependencies initialized[39m[38;5;3m +0ms[39m
[32m[Nest] 28888  - [39m02/23/2026, 1:08:19 AM [32m    LOG[39m [38;5;3m[InstanceLoader] [39m[32mLedgerModule dependencies initialized[39m[38;5;3m +0ms[39m
[32m[Nest] 28888  - [39m02/23/2026, 1:08:19 AM [32m    LOG[39m [38;5;3m[InstanceLoader] [39m[32mAuthModule dependencies initialized[39m[38;5;3m +0ms[39m
[32m[Nest] 28888  - [39m02/23/2026, 1:08:19 AM [32m    LOG[39m [38;5;3m[RoutesResolver] [39m[32mAppController {/api/v1}:[39m[38;5;3m +0ms[39m
[32m[Nest] 28888  - [39m02/23/2026, 1:08:19 AM [32m    LOG[39m [38;5;3m[RouterExplorer] [39m[32mMapped {/api/v1/health, GET} route[39m[38;5;3m +0ms[39m
[32m[Nest] 28888  - [39m02/23/2026, 1:08:19 AM [32m    LOG[39m [38;5;3m[RoutesResolver] [39m[32mAuthController {/api/v1/auth}:[39m[38;5;3m +0ms[39m
[32m[Nest] 28888  - [39m02/23/2026, 1:08:19 AM [32m    LOG[39m [38;5;3m[RouterExplorer] [39m[32mMapped {/api/v1/auth/register, POST} route[39m[38;5;3m +0ms[39m
[32m[Nest] 28888  - [39m02/23/2026, 1:08:19 AM [32m    LOG[39m [38;5;3m[RouterExplorer] [39m[32mMapped {/api/v1/auth/login, POST} route[39m[38;5;3m +0ms[39m
[32m[Nest] 28888  - [39m02/23/2026, 1:08:19 AM [32m    LOG[39m [38;5;3m[RouterExplorer] [39m[32mMapped {/api/v1/auth/refresh, POST} route[39m[38;5;3m +0ms[39m
[32m[Nest] 28888  - [39m02/23/2026, 1:08:19 AM [32m    LOG[39m [38;5;3m[RouterExplorer] [39m[32mMapped {/api/v1/auth/logout, POST} route[39m[38;5;3m +0ms[39m
[32m[Nest] 28888  - [39m02/23/2026, 1:08:19 AM [32m    LOG[39m [38;5;3m[RouterExplorer] [39m[32mMapped {/api/v1/auth/logout-all, POST} route[39m[38;5;3m +0ms[39m
[32m[Nest] 28888  - [39m02/23/2026, 1:08:19 AM [32m    LOG[39m [38;5;3m[RouterExplorer] [39m[32mMapped {/api/v1/auth/change-password, POST} route[39m[38;5;3m +0ms[39m
[32m[Nest] 28888  - [39m02/23/2026, 1:08:19 AM [32m    LOG[39m [38;5;3m[RouterExplorer] [39m[32mMapped {/api/v1/auth/me, GET} route[39m[38;5;3m +0ms[39m
[32m[Nest] 28888  - [39m02/23/2026, 1:08:19 AM [32m    LOG[39m [38;5;3m[RouterExplorer] [39m[32mMapped {/api/v1/auth/sessions, GET} route[39m[38;5;3m +1ms[39m
[32m[Nest] 28888  - [39m02/23/2026, 1:08:19 AM [32m    LOG[39m [38;5;3m[RouterExplorer] [39m[32mMapped {/api/v1/auth/forgot-password, POST} route[39m[38;5;3m +0ms[39m
[32m[Nest] 28888  - [39m02/23/2026, 1:08:19 AM [32m    LOG[39m [38;5;3m[RouterExplorer] [39m[32mMapped {/api/v1/auth/reset-password, POST} route[39m[38;5;3m +0ms[39m
[32m[Nest] 28888  - [39m02/23/2026, 1:08:19 AM [32m    LOG[39m [38;5;3m[RoutesResolver] [39m[32mNotificationsController {/api/v1/notifications}:[39m[38;5;3m +0ms[39m
[32m[Nest] 28888  - [39m02/23/2026, 1:08:19 AM [32m    LOG[39m [38;5;3m[RouterExplorer] [39m[32mMapped {/api/v1/notifications/device-token, POST} route[39m[38;5;3m +0ms[39m
[32m[Nest] 28888  - [39m02/23/2026, 1:08:19 AM [32m    LOG[39m [38;5;3m[RouterExplorer] [39m[32mMapped {/api/v1/notifications/device-token/:token, DELETE} route[39m[38;5;3m +0ms[39m
[32m[Nest] 28888  - [39m02/23/2026, 1:08:19 AM [32m    LOG[39m [38;5;3m[RouterExplorer] [39m[32mMapped {/api/v1/notifications/unread-count, GET} route[39m[38;5;3m +0ms[39m
[32m[Nest] 28888  - [39m02/23/2026, 1:08:19 AM [32m    LOG[39m [38;5;3m[RouterExplorer] [39m[32mMapped {/api/v1/notifications, GET} route[39m[38;5;3m +0ms[39m
[32m[Nest] 28888  - [39m02/23/2026, 1:08:19 AM [32m    LOG[39m [38;5;3m[RouterExplorer] [39m[32mMapped {/api/v1/notifications/read-all, PATCH} route[39m[38;5;3m +0ms[39m
[32m[Nest] 28888  - [39m02/23/2026, 1:08:19 AM [32m    LOG[39m [38;5;3m[RouterExplorer] [39m[32mMapped {/api/v1/notifications/:id/read, PATCH} route[39m[38;5;3m +0ms[39m
[32m[Nest] 28888  - [39m02/23/2026, 1:08:19 AM [32m    LOG[39m [38;5;3m[RoutesResolver] [39m[32mPlatformController {/api/v1/platform}:[39m[38;5;3m +0ms[39m
[32m[Nest] 28888  - [39m02/23/2026, 1:08:19 AM [32m    LOG[39m [38;5;3m[RouterExplorer] [39m[32mMapped {/api/v1/platform/companies, POST} route[39m[38;5;3m +0ms[39m
[32m[Nest] 28888  - [39m02/23/2026, 1:08:19 AM [32m    LOG[39m [38;5;3m[RouterExplorer] [39m[32mMapped {/api/v1/platform/companies, GET} route[39m[38;5;3m +0ms[39m
[32m[Nest] 28888  - [39m02/23/2026, 1:08:19 AM [32m    LOG[39m [38;5;3m[RouterExplorer] [39m[32mMapped {/api/v1/platform/companies/:id, GET} route[39m[38;5;3m +0ms[39m
[32m[Nest] 28888  - [39m02/23/2026, 1:08:19 AM [32m    LOG[39m [38;5;3m[RouterExplorer] [39m[32mMapped {/api/v1/platform/companies/:id/metrics, GET} route[39m[38;5;3m +0ms[39m
[32m[Nest] 28888  - [39m02/23/2026, 1:08:19 AM [32m    LOG[39m [38;5;3m[RouterExplorer] [39m[32mMapped {/api/v1/platform/plans, POST} route[39m[38;5;3m +0ms[39m
[32m[Nest] 28888  - [39m02/23/2026, 1:08:19 AM [32m    LOG[39m [38;5;3m[RouterExplorer] [39m[32mMapped {/api/v1/platform/plans, GET} route[39m[38;5;3m +0ms[39m
[32m[Nest] 28888  - [39m02/23/2026, 1:08:19 AM [32m    LOG[39m [38;5;3m[RouterExplorer] [39m[32mMapped {/api/v1/platform/plans/:id, PATCH} route[39m[38;5;3m +0ms[39m
[32m[Nest] 28888  - [39m02/23/2026, 1:08:19 AM [32m    LOG[39m [38;5;3m[RouterExplorer] [39m[32mMapped {/api/v1/platform/subscriptions/activate, POST} route[39m[38;5;3m +0ms[39m
[32m[Nest] 28888  - [39m02/23/2026, 1:08:19 AM [32m    LOG[39m [38;5;3m[RouterExplorer] [39m[32mMapped {/api/v1/platform/subscriptions/suspend, POST} route[39m[38;5;3m +0ms[39m
[32m[Nest] 28888  - [39m02/23/2026, 1:08:19 AM [32m    LOG[39m [38;5;3m[RouterExplorer] [39m[32mMapped {/api/v1/platform/subscriptions/extend, POST} route[39m[38;5;3m +0ms[39m
[32m[Nest] 28888  - [39m02/23/2026, 1:08:19 AM [32m    LOG[39m [38;5;3m[RoutesResolver] [39m[32mUsersController {/api/v1/users}:[39m[38;5;3m +0ms[39m
[32m[Nest] 28888  - [39m02/23/2026, 1:08:19 AM [32m    LOG[39m [38;5;3m[RouterExplorer] [39m[32mMapped {/api/v1/users/staff, POST} route[39m[38;5;3m +0ms[39m
[32m[Nest] 28888  - [39m02/23/2026, 1:08:19 AM [32m    LOG[39m [38;5;3m[RouterExplorer] [39m[32mMapped {/api/v1/users/stats, GET} route[39m[38;5;3m +0ms[39m
[32m[Nest] 28888  - [39m02/23/2026, 1:08:19 AM [32m    LOG[39m [38;5;3m[RouterExplorer] [39m[32mMapped {/api/v1/users, GET} route[39m[38;5;3m +0ms[39m
[32m[Nest] 28888  - [39m02/23/2026, 1:08:19 AM [32m    LOG[39m [38;5;3m[RouterExplorer] [39m[32mMapped {/api/v1/users/:id, GET} route[39m[38;5;3m +0ms[39m
[32m[Nest] 28888  - [39m02/23/2026, 1:08:19 AM [32m    LOG[39m [38;5;3m[RouterExplorer] [39m[32mMapped {/api/v1/users/:id, PATCH} route[39m[38;5;3m +0ms[39m
[32m[Nest] 28888  - [39m02/23/2026, 1:08:19 AM [32m    LOG[39m [38;5;3m[RouterExplorer] [39m[32mMapped {/api/v1/users/:id/permissions, PATCH} route[39m[38;5;3m +0ms[39m
[32m[Nest] 28888  - [39m02/23/2026, 1:08:19 AM [32m    LOG[39m [38;5;3m[RouterExplorer] [39m[32mMapped {/api/v1/users/:id/disable, PATCH} route[39m[38;5;3m +0ms[39m
[32m[Nest] 28888  - [39m02/23/2026, 1:08:19 AM [32m    LOG[39m [38;5;3m[RouterExplorer] [39m[32mMapped {/api/v1/users/:id/enable, PATCH} route[39m[38;5;3m +0ms[39m
[32m[Nest] 28888  - [39m02/23/2026, 1:08:19 AM [32m    LOG[39m [38;5;3m[RoutesResolver] [39m[32mCustomersController {/api/v1/customers}:[39m[38;5;3m +0ms[39m
[32m[Nest] 28888  - [39m02/23/2026, 1:08:19 AM [32m    LOG[39m [38;5;3m[RouterExplorer] [39m[32mMapped {/api/v1/customers, POST} route[39m[38;5;3m +0ms[39m
[32m[Nest] 28888  - [39m02/23/2026, 1:08:19 AM [32m    LOG[39m [38;5;3m[RouterExplorer] [39m[32mMapped {/api/v1/customers, GET} route[39m[38;5;3m +0ms[39m
[32m[Nest] 28888  - [39m02/23/2026, 1:08:19 AM [32m    LOG[39m [38;5;3m[RouterExplorer] [39m[32mMapped {/api/v1/customers/:id, GET} route[39m[38;5;3m +0ms[39m
[32m[Nest] 28888  - [39m02/23/2026, 1:08:19 AM [32m    LOG[39m [38;5;3m[RouterExplorer] [39m[32mMapped {/api/v1/customers/:id, PATCH} route[39m[38;5;3m +0ms[39m
[32m[Nest] 28888  - [39m02/23/2026, 1:08:19 AM [32m    LOG[39m [38;5;3m[RouterExplorer] [39m[32mMapped {/api/v1/customers/:id, DELETE} route[39m[38;5;3m +0ms[39m
[32m[Nest] 28888  - [39m02/23/2026, 1:08:19 AM [32m    LOG[39m [38;5;3m[RoutesResolver] [39m[32mSuppliersController {/api/v1/suppliers}:[39m[38;5;3m +0ms[39m
[32m[Nest] 28888  - [39m02/23/2026, 1:08:19 AM [32m    LOG[39m [38;5;3m[RouterExplorer] [39m[32mMapped {/api/v1/suppliers, POST} route[39m[38;5;3m +0ms[39m
[32m[Nest] 28888  - [39m02/23/2026, 1:08:19 AM [32m    LOG[39m [38;5;3m[RouterExplorer] [39m[32mMapped {/api/v1/suppliers, GET} route[39m[38;5;3m +0ms[39m
[32m[Nest] 28888  - [39m02/23/2026, 1:08:19 AM [32m    LOG[39m [38;5;3m[RouterExplorer] [39m[32mMapped {/api/v1/suppliers/:id, GET} route[39m[38;5;3m +0ms[39m
[32m[Nest] 28888  - [39m02/23/2026, 1:08:19 AM [32m    LOG[39m [38;5;3m[RouterExplorer] [39m[32mMapped {/api/v1/suppliers/:id, PATCH} route[39m[38;5;3m +0ms[39m
[32m[Nest] 28888  - [39m02/23/2026, 1:08:19 AM [32m    LOG[39m [38;5;3m[RouterExplorer] [39m[32mMapped {/api/v1/suppliers/:id, DELETE} route[39m[38;5;3m +0ms[39m
[32m[Nest] 28888  - [39m02/23/2026, 1:08:19 AM [32m    LOG[39m [38;5;3m[RoutesResolver] [39m[32mEmployeesController {/api/v1/employees}:[39m[38;5;3m +0ms[39m
[32m[Nest] 28888  - [39m02/23/2026, 1:08:19 AM [32m    LOG[39m [38;5;3m[RouterExplorer] [39m[32mMapped {/api/v1/employees, POST} route[39m[38;5;3m +1ms[39m
[32m[Nest] 28888  - [39m02/23/2026, 1:08:19 AM [32m    LOG[39m [38;5;3m[RouterExplorer] [39m[32mMapped {/api/v1/employees, GET} route[39m[38;5;3m +0ms[39m
[32m[Nest] 28888  - [39m02/23/2026, 1:08:19 AM [32m    LOG[39m [38;5;3m[RouterExplorer] [39m[32mMapped {/api/v1/employees/:id, GET} route[39m[38;5;3m +0ms[39m
[32m[Nest] 28888  - [39m02/23/2026, 1:08:19 AM [32m    LOG[39m [38;5;3m[RouterExplorer] [39m[32mMapped {/api/v1/employees/:id, PATCH} route[39m[38;5;3m +0ms[39m
[32m[Nest] 28888  - [39m02/23/2026, 1:08:19 AM [32m    LOG[39m [38;5;3m[RouterExplorer] [39m[32mMapped {/api/v1/employees/:id, DELETE} route[39m[38;5;3m +0ms[39m
[32m[Nest] 28888  - [39m02/23/2026, 1:08:19 AM [32m    LOG[39m [38;5;3m[RoutesResolver] [39m[32mLedgerController {/api/v1/ledger}:[39m[38;5;3m +0ms[39m
[32m[Nest] 28888  - [39m02/23/2026, 1:08:19 AM [32m    LOG[39m [38;5;3m[RouterExplorer] [39m[32mMapped {/api/v1/ledger, POST} route[39m[38;5;3m +0ms[39m
[32m[Nest] 28888  - [39m02/23/2026, 1:08:19 AM [32m    LOG[39m [38;5;3m[RouterExplorer] [39m[32mMapped {/api/v1/ledger/:id, DELETE} route[39m[38;5;3m +0ms[39m
[32m[Nest] 28888  - [39m02/23/2026, 1:08:19 AM [32m    LOG[39m [38;5;3m[RouterExplorer] [39m[32mMapped {/api/v1/ledger/statement, GET} route[39m[38;5;3m +0ms[39m
[32m[Nest] 28888  - [39m02/23/2026, 1:08:19 AM [32m    LOG[39m [38;5;3m[RoutesResolver] [39m[32mDeferredSalesController {/api/v1/deferred-sales}:[39m[38;5;3m +0ms[39m
[32m[Nest] 28888  - [39m02/23/2026, 1:08:19 AM [32m    LOG[39m [38;5;3m[RouterExplorer] [39m[32mMapped {/api/v1/deferred-sales, POST} route[39m[38;5;3m +0ms[39m
[32m[Nest] 28888  - [39m02/23/2026, 1:08:19 AM [32m    LOG[39m [38;5;3m[RouterExplorer] [39m[32mMapped {/api/v1/deferred-sales, GET} route[39m[38;5;3m +0ms[39m
[32m[Nest] 28888  - [39m02/23/2026, 1:08:19 AM [32m    LOG[39m [38;5;3m[RouterExplorer] [39m[32mMapped {/api/v1/deferred-sales/:id, GET} route[39m[38;5;3m +0ms[39m
[32m[Nest] 28888  - [39m02/23/2026, 1:08:19 AM [32m    LOG[39m [38;5;3m[RouterExplorer] [39m[32mMapped {/api/v1/deferred-sales/:id/payments, POST} route[39m[38;5;3m +0ms[39m
[32m[Nest] 28888  - [39m02/23/2026, 1:08:19 AM [32m    LOG[39m [38;5;3m[RouterExplorer] [39m[32mMapped {/api/v1/deferred-sales/:id/cancel, PATCH} route[39m[38;5;3m +0ms[39m
[32m[Nest] 28888  - [39m02/23/2026, 1:08:19 AM [32m    LOG[39m [38;5;3m[RoutesResolver] [39m[32mInstallmentsController {/api/v1/installments}:[39m[38;5;3m +0ms[39m
[32m[Nest] 28888  - [39m02/23/2026, 1:08:19 AM [32m    LOG[39m [38;5;3m[RouterExplorer] [39m[32mMapped {/api/v1/installments/contracts, POST} route[39m[38;5;3m +0ms[39m
[32m[Nest] 28888  - [39m02/23/2026, 1:08:19 AM [32m    LOG[39m [38;5;3m[RouterExplorer] [39m[32mMapped {/api/v1/installments/contracts, GET} route[39m[38;5;3m +0ms[39m
[32m[Nest] 28888  - [39m02/23/2026, 1:08:19 AM [32m    LOG[39m [38;5;3m[RouterExplorer] [39m[32mMapped {/api/v1/installments/schedule, GET} route[39m[38;5;3m +0ms[39m
[32m[Nest] 28888  - [39m02/23/2026, 1:08:19 AM [32m    LOG[39m [38;5;3m[RouterExplorer] [39m[32mMapped {/api/v1/installments/contracts/:id, GET} route[39m[38;5;3m +0ms[39m
[32m[Nest] 28888  - [39m02/23/2026, 1:08:19 AM [32m    LOG[39m [38;5;3m[RouterExplorer] [39m[32mMapped {/api/v1/installments/contracts/:id/payments, POST} route[39m[38;5;3m +0ms[39m
[32m[Nest] 28888  - [39m02/23/2026, 1:08:19 AM [32m    LOG[39m [38;5;3m[RouterExplorer] [39m[32mMapped {/api/v1/installments/contracts/:id/cancel, PATCH} route[39m[38;5;3m +0ms[39m
[32m[Nest] 28888  - [39m02/23/2026, 1:08:19 AM [32m    LOG[39m [38;5;3m[RoutesResolver] [39m[32mReportsController {/api/v1/reports}:[39m[38;5;3m +0ms[39m
[32m[Nest] 28888  - [39m02/23/2026, 1:08:19 AM [32m    LOG[39m [38;5;3m[RouterExplorer] [39m[32mMapped {/api/v1/reports/summary, GET} route[39m[38;5;3m +0ms[39m
[32m[Nest] 28888  - [39m02/23/2026, 1:08:19 AM [32m    LOG[39m [38;5;3m[RouterExplorer] [39m[32mMapped {/api/v1/reports/overdue, GET} route[39m[38;5;3m +0ms[39m
[32m[Nest] 28888  - [39m02/23/2026, 1:08:19 AM [32m    LOG[39m [38;5;3m[RouterExplorer] [39m[32mMapped {/api/v1/reports/collection-schedule, GET} route[39m[38;5;3m +0ms[39m
[32m[Nest] 28888  - [39m02/23/2026, 1:08:19 AM [32m    LOG[39m [38;5;3m[PrismaService] [39m[32m✅ Connected to database[39m
[32m[Nest] 28888  - [39m02/23/2026, 1:08:19 AM [32m    LOG[39m [38;5;3m[PrismaService] [39m[32m✅ Connected to database[39m
[32m[Nest] 28888  - [39m02/23/2026, 1:08:19 AM [32m    LOG[39m [38;5;3m[NestApplication] [39m[32mNest application successfully started[39m[38;5;3m +0ms[39m
2026-02-23 01:08:19  [32MINFO[39M [Bootstrap] [32m🚀 Daftar API running on http://localhost:7000[39m
2026-02-23 01:08:19  [32MINFO[39M [Bootstrap] [32m📚 Swagger docs: http://localhost:7000/api/docs[39m
2026-02-23 01:08:19  [32MINFO[39M [Bootstrap] [32m🔗 API prefix: /api/v1[39m
2026-02-23 01:08:19  [32MINFO[39M [Bootstrap] [32m🌍 Environment: development[39m
[32m[Nest] 28888  - [39m02/23/2026, 1:08:19 AM [32m    LOG[39m [38;5;3m[CacheService] [39m[32m✅ Redis Connected[39m
[32m[Nest] 28888  - [39m02/23/2026, 1:08:19 AM [32m    LOG[39m [38;5;3m[CacheService] [39m[32m✅ Redis Cache Service Initialized[39m
[2J[3J[H[[90m2:51:30 AM[0m] File change detected. Starting incremental compilation...

[[90m2:51:34 AM[0m] Found 0 errors. Watching for file changes.

[2J[3J[H[[90m2:51:34 AM[0m] File change detected. Starting incremental compilation...

[[90m2:51:37 AM[0m] Found 0 errors. Watching for file changes.

[2J[3J[H[[90m2:51:38 AM[0m] File change detected. Starting incremental compilation...

[[90m2:51:39 AM[0m] Found 0 errors. Watching for file changes.

[2J[3J[H[[90m2:51:41 AM[0m] File change detected. Starting incremental compilation...

[[90m2:51:43 AM[0m] Found 0 errors. Watching for file changes.

[2J[3J[H[[90m2:51:43 AM[0m] File change detected. Starting incremental compilation...

[[90m2:51:44 AM[0m] Found 0 errors. Watching for file changes.

[2J[3J[H[[90m2:51:48 AM[0m] File change detected. Starting incremental compilation...

[[90m2:51:49 AM[0m] Found 0 errors. Watching for file changes.

[2J[3J[H[[90m2:51:49 AM[0m] File change detected. Starting incremental compilation...

[[90m2:51:50 AM[0m] Found 0 errors. Watching for file changes.

[32m[Nest] 26068  - [39m02/23/2026, 2:51:55 AM [32m    LOG[39m [38;5;3m[NestFactory] [39m[32mStarting Nest application...[39m
[32m[Nest] 26068  - [39m02/23/2026, 2:51:55 AM [32m    LOG[39m [38;5;3m[InstanceLoader] [39m[32mBullModule dependencies initialized[39m[38;5;3m +1ms[39m
[32m[Nest] 26068  - [39m02/23/2026, 2:51:55 AM [32m    LOG[39m [38;5;3m[InstanceLoader] [39m[32mDatabaseModule dependencies initialized[39m[38;5;3m +1ms[39m
[32m[Nest] 26068  - [39m02/23/2026, 2:51:55 AM [32m    LOG[39m [38;5;3m[InstanceLoader] [39m[32mPrismaModule dependencies initialized[39m[38;5;3m +0ms[39m
[32m[Nest] 26068  - [39m02/23/2026, 2:51:55 AM [32m    LOG[39m [38;5;3m[InstanceLoader] [39m[32mLoggerModule dependencies initialized[39m[38;5;3m +0ms[39m
[32m[Nest] 26068  - [39m02/23/2026, 2:51:55 AM [32m    LOG[39m [38;5;3m[InstanceLoader] [39m[32mTranslationModule dependencies initialized[39m[38;5;3m +0ms[39m
[32m[Nest] 26068  - [39m02/23/2026, 2:51:55 AM [32m    LOG[39m [38;5;3m[InstanceLoader] [39m[32mPassportModule dependencies initialized[39m[38;5;3m +0ms[39m
[32m[Nest] 26068  - [39m02/23/2026, 2:51:55 AM [32m    LOG[39m [38;5;3m[InstanceLoader] [39m[32mConfigHostModule dependencies initialized[39m[38;5;3m +0ms[39m
[32m[Nest] 26068  - [39m02/23/2026, 2:51:55 AM [32m    LOG[39m [38;5;3m[InstanceLoader] [39m[32mThrottlerModule dependencies initialized[39m[38;5;3m +0ms[39m
[32m[Nest] 26068  - [39m02/23/2026, 2:51:55 AM [32m    LOG[39m [38;5;3m[InstanceLoader] [39m[32mDiscoveryModule dependencies initialized[39m[38;5;3m +0ms[39m
[33m[Nest] 26068  - [39m02/23/2026, 2:51:55 AM [33m   WARN[39m [38;5;3m[WhatsAppService] [39m[33mTwilio credentials not configured — WhatsApp sending disabled[39m
[32m[Nest] 26068  - [39m02/23/2026, 2:51:55 AM [32m    LOG[39m [38;5;3m[InstanceLoader] [39m[32mGuardsModule dependencies initialized[39m[38;5;3m +0ms[39m
[32m[Nest] 26068  - [39m02/23/2026, 2:51:55 AM [32m    LOG[39m [38;5;3m[InstanceLoader] [39m[32mConfigModule dependencies initialized[39m[38;5;3m +0ms[39m
[32m[Nest] 26068  - [39m02/23/2026, 2:51:55 AM [32m    LOG[39m [38;5;3m[InstanceLoader] [39m[32mConfigModule dependencies initialized[39m[38;5;3m +0ms[39m
[32m[Nest] 26068  - [39m02/23/2026, 2:51:55 AM [32m    LOG[39m [38;5;3m[InstanceLoader] [39m[32mBullModule dependencies initialized[39m[38;5;3m +0ms[39m
[32m[Nest] 26068  - [39m02/23/2026, 2:51:55 AM [32m    LOG[39m [38;5;3m[InstanceLoader] [39m[32mCacheModule dependencies initialized[39m[38;5;3m +0ms[39m
[32m[Nest] 26068  - [39m02/23/2026, 2:51:55 AM [32m    LOG[39m [38;5;3m[InstanceLoader] [39m[32mJwtModule dependencies initialized[39m[38;5;3m +0ms[39m
[32m[Nest] 26068  - [39m02/23/2026, 2:51:55 AM [32m    LOG[39m [38;5;3m[InstanceLoader] [39m[32mBullModule dependencies initialized[39m[38;5;3m +0ms[39m
[32m[Nest] 26068  - [39m02/23/2026, 2:51:55 AM [32m    LOG[39m [38;5;3m[InstanceLoader] [39m[32mAppModule dependencies initialized[39m[38;5;3m +0ms[39m
[32m[Nest] 26068  - [39m02/23/2026, 2:51:55 AM [32m    LOG[39m [38;5;3m[InstanceLoader] [39m[32mPlatformModule dependencies initialized[39m[38;5;3m +0ms[39m
[32m[Nest] 26068  - [39m02/23/2026, 2:51:55 AM [32m    LOG[39m [38;5;3m[InstanceLoader] [39m[32mUsersModule dependencies initialized[39m[38;5;3m +0ms[39m
[32m[Nest] 26068  - [39m02/23/2026, 2:51:55 AM [32m    LOG[39m [38;5;3m[InstanceLoader] [39m[32mCustomersModule dependencies initialized[39m[38;5;3m +0ms[39m
[32m[Nest] 26068  - [39m02/23/2026, 2:51:55 AM [32m    LOG[39m [38;5;3m[InstanceLoader] [39m[32mSuppliersModule dependencies initialized[39m[38;5;3m +0ms[39m
[32m[Nest] 26068  - [39m02/23/2026, 2:51:55 AM [32m    LOG[39m [38;5;3m[InstanceLoader] [39m[32mEmployeesModule dependencies initialized[39m[38;5;3m +0ms[39m
[32m[Nest] 26068  - [39m02/23/2026, 2:51:55 AM [32m    LOG[39m [38;5;3m[InstanceLoader] [39m[32mDeferredSalesModule dependencies initialized[39m[38;5;3m +0ms[39m
[32m[Nest] 26068  - [39m02/23/2026, 2:51:55 AM [32m    LOG[39m [38;5;3m[InstanceLoader] [39m[32mInstallmentsModule dependencies initialized[39m[38;5;3m +0ms[39m
[32m[Nest] 26068  - [39m02/23/2026, 2:51:55 AM [32m    LOG[39m [38;5;3m[InstanceLoader] [39m[32mReportsModule dependencies initialized[39m[38;5;3m +0ms[39m
[32m[Nest] 26068  - [39m02/23/2026, 2:51:55 AM [32m    LOG[39m [38;5;3m[InstanceLoader] [39m[32mNotificationsModule dependencies initialized[39m[38;5;3m +0ms[39m
[32m[Nest] 26068  - [39m02/23/2026, 2:51:55 AM [32m    LOG[39m [38;5;3m[InstanceLoader] [39m[32mLedgerModule dependencies initialized[39m[38;5;3m +0ms[39m
[32m[Nest] 26068  - [39m02/23/2026, 2:51:55 AM [32m    LOG[39m [38;5;3m[InstanceLoader] [39m[32mAuthModule dependencies initialized[39m[38;5;3m +0ms[39m
[32m[Nest] 26068  - [39m02/23/2026, 2:51:55 AM [32m    LOG[39m [38;5;3m[RoutesResolver] [39m[32mAppController {/api/v1}:[39m[38;5;3m +0ms[39m
[32m[Nest] 26068  - [39m02/23/2026, 2:51:55 AM [32m    LOG[39m [38;5;3m[RouterExplorer] [39m[32mMapped {/api/v1/health, GET} route[39m[38;5;3m +1ms[39m
[32m[Nest] 26068  - [39m02/23/2026, 2:51:55 AM [32m    LOG[39m [38;5;3m[RoutesResolver] [39m[32mAuthController {/api/v1/auth}:[39m[38;5;3m +0ms[39m
[32m[Nest] 26068  - [39m02/23/2026, 2:51:55 AM [32m    LOG[39m [38;5;3m[RouterExplorer] [39m[32mMapped {/api/v1/auth/register, POST} route[39m[38;5;3m +0ms[39m
[32m[Nest] 26068  - [39m02/23/2026, 2:51:55 AM [32m    LOG[39m [38;5;3m[RouterExplorer] [39m[32mMapped {/api/v1/auth/login, POST} route[39m[38;5;3m +0ms[39m
[32m[Nest] 26068  - [39m02/23/2026, 2:51:55 AM [32m    LOG[39m [38;5;3m[RouterExplorer] [39m[32mMapped {/api/v1/auth/refresh, POST} route[39m[38;5;3m +0ms[39m
[32m[Nest] 26068  - [39m02/23/2026, 2:51:55 AM [32m    LOG[39m [38;5;3m[RouterExplorer] [39m[32mMapped {/api/v1/auth/logout, POST} route[39m[38;5;3m +0ms[39m
[32m[Nest] 26068  - [39m02/23/2026, 2:51:55 AM [32m    LOG[39m [38;5;3m[RouterExplorer] [39m[32mMapped {/api/v1/auth/logout-all, POST} route[39m[38;5;3m +0ms[39m
[32m[Nest] 26068  - [39m02/23/2026, 2:51:55 AM [32m    LOG[39m [38;5;3m[RouterExplorer] [39m[32mMapped {/api/v1/auth/change-password, POST} route[39m[38;5;3m +0ms[39m
[32m[Nest] 26068  - [39m02/23/2026, 2:51:55 AM [32m    LOG[39m [38;5;3m[RouterExplorer] [39m[32mMapped {/api/v1/auth/me, GET} route[39m[38;5;3m +0ms[39m
[32m[Nest] 26068  - [39m02/23/2026, 2:51:55 AM [32m    LOG[39m [38;5;3m[RouterExplorer] [39m[32mMapped {/api/v1/auth/sessions, GET} route[39m[38;5;3m +0ms[39m
[32m[Nest] 26068  - [39m02/23/2026, 2:51:55 AM [32m    LOG[39m [38;5;3m[RouterExplorer] [39m[32mMapped {/api/v1/auth/forgot-password, POST} route[39m[38;5;3m +0ms[39m
[32m[Nest] 26068  - [39m02/23/2026, 2:51:55 AM [32m    LOG[39m [38;5;3m[RouterExplorer] [39m[32mMapped {/api/v1/auth/reset-password, POST} route[39m[38;5;3m +0ms[39m
[32m[Nest] 26068  - [39m02/23/2026, 2:51:55 AM [32m    LOG[39m [38;5;3m[RoutesResolver] [39m[32mNotificationsController {/api/v1/notifications}:[39m[38;5;3m +0ms[39m
[32m[Nest] 26068  - [39m02/23/2026, 2:51:55 AM [32m    LOG[39m [38;5;3m[RouterExplorer] [39m[32mMapped {/api/v1/notifications/device-token, POST} route[39m[38;5;3m +0ms[39m
[32m[Nest] 26068  - [39m02/23/2026, 2:51:55 AM [32m    LOG[39m [38;5;3m[RouterExplorer] [39m[32mMapped {/api/v1/notifications/device-token/:token, DELETE} route[39m[38;5;3m +0ms[39m
[32m[Nest] 26068  - [39m02/23/2026, 2:51:55 AM [32m    LOG[39m [38;5;3m[RouterExplorer] [39m[32mMapped {/api/v1/notifications/unread-count, GET} route[39m[38;5;3m +0ms[39m
[32m[Nest] 26068  - [39m02/23/2026, 2:51:55 AM [32m    LOG[39m [38;5;3m[RouterExplorer] [39m[32mMapped {/api/v1/notifications, GET} route[39m[38;5;3m +0ms[39m
[32m[Nest] 26068  - [39m02/23/2026, 2:51:55 AM [32m    LOG[39m [38;5;3m[RouterExplorer] [39m[32mMapped {/api/v1/notifications/read-all, PATCH} route[39m[38;5;3m +0ms[39m
[32m[Nest] 26068  - [39m02/23/2026, 2:51:55 AM [32m    LOG[39m [38;5;3m[RouterExplorer] [39m[32mMapped {/api/v1/notifications/:id/read, PATCH} route[39m[38;5;3m +0ms[39m
[32m[Nest] 26068  - [39m02/23/2026, 2:51:55 AM [32m    LOG[39m [38;5;3m[RoutesResolver] [39m[32mPlatformController {/api/v1/platform}:[39m[38;5;3m +0ms[39m
[32m[Nest] 26068  - [39m02/23/2026, 2:51:55 AM [32m    LOG[39m [38;5;3m[RouterExplorer] [39m[32mMapped {/api/v1/platform/companies, POST} route[39m[38;5;3m +0ms[39m
[32m[Nest] 26068  - [39m02/23/2026, 2:51:55 AM [32m    LOG[39m [38;5;3m[RouterExplorer] [39m[32mMapped {/api/v1/platform/companies, GET} route[39m[38;5;3m +0ms[39m
[32m[Nest] 26068  - [39m02/23/2026, 2:51:55 AM [32m    LOG[39m [38;5;3m[RouterExplorer] [39m[32mMapped {/api/v1/platform/companies/:id, GET} route[39m[38;5;3m +0ms[39m
[32m[Nest] 26068  - [39m02/23/2026, 2:51:55 AM [32m    LOG[39m [38;5;3m[RouterExplorer] [39m[32mMapped {/api/v1/platform/companies/:id/metrics, GET} route[39m[38;5;3m +0ms[39m
[32m[Nest] 26068  - [39m02/23/2026, 2:51:55 AM [32m    LOG[39m [38;5;3m[RouterExplorer] [39m[32mMapped {/api/v1/platform/plans, POST} route[39m[38;5;3m +0ms[39m
[32m[Nest] 26068  - [39m02/23/2026, 2:51:55 AM [32m    LOG[39m [38;5;3m[RouterExplorer] [39m[32mMapped {/api/v1/platform/plans, GET} route[39m[38;5;3m +0ms[39m
[32m[Nest] 26068  - [39m02/23/2026, 2:51:55 AM [32m    LOG[39m [38;5;3m[RouterExplorer] [39m[32mMapped {/api/v1/platform/plans/:id, PATCH} route[39m[38;5;3m +0ms[39m
[32m[Nest] 26068  - [39m02/23/2026, 2:51:55 AM [32m    LOG[39m [38;5;3m[RouterExplorer] [39m[32mMapped {/api/v1/platform/subscriptions/activate, POST} route[39m[38;5;3m +0ms[39m
[32m[Nest] 26068  - [39m02/23/2026, 2:51:55 AM [32m    LOG[39m [38;5;3m[RouterExplorer] [39m[32mMapped {/api/v1/platform/subscriptions/suspend, POST} route[39m[38;5;3m +0ms[39m
[32m[Nest] 26068  - [39m02/23/2026, 2:51:55 AM [32m    LOG[39m [38;5;3m[RouterExplorer] [39m[32mMapped {/api/v1/platform/subscriptions/extend, POST} route[39m[38;5;3m +0ms[39m
[32m[Nest] 26068  - [39m02/23/2026, 2:51:55 AM [32m    LOG[39m [38;5;3m[RoutesResolver] [39m[32mUsersController {/api/v1/users}:[39m[38;5;3m +0ms[39m
[32m[Nest] 26068  - [39m02/23/2026, 2:51:55 AM [32m    LOG[39m [38;5;3m[RouterExplorer] [39m[32mMapped {/api/v1/users/staff, POST} route[39m[38;5;3m +0ms[39m
[32m[Nest] 26068  - [39m02/23/2026, 2:51:55 AM [32m    LOG[39m [38;5;3m[RouterExplorer] [39m[32mMapped {/api/v1/users/stats, GET} route[39m[38;5;3m +0ms[39m
[32m[Nest] 26068  - [39m02/23/2026, 2:51:55 AM [32m    LOG[39m [38;5;3m[RouterExplorer] [39m[32mMapped {/api/v1/users, GET} route[39m[38;5;3m +0ms[39m
[32m[Nest] 26068  - [39m02/23/2026, 2:51:55 AM [32m    LOG[39m [38;5;3m[RouterExplorer] [39m[32mMapped {/api/v1/users/:id, GET} route[39m[38;5;3m +0ms[39m
[32m[Nest] 26068  - [39m02/23/2026, 2:51:55 AM [32m    LOG[39m [38;5;3m[RouterExplorer] [39m[32mMapped {/api/v1/users/:id, PATCH} route[39m[38;5;3m +0ms[39m
[32m[Nest] 26068  - [39m02/23/2026, 2:51:55 AM [32m    LOG[39m [38;5;3m[RouterExplorer] [39m[32mMapped {/api/v1/users/:id/permissions, PATCH} route[39m[38;5;3m +1ms[39m
[32m[Nest] 26068  - [39m02/23/2026, 2:51:55 AM [32m    LOG[39m [38;5;3m[RouterExplorer] [39m[32mMapped {/api/v1/users/:id/disable, PATCH} route[39m[38;5;3m +0ms[39m
[32m[Nest] 26068  - [39m02/23/2026, 2:51:55 AM [32m    LOG[39m [38;5;3m[RouterExplorer] [39m[32mMapped {/api/v1/users/:id/enable, PATCH} route[39m[38;5;3m +0ms[39m
[32m[Nest] 26068  - [39m02/23/2026, 2:51:55 AM [32m    LOG[39m [38;5;3m[RoutesResolver] [39m[32mCustomersController {/api/v1/customers}:[39m[38;5;3m +0ms[39m
[32m[Nest] 26068  - [39m02/23/2026, 2:51:55 AM [32m    LOG[39m [38;5;3m[RouterExplorer] [39m[32mMapped {/api/v1/customers, POST} route[39m[38;5;3m +0ms[39m
[32m[Nest] 26068  - [39m02/23/2026, 2:51:55 AM [32m    LOG[39m [38;5;3m[RouterExplorer] [39m[32mMapped {/api/v1/customers, GET} route[39m[38;5;3m +0ms[39m
[32m[Nest] 26068  - [39m02/23/2026, 2:51:55 AM [32m    LOG[39m [38;5;3m[RouterExplorer] [39m[32mMapped {/api/v1/customers/:id, GET} route[39m[38;5;3m +0ms[39m
[32m[Nest] 26068  - [39m02/23/2026, 2:51:55 AM [32m    LOG[39m [38;5;3m[RouterExplorer] [39m[32mMapped {/api/v1/customers/:id, PATCH} route[39m[38;5;3m +0ms[39m
[32m[Nest] 26068  - [39m02/23/2026, 2:51:55 AM [32m    LOG[39m [38;5;3m[RouterExplorer] [39m[32mMapped {/api/v1/customers/:id, DELETE} route[39m[38;5;3m +0ms[39m
[32m[Nest] 26068  - [39m02/23/2026, 2:51:55 AM [32m    LOG[39m [38;5;3m[RoutesResolver] [39m[32mSuppliersController {/api/v1/suppliers}:[39m[38;5;3m +0ms[39m
[32m[Nest] 26068  - [39m02/23/2026, 2:51:55 AM [32m    LOG[39m [38;5;3m[RouterExplorer] [39m[32mMapped {/api/v1/suppliers, POST} route[39m[38;5;3m +0ms[39m
[32m[Nest] 26068  - [39m02/23/2026, 2:51:55 AM [32m    LOG[39m [38;5;3m[RouterExplorer] [39m[32mMapped {/api/v1/suppliers, GET} route[39m[38;5;3m +0ms[39m
[32m[Nest] 26068  - [39m02/23/2026, 2:51:55 AM [32m    LOG[39m [38;5;3m[RouterExplorer] [39m[32mMapped {/api/v1/suppliers/:id, GET} route[39m[38;5;3m +0ms[39m
[32m[Nest] 26068  - [39m02/23/2026, 2:51:55 AM [32m    LOG[39m [38;5;3m[RouterExplorer] [39m[32mMapped {/api/v1/suppliers/:id, PATCH} route[39m[38;5;3m +0ms[39m
[32m[Nest] 26068  - [39m02/23/2026, 2:51:55 AM [32m    LOG[39m [38;5;3m[RouterExplorer] [39m[32mMapped {/api/v1/suppliers/:id, DELETE} route[39m[38;5;3m +0ms[39m
[32m[Nest] 26068  - [39m02/23/2026, 2:51:55 AM [32m    LOG[39m [38;5;3m[RoutesResolver] [39m[32mEmployeesController {/api/v1/employees}:[39m[38;5;3m +0ms[39m
[32m[Nest] 26068  - [39m02/23/2026, 2:51:55 AM [32m    LOG[39m [38;5;3m[RouterExplorer] [39m[32mMapped {/api/v1/employees, POST} route[39m[38;5;3m +0ms[39m
[32m[Nest] 26068  - [39m02/23/2026, 2:51:55 AM [32m    LOG[39m [38;5;3m[RouterExplorer] [39m[32mMapped {/api/v1/employees, GET} route[39m[38;5;3m +0ms[39m
[32m[Nest] 26068  - [39m02/23/2026, 2:51:55 AM [32m    LOG[39m [38;5;3m[RouterExplorer] [39m[32mMapped {/api/v1/employees/:id, GET} route[39m[38;5;3m +0ms[39m
[32m[Nest] 26068  - [39m02/23/2026, 2:51:55 AM [32m    LOG[39m [38;5;3m[RouterExplorer] [39m[32mMapped {/api/v1/employees/:id, PATCH} route[39m[38;5;3m +0ms[39m
[32m[Nest] 26068  - [39m02/23/2026, 2:51:55 AM [32m    LOG[39m [38;5;3m[RouterExplorer] [39m[32mMapped {/api/v1/employees/:id, DELETE} route[39m[38;5;3m +0ms[39m
[32m[Nest] 26068  - [39m02/23/2026, 2:51:55 AM [32m    LOG[39m [38;5;3m[RoutesResolver] [39m[32mLedgerController {/api/v1/ledger}:[39m[38;5;3m +0ms[39m
[32m[Nest] 26068  - [39m02/23/2026, 2:51:55 AM [32m    LOG[39m [38;5;3m[RouterExplorer] [39m[32mMapped {/api/v1/ledger, POST} route[39m[38;5;3m +1ms[39m
[32m[Nest] 26068  - [39m02/23/2026, 2:51:55 AM [32m    LOG[39m [38;5;3m[RouterExplorer] [39m[32mMapped {/api/v1/ledger/:id, DELETE} route[39m[38;5;3m +0ms[39m
[32m[Nest] 26068  - [39m02/23/2026, 2:51:55 AM [32m    LOG[39m [38;5;3m[RouterExplorer] [39m[32mMapped {/api/v1/ledger/statement, GET} route[39m[38;5;3m +0ms[39m
[32m[Nest] 26068  - [39m02/23/2026, 2:51:55 AM [32m    LOG[39m [38;5;3m[RoutesResolver] [39m[32mDeferredSalesController {/api/v1/deferred-sales}:[39m[38;5;3m +0ms[39m
[32m[Nest] 26068  - [39m02/23/2026, 2:51:55 AM [32m    LOG[39m [38;5;3m[RouterExplorer] [39m[32mMapped {/api/v1/deferred-sales, POST} route[39m[38;5;3m +0ms[39m
[32m[Nest] 26068  - [39m02/23/2026, 2:51:55 AM [32m    LOG[39m [38;5;3m[RouterExplorer] [39m[32mMapped {/api/v1/deferred-sales, GET} route[39m[38;5;3m +0ms[39m
[32m[Nest] 26068  - [39m02/23/2026, 2:51:55 AM [32m    LOG[39m [38;5;3m[RouterExplorer] [39m[32mMapped {/api/v1/deferred-sales/:id, GET} route[39m[38;5;3m +0ms[39m
[32m[Nest] 26068  - [39m02/23/2026, 2:51:55 AM [32m    LOG[39m [38;5;3m[RouterExplorer] [39m[32mMapped {/api/v1/deferred-sales/:id/payments, POST} route[39m[38;5;3m +0ms[39m
[32m[Nest] 26068  - [39m02/23/2026, 2:51:55 AM [32m    LOG[39m [38;5;3m[RouterExplorer] [39m[32mMapped {/api/v1/deferred-sales/:id/cancel, PATCH} route[39m[38;5;3m +0ms[39m
[32m[Nest] 26068  - [39m02/23/2026, 2:51:55 AM [32m    LOG[39m [38;5;3m[RoutesResolver] [39m[32mInstallmentsController {/api/v1/installments}:[39m[38;5;3m +0ms[39m
[32m[Nest] 26068  - [39m02/23/2026, 2:51:55 AM [32m    LOG[39m [38;5;3m[RouterExplorer] [39m[32mMapped {/api/v1/installments/contracts, POST} route[39m[38;5;3m +0ms[39m
[32m[Nest] 26068  - [39m02/23/2026, 2:51:55 AM [32m    LOG[39m [38;5;3m[RouterExplorer] [39m[32mMapped {/api/v1/installments/contracts, GET} route[39m[38;5;3m +0ms[39m
[32m[Nest] 26068  - [39m02/23/2026, 2:51:55 AM [32m    LOG[39m [38;5;3m[RouterExplorer] [39m[32mMapped {/api/v1/installments/schedule, GET} route[39m[38;5;3m +0ms[39m
[32m[Nest] 26068  - [39m02/23/2026, 2:51:55 AM [32m    LOG[39m [38;5;3m[RouterExplorer] [39m[32mMapped {/api/v1/installments/contracts/:id, GET} route[39m[38;5;3m +0ms[39m
[32m[Nest] 26068  - [39m02/23/2026, 2:51:55 AM [32m    LOG[39m [38;5;3m[RouterExplorer] [39m[32mMapped {/api/v1/installments/contracts/:id/payments, POST} route[39m[38;5;3m +0ms[39m
[32m[Nest] 26068  - [39m02/23/2026, 2:51:55 AM [32m    LOG[39m [38;5;3m[RouterExplorer] [39m[32mMapped {/api/v1/installments/contracts/:id/cancel, PATCH} route[39m[38;5;3m +0ms[39m
[32m[Nest] 26068  - [39m02/23/2026, 2:51:55 AM [32m    LOG[39m [38;5;3m[RoutesResolver] [39m[32mReportsController {/api/v1/reports}:[39m[38;5;3m +0ms[39m
[32m[Nest] 26068  - [39m02/23/2026, 2:51:55 AM [32m    LOG[39m [38;5;3m[RouterExplorer] [39m[32mMapped {/api/v1/reports/summary, GET} route[39m[38;5;3m +0ms[39m
[32m[Nest] 26068  - [39m02/23/2026, 2:51:55 AM [32m    LOG[39m [38;5;3m[RouterExplorer] [39m[32mMapped {/api/v1/reports/overdue, GET} route[39m[38;5;3m +1ms[39m
[32m[Nest] 26068  - [39m02/23/2026, 2:51:55 AM [32m    LOG[39m [38;5;3m[RouterExplorer] [39m[32mMapped {/api/v1/reports/collection-schedule, GET} route[39m[38;5;3m +0ms[39m
[32m[Nest] 26068  - [39m02/23/2026, 2:51:55 AM [32m    LOG[39m [38;5;3m[PrismaService] [39m[32m✅ Connected to database[39m
[32m[Nest] 26068  - [39m02/23/2026, 2:51:55 AM [32m    LOG[39m [38;5;3m[PrismaService] [39m[32m✅ Connected to database[39m
[32m[Nest] 26068  - [39m02/23/2026, 2:51:55 AM [32m    LOG[39m [38;5;3m[NestApplication] [39m[32mNest application successfully started[39m[38;5;3m +0ms[39m
2026-02-23 02:51:55  [32MINFO[39M [Bootstrap] [32m🚀 Daftar API running on http://localhost:7000[39m
2026-02-23 02:51:55  [32MINFO[39M [Bootstrap] [32m📚 Swagger docs: http://localhost:7000/api/docs[39m
2026-02-23 02:51:55  [32MINFO[39M [Bootstrap] [32m🔗 API prefix: /api/v1[39m
2026-02-23 02:51:55  [32MINFO[39M [Bootstrap] [32m🌍 Environment: development[39m
[32m[Nest] 26068  - [39m02/23/2026, 2:51:55 AM [32m    LOG[39m [38;5;3m[CacheService] [39m[32m✅ Redis Connected[39m
[32m[Nest] 26068  - [39m02/23/2026, 2:51:55 AM [32m    LOG[39m [38;5;3m[CacheService] [39m[32m✅ Redis Cache Service Initialized[39m
[2J[3J[H[[90m2:52:30 AM[0m] File change detected. Starting incremental compilation...

[[90m2:52:35 AM[0m] Found 0 errors. Watching for file changes.

[2J[3J[H[[90m2:52:36 AM[0m] File change detected. Starting incremental compilation...

[32m[Nest] 29112  - [39m02/23/2026, 2:52:39 AM [32m    LOG[39m [38;5;3m[NestFactory] [39m[32mStarting Nest application...[39m
[32m[Nest] 29112  - [39m02/23/2026, 2:52:39 AM [32m    LOG[39m [38;5;3m[InstanceLoader] [39m[32mBullModule dependencies initialized[39m[38;5;3m +1ms[39m
[32m[Nest] 29112  - [39m02/23/2026, 2:52:39 AM [32m    LOG[39m [38;5;3m[InstanceLoader] [39m[32mDatabaseModule dependencies initialized[39m[38;5;3m +0ms[39m
[32m[Nest] 29112  - [39m02/23/2026, 2:52:39 AM [32m    LOG[39m [38;5;3m[InstanceLoader] [39m[32mPrismaModule dependencies initialized[39m[38;5;3m +0ms[39m
[32m[Nest] 29112  - [39m02/23/2026, 2:52:39 AM [32m    LOG[39m [38;5;3m[InstanceLoader] [39m[32mLoggerModule dependencies initialized[39m[38;5;3m +1ms[39m
[32m[Nest] 29112  - [39m02/23/2026, 2:52:39 AM [32m    LOG[39m [38;5;3m[InstanceLoader] [39m[32mTranslationModule dependencies initialized[39m[38;5;3m +0ms[39m
[32m[Nest] 29112  - [39m02/23/2026, 2:52:39 AM [32m    LOG[39m [38;5;3m[InstanceLoader] [39m[32mPassportModule dependencies initialized[39m[38;5;3m +0ms[39m
[32m[Nest] 29112  - [39m02/23/2026, 2:52:39 AM [32m    LOG[39m [38;5;3m[InstanceLoader] [39m[32mConfigHostModule dependencies initialized[39m[38;5;3m +0ms[39m
[32m[Nest] 29112  - [39m02/23/2026, 2:52:39 AM [32m    LOG[39m [38;5;3m[InstanceLoader] [39m[32mThrottlerModule dependencies initialized[39m[38;5;3m +0ms[39m
[32m[Nest] 29112  - [39m02/23/2026, 2:52:39 AM [32m    LOG[39m [38;5;3m[InstanceLoader] [39m[32mDiscoveryModule dependencies initialized[39m[38;5;3m +0ms[39m
[33m[Nest] 29112  - [39m02/23/2026, 2:52:39 AM [33m   WARN[39m [38;5;3m[WhatsAppService] [39m[33mTwilio credentials not configured — WhatsApp sending disabled[39m
[32m[Nest] 29112  - [39m02/23/2026, 2:52:39 AM [32m    LOG[39m [38;5;3m[InstanceLoader] [39m[32mGuardsModule dependencies initialized[39m[38;5;3m +0ms[39m
[32m[Nest] 29112  - [39m02/23/2026, 2:52:39 AM [32m    LOG[39m [38;5;3m[InstanceLoader] [39m[32mConfigModule dependencies initialized[39m[38;5;3m +0ms[39m
[32m[Nest] 29112  - [39m02/23/2026, 2:52:39 AM [32m    LOG[39m [38;5;3m[InstanceLoader] [39m[32mConfigModule dependencies initialized[39m[38;5;3m +0ms[39m
[32m[Nest] 29112  - [39m02/23/2026, 2:52:39 AM [32m    LOG[39m [38;5;3m[InstanceLoader] [39m[32mBullModule dependencies initialized[39m[38;5;3m +0ms[39m
[32m[Nest] 29112  - [39m02/23/2026, 2:52:39 AM [32m    LOG[39m [38;5;3m[InstanceLoader] [39m[32mCacheModule dependencies initialized[39m[38;5;3m +0ms[39m
[32m[Nest] 29112  - [39m02/23/2026, 2:52:39 AM [32m    LOG[39m [38;5;3m[InstanceLoader] [39m[32mJwtModule dependencies initialized[39m[38;5;3m +0ms[39m
[32m[Nest] 29112  - [39m02/23/2026, 2:52:39 AM [32m    LOG[39m [38;5;3m[InstanceLoader] [39m[32mBullModule dependencies initialized[39m[38;5;3m +0ms[39m
[32m[Nest] 29112  - [39m02/23/2026, 2:52:39 AM [32m    LOG[39m [38;5;3m[InstanceLoader] [39m[32mAppModule dependencies initialized[39m[38;5;3m +0ms[39m
[32m[Nest] 29112  - [39m02/23/2026, 2:52:39 AM [32m    LOG[39m [38;5;3m[InstanceLoader] [39m[32mPlatformModule dependencies initialized[39m[38;5;3m +0ms[39m
[32m[Nest] 29112  - [39m02/23/2026, 2:52:39 AM [32m    LOG[39m [38;5;3m[InstanceLoader] [39m[32mUsersModule dependencies initialized[39m[38;5;3m +0ms[39m
[32m[Nest] 29112  - [39m02/23/2026, 2:52:39 AM [32m    LOG[39m [38;5;3m[InstanceLoader] [39m[32mCustomersModule dependencies initialized[39m[38;5;3m +0ms[39m
[32m[Nest] 29112  - [39m02/23/2026, 2:52:39 AM [32m    LOG[39m [38;5;3m[InstanceLoader] [39m[32mSuppliersModule dependencies initialized[39m[38;5;3m +0ms[39m
[32m[Nest] 29112  - [39m02/23/2026, 2:52:39 AM [32m    LOG[39m [38;5;3m[InstanceLoader] [39m[32mEmployeesModule dependencies initialized[39m[38;5;3m +0ms[39m
[32m[Nest] 29112  - [39m02/23/2026, 2:52:39 AM [32m    LOG[39m [38;5;3m[InstanceLoader] [39m[32mDeferredSalesModule dependencies initialized[39m[38;5;3m +0ms[39m
[32m[Nest] 29112  - [39m02/23/2026, 2:52:39 AM [32m    LOG[39m [38;5;3m[InstanceLoader] [39m[32mInstallmentsModule dependencies initialized[39m[38;5;3m +0ms[39m
[32m[Nest] 29112  - [39m02/23/2026, 2:52:39 AM [32m    LOG[39m [38;5;3m[InstanceLoader] [39m[32mReportsModule dependencies initialized[39m[38;5;3m +0ms[39m
[32m[Nest] 29112  - [39m02/23/2026, 2:52:39 AM [32m    LOG[39m [38;5;3m[InstanceLoader] [39m[32mNotificationsModule dependencies initialized[39m[38;5;3m +0ms[39m
[32m[Nest] 29112  - [39m02/23/2026, 2:52:39 AM [32m    LOG[39m [38;5;3m[InstanceLoader] [39m[32mLedgerModule dependencies initialized[39m[38;5;3m +0ms[39m
[32m[Nest] 29112  - [39m02/23/2026, 2:52:39 AM [32m    LOG[39m [38;5;3m[InstanceLoader] [39m[32mAuthModule dependencies initialized[39m[38;5;3m +0ms[39m
[32m[Nest] 29112  - [39m02/23/2026, 2:52:39 AM [32m    LOG[39m [38;5;3m[RoutesResolver] [39m[32mAppController {/api/v1}:[39m[38;5;3m +1ms[39m
[32m[Nest] 29112  - [39m02/23/2026, 2:52:39 AM [32m    LOG[39m [38;5;3m[RouterExplorer] [39m[32mMapped {/api/v1/health, GET} route[39m[38;5;3m +0ms[39m
[32m[Nest] 29112  - [39m02/23/2026, 2:52:39 AM [32m    LOG[39m [38;5;3m[RoutesResolver] [39m[32mAuthController {/api/v1/auth}:[39m[38;5;3m +0ms[39m
[32m[Nest] 29112  - [39m02/23/2026, 2:52:39 AM [32m    LOG[39m [38;5;3m[RouterExplorer] [39m[32mMapped {/api/v1/auth/register, POST} route[39m[38;5;3m +0ms[39m
[32m[Nest] 29112  - [39m02/23/2026, 2:52:39 AM [32m    LOG[39m [38;5;3m[RouterExplorer] [39m[32mMapped {/api/v1/auth/login, POST} route[39m[38;5;3m +0ms[39m
[32m[Nest] 29112  - [39m02/23/2026, 2:52:39 AM [32m    LOG[39m [38;5;3m[RouterExplorer] [39m[32mMapped {/api/v1/auth/refresh, POST} route[39m[38;5;3m +0ms[39m
[32m[Nest] 29112  - [39m02/23/2026, 2:52:39 AM [32m    LOG[39m [38;5;3m[RouterExplorer] [39m[32mMapped {/api/v1/auth/logout, POST} route[39m[38;5;3m +0ms[39m
[32m[Nest] 29112  - [39m02/23/2026, 2:52:39 AM [32m    LOG[39m [38;5;3m[RouterExplorer] [39m[32mMapped {/api/v1/auth/logout-all, POST} route[39m[38;5;3m +0ms[39m
[32m[Nest] 29112  - [39m02/23/2026, 2:52:39 AM [32m    LOG[39m [38;5;3m[RouterExplorer] [39m[32mMapped {/api/v1/auth/change-password, POST} route[39m[38;5;3m +0ms[39m
[32m[Nest] 29112  - [39m02/23/2026, 2:52:39 AM [32m    LOG[39m [38;5;3m[RouterExplorer] [39m[32mMapped {/api/v1/auth/me, GET} route[39m[38;5;3m +0ms[39m
[32m[Nest] 29112  - [39m02/23/2026, 2:52:39 AM [32m    LOG[39m [38;5;3m[RouterExplorer] [39m[32mMapped {/api/v1/auth/sessions, GET} route[39m[38;5;3m +0ms[39m
[32m[Nest] 29112  - [39m02/23/2026, 2:52:39 AM [32m    LOG[39m [38;5;3m[RouterExplorer] [39m[32mMapped {/api/v1/auth/forgot-password, POST} route[39m[38;5;3m +0ms[39m
[32m[Nest] 29112  - [39m02/23/2026, 2:52:39 AM [32m    LOG[39m [38;5;3m[RouterExplorer] [39m[32mMapped {/api/v1/auth/reset-password, POST} route[39m[38;5;3m +0ms[39m
[32m[Nest] 29112  - [39m02/23/2026, 2:52:39 AM [32m    LOG[39m [38;5;3m[RoutesResolver] [39m[32mNotificationsController {/api/v1/notifications}:[39m[38;5;3m +0ms[39m
[32m[Nest] 29112  - [39m02/23/2026, 2:52:39 AM [32m    LOG[39m [38;5;3m[RouterExplorer] [39m[32mMapped {/api/v1/notifications/device-token, POST} route[39m[38;5;3m +0ms[39m
[32m[Nest] 29112  - [39m02/23/2026, 2:52:39 AM [32m    LOG[39m [38;5;3m[RouterExplorer] [39m[32mMapped {/api/v1/notifications/device-token/:token, DELETE} route[39m[38;5;3m +0ms[39m
[32m[Nest] 29112  - [39m02/23/2026, 2:52:39 AM [32m    LOG[39m [38;5;3m[RouterExplorer] [39m[32mMapped {/api/v1/notifications/unread-count, GET} route[39m[38;5;3m +0ms[39m
[32m[Nest] 29112  - [39m02/23/2026, 2:52:39 AM [32m    LOG[39m [38;5;3m[RouterExplorer] [39m[32mMapped {/api/v1/notifications, GET} route[39m[38;5;3m +0ms[39m
[32m[Nest] 29112  - [39m02/23/2026, 2:52:39 AM [32m    LOG[39m [38;5;3m[RouterExplorer] [39m[32mMapped {/api/v1/notifications/read-all, PATCH} route[39m[38;5;3m +0ms[39m
[32m[Nest] 29112  - [39m02/23/2026, 2:52:39 AM [32m    LOG[39m [38;5;3m[RouterExplorer] [39m[32mMapped {/api/v1/notifications/:id/read, PATCH} route[39m[38;5;3m +0ms[39m
[32m[Nest] 29112  - [39m02/23/2026, 2:52:39 AM [32m    LOG[39m [38;5;3m[RoutesResolver] [39m[32mPlatformController {/api/v1/platform}:[39m[38;5;3m +0ms[39m
[32m[Nest] 29112  - [39m02/23/2026, 2:52:39 AM [32m    LOG[39m [38;5;3m[RouterExplorer] [39m[32mMapped {/api/v1/platform/companies, POST} route[39m[38;5;3m +0ms[39m
[32m[Nest] 29112  - [39m02/23/2026, 2:52:39 AM [32m    LOG[39m [38;5;3m[RouterExplorer] [39m[32mMapped {/api/v1/platform/companies, GET} route[39m[38;5;3m +0ms[39m
[32m[Nest] 29112  - [39m02/23/2026, 2:52:39 AM [32m    LOG[39m [38;5;3m[RouterExplorer] [39m[32mMapped {/api/v1/platform/companies/:id, GET} route[39m[38;5;3m +0ms[39m
[32m[Nest] 29112  - [39m02/23/2026, 2:52:39 AM [32m    LOG[39m [38;5;3m[RouterExplorer] [39m[32mMapped {/api/v1/platform/companies/:id/metrics, GET} route[39m[38;5;3m +0ms[39m
[32m[Nest] 29112  - [39m02/23/2026, 2:52:39 AM [32m    LOG[39m [38;5;3m[RouterExplorer] [39m[32mMapped {/api/v1/platform/plans, POST} route[39m[38;5;3m +0ms[39m
[32m[Nest] 29112  - [39m02/23/2026, 2:52:39 AM [32m    LOG[39m [38;5;3m[RouterExplorer] [39m[32mMapped {/api/v1/platform/plans, GET} route[39m[38;5;3m +0ms[39m
[32m[Nest] 29112  - [39m02/23/2026, 2:52:39 AM [32m    LOG[39m [38;5;3m[RouterExplorer] [39m[32mMapped {/api/v1/platform/plans/:id, PATCH} route[39m[38;5;3m +0ms[39m
[32m[Nest] 29112  - [39m02/23/2026, 2:52:39 AM [32m    LOG[39m [38;5;3m[RouterExplorer] [39m[32mMapped {/api/v1/platform/subscriptions/activate, POST} route[39m[38;5;3m +0ms[39m
[32m[Nest] 29112  - [39m02/23/2026, 2:52:39 AM [32m    LOG[39m [38;5;3m[RouterExplorer] [39m[32mMapped {/api/v1/platform/subscriptions/suspend, POST} route[39m[38;5;3m +1ms[39m
[32m[Nest] 29112  - [39m02/23/2026, 2:52:39 AM [32m    LOG[39m [38;5;3m[RouterExplorer] [39m[32mMapped {/api/v1/platform/subscriptions/extend, POST} route[39m[38;5;3m +0ms[39m
[32m[Nest] 29112  - [39m02/23/2026, 2:52:39 AM [32m    LOG[39m [38;5;3m[RoutesResolver] [39m[32mUsersController {/api/v1/users}:[39m[38;5;3m +0ms[39m
[32m[Nest] 29112  - [39m02/23/2026, 2:52:39 AM [32m    LOG[39m [38;5;3m[RouterExplorer] [39m[32mMapped {/api/v1/users/staff, POST} route[39m[38;5;3m +0ms[39m
[32m[Nest] 29112  - [39m02/23/2026, 2:52:39 AM [32m    LOG[39m [38;5;3m[RouterExplorer] [39m[32mMapped {/api/v1/users/stats, GET} route[39m[38;5;3m +0ms[39m
[32m[Nest] 29112  - [39m02/23/2026, 2:52:39 AM [32m    LOG[39m [38;5;3m[RouterExplorer] [39m[32mMapped {/api/v1/users, GET} route[39m[38;5;3m +0ms[39m
[32m[Nest] 29112  - [39m02/23/2026, 2:52:39 AM [32m    LOG[39m [38;5;3m[RouterExplorer] [39m[32mMapped {/api/v1/users/:id, GET} route[39m[38;5;3m +0ms[39m
[32m[Nest] 29112  - [39m02/23/2026, 2:52:39 AM [32m    LOG[39m [38;5;3m[RouterExplorer] [39m[32mMapped {/api/v1/users/:id, PATCH} route[39m[38;5;3m +0ms[39m
[32m[Nest] 29112  - [39m02/23/2026, 2:52:39 AM [32m    LOG[39m [38;5;3m[RouterExplorer] [39m[32mMapped {/api/v1/users/:id/permissions, PATCH} route[39m[38;5;3m +0ms[39m
[32m[Nest] 29112  - [39m02/23/2026, 2:52:39 AM [32m    LOG[39m [38;5;3m[RouterExplorer] [39m[32mMapped {/api/v1/users/:id/disable, PATCH} route[39m[38;5;3m +0ms[39m
[32m[Nest] 29112  - [39m02/23/2026, 2:52:39 AM [32m    LOG[39m [38;5;3m[RouterExplorer] [39m[32mMapped {/api/v1/users/:id/enable, PATCH} route[39m[38;5;3m +0ms[39m
[32m[Nest] 29112  - [39m02/23/2026, 2:52:39 AM [32m    LOG[39m [38;5;3m[RoutesResolver] [39m[32mCustomersController {/api/v1/customers}:[39m[38;5;3m +0ms[39m
[32m[Nest] 29112  - [39m02/23/2026, 2:52:39 AM [32m    LOG[39m [38;5;3m[RouterExplorer] [39m[32mMapped {/api/v1/customers, POST} route[39m[38;5;3m +0ms[39m
[32m[Nest] 29112  - [39m02/23/2026, 2:52:39 AM [32m    LOG[39m [38;5;3m[RouterExplorer] [39m[32mMapped {/api/v1/customers, GET} route[39m[38;5;3m +0ms[39m
[32m[Nest] 29112  - [39m02/23/2026, 2:52:39 AM [32m    LOG[39m [38;5;3m[RouterExplorer] [39m[32mMapped {/api/v1/customers/:id, GET} route[39m[38;5;3m +0ms[39m
[32m[Nest] 29112  - [39m02/23/2026, 2:52:39 AM [32m    LOG[39m [38;5;3m[RouterExplorer] [39m[32mMapped {/api/v1/customers/:id, PATCH} route[39m[38;5;3m +0ms[39m
[32m[Nest] 29112  - [39m02/23/2026, 2:52:39 AM [32m    LOG[39m [38;5;3m[RouterExplorer] [39m[32mMapped {/api/v1/customers/:id, DELETE} route[39m[38;5;3m +0ms[39m
[32m[Nest] 29112  - [39m02/23/2026, 2:52:39 AM [32m    LOG[39m [38;5;3m[RoutesResolver] [39m[32mSuppliersController {/api/v1/suppliers}:[39m[38;5;3m +0ms[39m
[32m[Nest] 29112  - [39m02/23/2026, 2:52:39 AM [32m    LOG[39m [38;5;3m[RouterExplorer] [39m[32mMapped {/api/v1/suppliers, POST} route[39m[38;5;3m +0ms[39m
[32m[Nest] 29112  - [39m02/23/2026, 2:52:39 AM [32m    LOG[39m [38;5;3m[RouterExplorer] [39m[32mMapped {/api/v1/suppliers, GET} route[39m[38;5;3m +0ms[39m
[32m[Nest] 29112  - [39m02/23/2026, 2:52:39 AM [32m    LOG[39m [38;5;3m[RouterExplorer] [39m[32mMapped {/api/v1/suppliers/:id, GET} route[39m[38;5;3m +0ms[39m
[32m[Nest] 29112  - [39m02/23/2026, 2:52:39 AM [32m    LOG[39m [38;5;3m[RouterExplorer] [39m[32mMapped {/api/v1/suppliers/:id, PATCH} route[39m[38;5;3m +0ms[39m
[32m[Nest] 29112  - [39m02/23/2026, 2:52:39 AM [32m    LOG[39m [38;5;3m[RouterExplorer] [39m[32mMapped {/api/v1/suppliers/:id, DELETE} route[39m[38;5;3m +0ms[39m
[32m[Nest] 29112  - [39m02/23/2026, 2:52:39 AM [32m    LOG[39m [38;5;3m[RoutesResolver] [39m[32mEmployeesController {/api/v1/employees}:[39m[38;5;3m +0ms[39m
[32m[Nest] 29112  - [39m02/23/2026, 2:52:39 AM [32m    LOG[39m [38;5;3m[RouterExplorer] [39m[32mMapped {/api/v1/employees, POST} route[39m[38;5;3m +0ms[39m
[32m[Nest] 29112  - [39m02/23/2026, 2:52:39 AM [32m    LOG[39m [38;5;3m[RouterExplorer] [39m[32mMapped {/api/v1/employees, GET} route[39m[38;5;3m +0ms[39m
[32m[Nest] 29112  - [39m02/23/2026, 2:52:39 AM [32m    LOG[39m [38;5;3m[RouterExplorer] [39m[32mMapped {/api/v1/employees/:id, GET} route[39m[38;5;3m +1ms[39m
[32m[Nest] 29112  - [39m02/23/2026, 2:52:39 AM [32m    LOG[39m [38;5;3m[RouterExplorer] [39m[32mMapped {/api/v1/employees/:id, PATCH} route[39m[38;5;3m +0ms[39m
[32m[Nest] 29112  - [39m02/23/2026, 2:52:39 AM [32m    LOG[39m [38;5;3m[RouterExplorer] [39m[32mMapped {/api/v1/employees/:id, DELETE} route[39m[38;5;3m +0ms[39m
[32m[Nest] 29112  - [39m02/23/2026, 2:52:39 AM [32m    LOG[39m [38;5;3m[RoutesResolver] [39m[32mLedgerController {/api/v1/ledger}:[39m[38;5;3m +0ms[39m
[32m[Nest] 29112  - [39m02/23/2026, 2:52:39 AM [32m    LOG[39m [38;5;3m[RouterExplorer] [39m[32mMapped {/api/v1/ledger, POST} route[39m[38;5;3m +0ms[39m
[32m[Nest] 29112  - [39m02/23/2026, 2:52:39 AM [32m    LOG[39m [38;5;3m[RouterExplorer] [39m[32mMapped {/api/v1/ledger/:id, DELETE} route[39m[38;5;3m +0ms[39m
[32m[Nest] 29112  - [39m02/23/2026, 2:52:39 AM [32m    LOG[39m [38;5;3m[RouterExplorer] [39m[32mMapped {/api/v1/ledger/statement, GET} route[39m[38;5;3m +0ms[39m
[32m[Nest] 29112  - [39m02/23/2026, 2:52:39 AM [32m    LOG[39m [38;5;3m[RoutesResolver] [39m[32mDeferredSalesController {/api/v1/deferred-sales}:[39m[38;5;3m +0ms[39m
[32m[Nest] 29112  - [39m02/23/2026, 2:52:39 AM [32m    LOG[39m [38;5;3m[RouterExplorer] [39m[32mMapped {/api/v1/deferred-sales, POST} route[39m[38;5;3m +0ms[39m
[32m[Nest] 29112  - [39m02/23/2026, 2:52:39 AM [32m    LOG[39m [38;5;3m[RouterExplorer] [39m[32mMapped {/api/v1/deferred-sales, GET} route[39m[38;5;3m +0ms[39m
[32m[Nest] 29112  - [39m02/23/2026, 2:52:39 AM [32m    LOG[39m [38;5;3m[RouterExplorer] [39m[32mMapped {/api/v1/deferred-sales/:id, GET} route[39m[38;5;3m +0ms[39m
[32m[Nest] 29112  - [39m02/23/2026, 2:52:39 AM [32m    LOG[39m [38;5;3m[RouterExplorer] [39m[32mMapped {/api/v1/deferred-sales/:id/payments, POST} route[39m[38;5;3m +0ms[39m
[32m[Nest] 29112  - [39m02/23/2026, 2:52:39 AM [32m    LOG[39m [38;5;3m[RouterExplorer] [39m[32mMapped {/api/v1/deferred-sales/:id/cancel, PATCH} route[39m[38;5;3m +0ms[39m
[32m[Nest] 29112  - [39m02/23/2026, 2:52:39 AM [32m    LOG[39m [38;5;3m[RoutesResolver] [39m[32mInstallmentsController {/api/v1/installments}:[39m[38;5;3m +0ms[39m
[32m[Nest] 29112  - [39m02/23/2026, 2:52:39 AM [32m    LOG[39m [38;5;3m[RouterExplorer] [39m[32mMapped {/api/v1/installments/contracts, POST} route[39m[38;5;3m +0ms[39m
[32m[Nest] 29112  - [39m02/23/2026, 2:52:39 AM [32m    LOG[39m [38;5;3m[RouterExplorer] [39m[32mMapped {/api/v1/installments/contracts, GET} route[39m[38;5;3m +0ms[39m
[32m[Nest] 29112  - [39m02/23/2026, 2:52:39 AM [32m    LOG[39m [38;5;3m[RouterExplorer] [39m[32mMapped {/api/v1/installments/schedule, GET} route[39m[38;5;3m +0ms[39m
[32m[Nest] 29112  - [39m02/23/2026, 2:52:39 AM [32m    LOG[39m [38;5;3m[RouterExplorer] [39m[32mMapped {/api/v1/installments/contracts/:id, GET} route[39m[38;5;3m +1ms[39m
[32m[Nest] 29112  - [39m02/23/2026, 2:52:39 AM [32m    LOG[39m [38;5;3m[RouterExplorer] [39m[32mMapped {/api/v1/installments/contracts/:id/payments, POST} route[39m[38;5;3m +0ms[39m
[32m[Nest] 29112  - [39m02/23/2026, 2:52:39 AM [32m    LOG[39m [38;5;3m[RouterExplorer] [39m[32mMapped {/api/v1/installments/contracts/:id/cancel, PATCH} route[39m[38;5;3m +0ms[39m
[32m[Nest] 29112  - [39m02/23/2026, 2:52:39 AM [32m    LOG[39m [38;5;3m[RoutesResolver] [39m[32mReportsController {/api/v1/reports}:[39m[38;5;3m +0ms[39m
[32m[Nest] 29112  - [39m02/23/2026, 2:52:39 AM [32m    LOG[39m [38;5;3m[RouterExplorer] [39m[32mMapped {/api/v1/reports/summary, GET} route[39m[38;5;3m +0ms[39m
[32m[Nest] 29112  - [39m02/23/2026, 2:52:39 AM [32m    LOG[39m [38;5;3m[RouterExplorer] [39m[32mMapped {/api/v1/reports/overdue, GET} route[39m[38;5;3m +0ms[39m
[32m[Nest] 29112  - [39m02/23/2026, 2:52:39 AM [32m    LOG[39m [38;5;3m[RouterExplorer] [39m[32mMapped {/api/v1/reports/collection-schedule, GET} route[39m[38;5;3m +0ms[39m
[32m[Nest] 29112  - [39m02/23/2026, 2:52:39 AM [32m    LOG[39m [38;5;3m[PrismaService] [39m[32m✅ Connected to database[39m
[32m[Nest] 29112  - [39m02/23/2026, 2:52:39 AM [32m    LOG[39m [38;5;3m[PrismaService] [39m[32m✅ Connected to database[39m
[32m[Nest] 29112  - [39m02/23/2026, 2:52:39 AM [32m    LOG[39m [38;5;3m[NestApplication] [39m[32mNest application successfully started[39m[38;5;3m +0ms[39m
2026-02-23 02:52:39  [32MINFO[39M [Bootstrap] [32m🚀 Daftar API running on http://localhost:7000[39m
2026-02-23 02:52:39  [32MINFO[39M [Bootstrap] [32m📚 Swagger docs: http://localhost:7000/api/docs[39m
2026-02-23 02:52:39  [32MINFO[39M [Bootstrap] [32m🔗 API prefix: /api/v1[39m
2026-02-23 02:52:39  [32MINFO[39M [Bootstrap] [32m🌍 Environment: development[39m
[32m[Nest] 29112  - [39m02/23/2026, 2:52:39 AM [32m    LOG[39m [38;5;3m[CacheService] [39m[32m✅ Redis Connected[39m
[32m[Nest] 29112  - [39m02/23/2026, 2:52:39 AM [32m    LOG[39m [38;5;3m[CacheService] [39m[32m✅ Redis Cache Service Initialized[39m
[2J[3J[H[[90m10:38:22 AM[0m] File change detected. Starting incremental compilation...

[[90m10:38:23 AM[0m] Found 0 errors. Watching for file changes.

[2J[3J[H[[90m10:38:24 AM[0m] File change detected. Starting incremental compilation...

[[90m10:38:25 AM[0m] Found 0 errors. Watching for file changes.

[2J[3J[H[[90m10:38:26 AM[0m] File change detected. Starting incremental compilation...

[[90m10:38:27 AM[0m] Found 0 errors. Watching for file changes.

[2J[3J[H[[90m10:38:27 AM[0m] File change detected. Starting incremental compilation...

[[90m10:38:28 AM[0m] Found 0 errors. Watching for file changes.

[2J[3J[H[[90m10:38:30 AM[0m] File change detected. Starting incremental compilation...

[[90m10:38:30 AM[0m] Found 0 errors. Watching for file changes.

[2J[3J[H[[90m10:38:31 AM[0m] File change detected. Starting incremental compilation...

[[90m10:38:32 AM[0m] Found 0 errors. Watching for file changes.

[2J[3J[H[[90m10:38:35 AM[0m] File change detected. Starting incremental compilation...

[[90m10:38:36 AM[0m] Found 0 errors. Watching for file changes.

[2J[3J[H[[90m10:38:36 AM[0m] File change detected. Starting incremental compilation...

[[90m10:38:37 AM[0m] Found 0 errors. Watching for file changes.

[32m[Nest] 34044  - [39m02/23/2026, 10:38:40 AM [32m    LOG[39m [38;5;3m[NestFactory] [39m[32mStarting Nest application...[39m
[32m[Nest] 34044  - [39m02/23/2026, 10:38:40 AM [32m    LOG[39m [38;5;3m[InstanceLoader] [39m[32mBullModule dependencies initialized[39m[38;5;3m +1ms[39m
[32m[Nest] 34044  - [39m02/23/2026, 10:38:40 AM [32m    LOG[39m [38;5;3m[InstanceLoader] [39m[32mDatabaseModule dependencies initialized[39m[38;5;3m +0ms[39m
[32m[Nest] 34044  - [39m02/23/2026, 10:38:40 AM [32m    LOG[39m [38;5;3m[InstanceLoader] [39m[32mPrismaModule dependencies initialized[39m[38;5;3m +0ms[39m
[32m[Nest] 34044  - [39m02/23/2026, 10:38:40 AM [32m    LOG[39m [38;5;3m[InstanceLoader] [39m[32mLoggerModule dependencies initialized[39m[38;5;3m +1ms[39m
[32m[Nest] 34044  - [39m02/23/2026, 10:38:40 AM [32m    LOG[39m [38;5;3m[InstanceLoader] [39m[32mTranslationModule dependencies initialized[39m[38;5;3m +0ms[39m
[32m[Nest] 34044  - [39m02/23/2026, 10:38:40 AM [32m    LOG[39m [38;5;3m[InstanceLoader] [39m[32mPassportModule dependencies initialized[39m[38;5;3m +0ms[39m
[32m[Nest] 34044  - [39m02/23/2026, 10:38:40 AM [32m    LOG[39m [38;5;3m[InstanceLoader] [39m[32mConfigHostModule dependencies initialized[39m[38;5;3m +0ms[39m
[32m[Nest] 34044  - [39m02/23/2026, 10:38:40 AM [32m    LOG[39m [38;5;3m[InstanceLoader] [39m[32mThrottlerModule dependencies initialized[39m[38;5;3m +0ms[39m
[32m[Nest] 34044  - [39m02/23/2026, 10:38:40 AM [32m    LOG[39m [38;5;3m[InstanceLoader] [39m[32mDiscoveryModule dependencies initialized[39m[38;5;3m +0ms[39m
[33m[Nest] 34044  - [39m02/23/2026, 10:38:40 AM [33m   WARN[39m [38;5;3m[WhatsAppService] [39m[33mTwilio credentials not configured — WhatsApp sending disabled[39m
[32m[Nest] 34044  - [39m02/23/2026, 10:38:40 AM [32m    LOG[39m [38;5;3m[InstanceLoader] [39m[32mGuardsModule dependencies initialized[39m[38;5;3m +0ms[39m
[32m[Nest] 34044  - [39m02/23/2026, 10:38:40 AM [32m    LOG[39m [38;5;3m[InstanceLoader] [39m[32mConfigModule dependencies initialized[39m[38;5;3m +0ms[39m
[32m[Nest] 34044  - [39m02/23/2026, 10:38:40 AM [32m    LOG[39m [38;5;3m[InstanceLoader] [39m[32mConfigModule dependencies initialized[39m[38;5;3m +0ms[39m
[32m[Nest] 34044  - [39m02/23/2026, 10:38:40 AM [32m    LOG[39m [38;5;3m[InstanceLoader] [39m[32mBullModule dependencies initialized[39m[38;5;3m +0ms[39m
[32m[Nest] 34044  - [39m02/23/2026, 10:38:40 AM [32m    LOG[39m [38;5;3m[InstanceLoader] [39m[32mCacheModule dependencies initialized[39m[38;5;3m +0ms[39m
[32m[Nest] 34044  - [39m02/23/2026, 10:38:40 AM [32m    LOG[39m [38;5;3m[InstanceLoader] [39m[32mJwtModule dependencies initialized[39m[38;5;3m +0ms[39m
[32m[Nest] 34044  - [39m02/23/2026, 10:38:40 AM [32m    LOG[39m [38;5;3m[InstanceLoader] [39m[32mBullModule dependencies initialized[39m[38;5;3m +0ms[39m
[32m[Nest] 34044  - [39m02/23/2026, 10:38:40 AM [32m    LOG[39m [38;5;3m[InstanceLoader] [39m[32mAppModule dependencies initialized[39m[38;5;3m +0ms[39m
[32m[Nest] 34044  - [39m02/23/2026, 10:38:40 AM [32m    LOG[39m [38;5;3m[InstanceLoader] [39m[32mPlatformModule dependencies initialized[39m[38;5;3m +0ms[39m
[32m[Nest] 34044  - [39m02/23/2026, 10:38:40 AM [32m    LOG[39m [38;5;3m[InstanceLoader] [39m[32mUsersModule dependencies initialized[39m[38;5;3m +0ms[39m
[32m[Nest] 34044  - [39m02/23/2026, 10:38:40 AM [32m    LOG[39m [38;5;3m[InstanceLoader] [39m[32mCustomersModule dependencies initialized[39m[38;5;3m +0ms[39m
[32m[Nest] 34044  - [39m02/23/2026, 10:38:40 AM [32m    LOG[39m [38;5;3m[InstanceLoader] [39m[32mSuppliersModule dependencies initialized[39m[38;5;3m +0ms[39m
[32m[Nest] 34044  - [39m02/23/2026, 10:38:40 AM [32m    LOG[39m [38;5;3m[InstanceLoader] [39m[32mEmployeesModule dependencies initialized[39m[38;5;3m +0ms[39m
[32m[Nest] 34044  - [39m02/23/2026, 10:38:40 AM [32m    LOG[39m [38;5;3m[InstanceLoader] [39m[32mDeferredSalesModule dependencies initialized[39m[38;5;3m +1ms[39m
[32m[Nest] 34044  - [39m02/23/2026, 10:38:40 AM [32m    LOG[39m [38;5;3m[InstanceLoader] [39m[32mInstallmentsModule dependencies initialized[39m[38;5;3m +0ms[39m
[32m[Nest] 34044  - [39m02/23/2026, 10:38:40 AM [32m    LOG[39m [38;5;3m[InstanceLoader] [39m[32mReportsModule dependencies initialized[39m[38;5;3m +0ms[39m
[32m[Nest] 34044  - [39m02/23/2026, 10:38:40 AM [32m    LOG[39m [38;5;3m[InstanceLoader] [39m[32mNotificationsModule dependencies initialized[39m[38;5;3m +0ms[39m
[32m[Nest] 34044  - [39m02/23/2026, 10:38:40 AM [32m    LOG[39m [38;5;3m[InstanceLoader] [39m[32mLedgerModule dependencies initialized[39m[38;5;3m +0ms[39m
[32m[Nest] 34044  - [39m02/23/2026, 10:38:40 AM [32m    LOG[39m [38;5;3m[InstanceLoader] [39m[32mAuthModule dependencies initialized[39m[38;5;3m +0ms[39m
[32m[Nest] 34044  - [39m02/23/2026, 10:38:40 AM [32m    LOG[39m [38;5;3m[RoutesResolver] [39m[32mAppController {/api/v1}:[39m[38;5;3m +0ms[39m
[32m[Nest] 34044  - [39m02/23/2026, 10:38:40 AM [32m    LOG[39m [38;5;3m[RouterExplorer] [39m[32mMapped {/api/v1/health, GET} route[39m[38;5;3m +0ms[39m
[32m[Nest] 34044  - [39m02/23/2026, 10:38:40 AM [32m    LOG[39m [38;5;3m[RoutesResolver] [39m[32mAuthController {/api/v1/auth}:[39m[38;5;3m +0ms[39m
[32m[Nest] 34044  - [39m02/23/2026, 10:38:40 AM [32m    LOG[39m [38;5;3m[RouterExplorer] [39m[32mMapped {/api/v1/auth/register, POST} route[39m[38;5;3m +0ms[39m
[32m[Nest] 34044  - [39m02/23/2026, 10:38:40 AM [32m    LOG[39m [38;5;3m[RouterExplorer] [39m[32mMapped {/api/v1/auth/login, POST} route[39m[38;5;3m +0ms[39m
[32m[Nest] 34044  - [39m02/23/2026, 10:38:40 AM [32m    LOG[39m [38;5;3m[RouterExplorer] [39m[32mMapped {/api/v1/auth/refresh, POST} route[39m[38;5;3m +0ms[39m
[32m[Nest] 34044  - [39m02/23/2026, 10:38:40 AM [32m    LOG[39m [38;5;3m[RouterExplorer] [39m[32mMapped {/api/v1/auth/logout, POST} route[39m[38;5;3m +0ms[39m
[32m[Nest] 34044  - [39m02/23/2026, 10:38:40 AM [32m    LOG[39m [38;5;3m[RouterExplorer] [39m[32mMapped {/api/v1/auth/logout-all, POST} route[39m[38;5;3m +0ms[39m
[32m[Nest] 34044  - [39m02/23/2026, 10:38:40 AM [32m    LOG[39m [38;5;3m[RouterExplorer] [39m[32mMapped {/api/v1/auth/change-password, POST} route[39m[38;5;3m +0ms[39m
[32m[Nest] 34044  - [39m02/23/2026, 10:38:40 AM [32m    LOG[39m [38;5;3m[RouterExplorer] [39m[32mMapped {/api/v1/auth/me, GET} route[39m[38;5;3m +0ms[39m
[32m[Nest] 34044  - [39m02/23/2026, 10:38:40 AM [32m    LOG[39m [38;5;3m[RouterExplorer] [39m[32mMapped {/api/v1/auth/sessions, GET} route[39m[38;5;3m +0ms[39m
[32m[Nest] 34044  - [39m02/23/2026, 10:38:40 AM [32m    LOG[39m [38;5;3m[RouterExplorer] [39m[32mMapped {/api/v1/auth/forgot-password, POST} route[39m[38;5;3m +0ms[39m
[32m[Nest] 34044  - [39m02/23/2026, 10:38:40 AM [32m    LOG[39m [38;5;3m[RouterExplorer] [39m[32mMapped {/api/v1/auth/reset-password, POST} route[39m[38;5;3m +0ms[39m
[32m[Nest] 34044  - [39m02/23/2026, 10:38:40 AM [32m    LOG[39m [38;5;3m[RoutesResolver] [39m[32mNotificationsController {/api/v1/notifications}:[39m[38;5;3m +0ms[39m
[32m[Nest] 34044  - [39m02/23/2026, 10:38:40 AM [32m    LOG[39m [38;5;3m[RouterExplorer] [39m[32mMapped {/api/v1/notifications/device-token, POST} route[39m[38;5;3m +0ms[39m
[32m[Nest] 34044  - [39m02/23/2026, 10:38:40 AM [32m    LOG[39m [38;5;3m[RouterExplorer] [39m[32mMapped {/api/v1/notifications/device-token/:token, DELETE} route[39m[38;5;3m +0ms[39m
[32m[Nest] 34044  - [39m02/23/2026, 10:38:40 AM [32m    LOG[39m [38;5;3m[RouterExplorer] [39m[32mMapped {/api/v1/notifications/unread-count, GET} route[39m[38;5;3m +0ms[39m
[32m[Nest] 34044  - [39m02/23/2026, 10:38:40 AM [32m    LOG[39m [38;5;3m[RouterExplorer] [39m[32mMapped {/api/v1/notifications, GET} route[39m[38;5;3m +0ms[39m
[32m[Nest] 34044  - [39m02/23/2026, 10:38:40 AM [32m    LOG[39m [38;5;3m[RouterExplorer] [39m[32mMapped {/api/v1/notifications/read-all, PATCH} route[39m[38;5;3m +1ms[39m
[32m[Nest] 34044  - [39m02/23/2026, 10:38:40 AM [32m    LOG[39m [38;5;3m[RouterExplorer] [39m[32mMapped {/api/v1/notifications/:id/read, PATCH} route[39m[38;5;3m +0ms[39m
[32m[Nest] 34044  - [39m02/23/2026, 10:38:40 AM [32m    LOG[39m [38;5;3m[RoutesResolver] [39m[32mPlatformController {/api/v1/platform}:[39m[38;5;3m +0ms[39m
[32m[Nest] 34044  - [39m02/23/2026, 10:38:40 AM [32m    LOG[39m [38;5;3m[RouterExplorer] [39m[32mMapped {/api/v1/platform/companies, POST} route[39m[38;5;3m +0ms[39m
[32m[Nest] 34044  - [39m02/23/2026, 10:38:40 AM [32m    LOG[39m [38;5;3m[RouterExplorer] [39m[32mMapped {/api/v1/platform/companies, GET} route[39m[38;5;3m +0ms[39m
[32m[Nest] 34044  - [39m02/23/2026, 10:38:40 AM [32m    LOG[39m [38;5;3m[RouterExplorer] [39m[32mMapped {/api/v1/platform/companies/:id, GET} route[39m[38;5;3m +0ms[39m
[32m[Nest] 34044  - [39m02/23/2026, 10:38:40 AM [32m    LOG[39m [38;5;3m[RouterExplorer] [39m[32mMapped {/api/v1/platform/companies/:id/metrics, GET} route[39m[38;5;3m +0ms[39m
[32m[Nest] 34044  - [39m02/23/2026, 10:38:40 AM [32m    LOG[39m [38;5;3m[RouterExplorer] [39m[32mMapped {/api/v1/platform/plans, POST} route[39m[38;5;3m +0ms[39m
[32m[Nest] 34044  - [39m02/23/2026, 10:38:40 AM [32m    LOG[39m [38;5;3m[RouterExplorer] [39m[32mMapped {/api/v1/platform/plans, GET} route[39m[38;5;3m +0ms[39m
[32m[Nest] 34044  - [39m02/23/2026, 10:38:40 AM [32m    LOG[39m [38;5;3m[RouterExplorer] [39m[32mMapped {/api/v1/platform/plans/:id, PATCH} route[39m[38;5;3m +0ms[39m
[32m[Nest] 34044  - [39m02/23/2026, 10:38:40 AM [32m    LOG[39m [38;5;3m[RouterExplorer] [39m[32mMapped {/api/v1/platform/subscriptions/activate, POST} route[39m[38;5;3m +0ms[39m
[32m[Nest] 34044  - [39m02/23/2026, 10:38:40 AM [32m    LOG[39m [38;5;3m[RouterExplorer] [39m[32mMapped {/api/v1/platform/subscriptions/suspend, POST} route[39m[38;5;3m +0ms[39m
[32m[Nest] 34044  - [39m02/23/2026, 10:38:40 AM [32m    LOG[39m [38;5;3m[RouterExplorer] [39m[32mMapped {/api/v1/platform/subscriptions/extend, POST} route[39m[38;5;3m +0ms[39m
[32m[Nest] 34044  - [39m02/23/2026, 10:38:40 AM [32m    LOG[39m [38;5;3m[RoutesResolver] [39m[32mUsersController {/api/v1/users}:[39m[38;5;3m +0ms[39m
[32m[Nest] 34044  - [39m02/23/2026, 10:38:40 AM [32m    LOG[39m [38;5;3m[RouterExplorer] [39m[32mMapped {/api/v1/users/staff, POST} route[39m[38;5;3m +0ms[39m
[32m[Nest] 34044  - [39m02/23/2026, 10:38:40 AM [32m    LOG[39m [38;5;3m[RouterExplorer] [39m[32mMapped {/api/v1/users/stats, GET} route[39m[38;5;3m +0ms[39m
[32m[Nest] 34044  - [39m02/23/2026, 10:38:40 AM [32m    LOG[39m [38;5;3m[RouterExplorer] [39m[32mMapped {/api/v1/users, GET} route[39m[38;5;3m +0ms[39m
[32m[Nest] 34044  - [39m02/23/2026, 10:38:40 AM [32m    LOG[39m [38;5;3m[RouterExplorer] [39m[32mMapped {/api/v1/users/:id, GET} route[39m[38;5;3m +0ms[39m
[32m[Nest] 34044  - [39m02/23/2026, 10:38:40 AM [32m    LOG[39m [38;5;3m[RouterExplorer] [39m[32mMapped {/api/v1/users/:id, PATCH} route[39m[38;5;3m +0ms[39m
[32m[Nest] 34044  - [39m02/23/2026, 10:38:40 AM [32m    LOG[39m [38;5;3m[RouterExplorer] [39m[32mMapped {/api/v1/users/:id/permissions, PATCH} route[39m[38;5;3m +0ms[39m
[32m[Nest] 34044  - [39m02/23/2026, 10:38:40 AM [32m    LOG[39m [38;5;3m[RouterExplorer] [39m[32mMapped {/api/v1/users/:id/disable, PATCH} route[39m[38;5;3m +0ms[39m
[32m[Nest] 34044  - [39m02/23/2026, 10:38:40 AM [32m    LOG[39m [38;5;3m[RouterExplorer] [39m[32mMapped {/api/v1/users/:id/enable, PATCH} route[39m[38;5;3m +0ms[39m
[32m[Nest] 34044  - [39m02/23/2026, 10:38:40 AM [32m    LOG[39m [38;5;3m[RoutesResolver] [39m[32mCustomersController {/api/v1/customers}:[39m[38;5;3m +0ms[39m
[32m[Nest] 34044  - [39m02/23/2026, 10:38:40 AM [32m    LOG[39m [38;5;3m[RouterExplorer] [39m[32mMapped {/api/v1/customers, POST} route[39m[38;5;3m +0ms[39m
[32m[Nest] 34044  - [39m02/23/2026, 10:38:40 AM [32m    LOG[39m [38;5;3m[RouterExplorer] [39m[32mMapped {/api/v1/customers, GET} route[39m[38;5;3m +0ms[39m
[32m[Nest] 34044  - [39m02/23/2026, 10:38:40 AM [32m    LOG[39m [38;5;3m[RouterExplorer] [39m[32mMapped {/api/v1/customers/:id, GET} route[39m[38;5;3m +0ms[39m
[32m[Nest] 34044  - [39m02/23/2026, 10:38:40 AM [32m    LOG[39m [38;5;3m[RouterExplorer] [39m[32mMapped {/api/v1/customers/:id, PATCH} route[39m[38;5;3m +0ms[39m
[32m[Nest] 34044  - [39m02/23/2026, 10:38:40 AM [32m    LOG[39m [38;5;3m[RouterExplorer] [39m[32mMapped {/api/v1/customers/:id, DELETE} route[39m[38;5;3m +0ms[39m
[32m[Nest] 34044  - [39m02/23/2026, 10:38:40 AM [32m    LOG[39m [38;5;3m[RoutesResolver] [39m[32mSuppliersController {/api/v1/suppliers}:[39m[38;5;3m +0ms[39m
[32m[Nest] 34044  - [39m02/23/2026, 10:38:40 AM [32m    LOG[39m [38;5;3m[RouterExplorer] [39m[32mMapped {/api/v1/suppliers, POST} route[39m[38;5;3m +0ms[39m
[32m[Nest] 34044  - [39m02/23/2026, 10:38:40 AM [32m    LOG[39m [38;5;3m[RouterExplorer] [39m[32mMapped {/api/v1/suppliers, GET} route[39m[38;5;3m +0ms[39m
[32m[Nest] 34044  - [39m02/23/2026, 10:38:40 AM [32m    LOG[39m [38;5;3m[RouterExplorer] [39m[32mMapped {/api/v1/suppliers/:id, GET} route[39m[38;5;3m +0ms[39m
[32m[Nest] 34044  - [39m02/23/2026, 10:38:40 AM [32m    LOG[39m [38;5;3m[RouterExplorer] [39m[32mMapped {/api/v1/suppliers/:id, PATCH} route[39m[38;5;3m +0ms[39m
[32m[Nest] 34044  - [39m02/23/2026, 10:38:40 AM [32m    LOG[39m [38;5;3m[RouterExplorer] [39m[32mMapped {/api/v1/suppliers/:id, DELETE} route[39m[38;5;3m +0ms[39m
[32m[Nest] 34044  - [39m02/23/2026, 10:38:40 AM [32m    LOG[39m [38;5;3m[RoutesResolver] [39m[32mEmployeesController {/api/v1/employees}:[39m[38;5;3m +0ms[39m
[32m[Nest] 34044  - [39m02/23/2026, 10:38:40 AM [32m    LOG[39m [38;5;3m[RouterExplorer] [39m[32mMapped {/api/v1/employees, POST} route[39m[38;5;3m +1ms[39m
[32m[Nest] 34044  - [39m02/23/2026, 10:38:40 AM [32m    LOG[39m [38;5;3m[RouterExplorer] [39m[32mMapped {/api/v1/employees, GET} route[39m[38;5;3m +0ms[39m
[32m[Nest] 34044  - [39m02/23/2026, 10:38:40 AM [32m    LOG[39m [38;5;3m[RouterExplorer] [39m[32mMapped {/api/v1/employees/:id, GET} route[39m[38;5;3m +0ms[39m
[32m[Nest] 34044  - [39m02/23/2026, 10:38:40 AM [32m    LOG[39m [38;5;3m[RouterExplorer] [39m[32mMapped {/api/v1/employees/:id, PATCH} route[39m[38;5;3m +0ms[39m
[32m[Nest] 34044  - [39m02/23/2026, 10:38:40 AM [32m    LOG[39m [38;5;3m[RouterExplorer] [39m[32mMapped {/api/v1/employees/:id, DELETE} route[39m[38;5;3m +0ms[39m
[32m[Nest] 34044  - [39m02/23/2026, 10:38:40 AM [32m    LOG[39m [38;5;3m[RoutesResolver] [39m[32mLedgerController {/api/v1/ledger}:[39m[38;5;3m +0ms[39m
[32m[Nest] 34044  - [39m02/23/2026, 10:38:40 AM [32m    LOG[39m [38;5;3m[RouterExplorer] [39m[32mMapped {/api/v1/ledger, POST} route[39m[38;5;3m +0ms[39m
[32m[Nest] 34044  - [39m02/23/2026, 10:38:40 AM [32m    LOG[39m [38;5;3m[RouterExplorer] [39m[32mMapped {/api/v1/ledger/:id, DELETE} route[39m[38;5;3m +0ms[39m
[32m[Nest] 34044  - [39m02/23/2026, 10:38:40 AM [32m    LOG[39m [38;5;3m[RouterExplorer] [39m[32mMapped {/api/v1/ledger/statement, GET} route[39m[38;5;3m +0ms[39m
[32m[Nest] 34044  - [39m02/23/2026, 10:38:40 AM [32m    LOG[39m [38;5;3m[RoutesResolver] [39m[32mDeferredSalesController {/api/v1/deferred-sales}:[39m[38;5;3m +0ms[39m
[32m[Nest] 34044  - [39m02/23/2026, 10:38:40 AM [32m    LOG[39m [38;5;3m[RouterExplorer] [39m[32mMapped {/api/v1/deferred-sales, POST} route[39m[38;5;3m +0ms[39m
[32m[Nest] 34044  - [39m02/23/2026, 10:38:40 AM [32m    LOG[39m [38;5;3m[RouterExplorer] [39m[32mMapped {/api/v1/deferred-sales, GET} route[39m[38;5;3m +0ms[39m
[32m[Nest] 34044  - [39m02/23/2026, 10:38:40 AM [32m    LOG[39m [38;5;3m[RouterExplorer] [39m[32mMapped {/api/v1/deferred-sales/:id, GET} route[39m[38;5;3m +0ms[39m
[32m[Nest] 34044  - [39m02/23/2026, 10:38:40 AM [32m    LOG[39m [38;5;3m[RouterExplorer] [39m[32mMapped {/api/v1/deferred-sales/:id/payments, POST} route[39m[38;5;3m +0ms[39m
[32m[Nest] 34044  - [39m02/23/2026, 10:38:40 AM [32m    LOG[39m [38;5;3m[RouterExplorer] [39m[32mMapped {/api/v1/deferred-sales/:id/cancel, PATCH} route[39m[38;5;3m +0ms[39m
[32m[Nest] 34044  - [39m02/23/2026, 10:38:40 AM [32m    LOG[39m [38;5;3m[RoutesResolver] [39m[32mInstallmentsController {/api/v1/installments}:[39m[38;5;3m +0ms[39m
[32m[Nest] 34044  - [39m02/23/2026, 10:38:40 AM [32m    LOG[39m [38;5;3m[RouterExplorer] [39m[32mMapped {/api/v1/installments/contracts, POST} route[39m[38;5;3m +0ms[39m
[32m[Nest] 34044  - [39m02/23/2026, 10:38:40 AM [32m    LOG[39m [38;5;3m[RouterExplorer] [39m[32mMapped {/api/v1/installments/contracts, GET} route[39m[38;5;3m +0ms[39m
[32m[Nest] 34044  - [39m02/23/2026, 10:38:40 AM [32m    LOG[39m [38;5;3m[RouterExplorer] [39m[32mMapped {/api/v1/installments/schedule, GET} route[39m[38;5;3m +0ms[39m
[32m[Nest] 34044  - [39m02/23/2026, 10:38:40 AM [32m    LOG[39m [38;5;3m[RouterExplorer] [39m[32mMapped {/api/v1/installments/contracts/:id, GET} route[39m[38;5;3m +0ms[39m
[32m[Nest] 34044  - [39m02/23/2026, 10:38:40 AM [32m    LOG[39m [38;5;3m[RouterExplorer] [39m[32mMapped {/api/v1/installments/contracts/:id/payments, POST} route[39m[38;5;3m +0ms[39m
[32m[Nest] 34044  - [39m02/23/2026, 10:38:40 AM [32m    LOG[39m [38;5;3m[RouterExplorer] [39m[32mMapped {/api/v1/installments/contracts/:id/cancel, PATCH} route[39m[38;5;3m +0ms[39m
[32m[Nest] 34044  - [39m02/23/2026, 10:38:40 AM [32m    LOG[39m [38;5;3m[RoutesResolver] [39m[32mReportsController {/api/v1/reports}:[39m[38;5;3m +0ms[39m
[32m[Nest] 34044  - [39m02/23/2026, 10:38:40 AM [32m    LOG[39m [38;5;3m[RouterExplorer] [39m[32mMapped {/api/v1/reports/summary, GET} route[39m[38;5;3m +0ms[39m
[32m[Nest] 34044  - [39m02/23/2026, 10:38:40 AM [32m    LOG[39m [38;5;3m[RouterExplorer] [39m[32mMapped {/api/v1/reports/overdue, GET} route[39m[38;5;3m +0ms[39m
[32m[Nest] 34044  - [39m02/23/2026, 10:38:40 AM [32m    LOG[39m [38;5;3m[RouterExplorer] [39m[32mMapped {/api/v1/reports/collection-schedule, GET} route[39m[38;5;3m +0ms[39m
[32m[Nest] 34044  - [39m02/23/2026, 10:38:40 AM [32m    LOG[39m [38;5;3m[PrismaService] [39m[32m✅ Connected to database[39m
[32m[Nest] 34044  - [39m02/23/2026, 10:38:40 AM [32m    LOG[39m [38;5;3m[PrismaService] [39m[32m✅ Connected to database[39m
[32m[Nest] 34044  - [39m02/23/2026, 10:38:40 AM [32m    LOG[39m [38;5;3m[NestApplication] [39m[32mNest application successfully started[39m[38;5;3m +0ms[39m
2026-02-23 10:38:40  [32MINFO[39M [Bootstrap] [32m🚀 Daftar API running on http://localhost:7000[39m
2026-02-23 10:38:40  [32MINFO[39M [Bootstrap] [32m📚 Swagger docs: http://localhost:7000/api/docs[39m
2026-02-23 10:38:40  [32MINFO[39M [Bootstrap] [32m🔗 API prefix: /api/v1[39m
2026-02-23 10:38:40  [32MINFO[39M [Bootstrap] [32m🌍 Environment: development[39m
[32m[Nest] 34044  - [39m02/23/2026, 10:38:40 AM [32m    LOG[39m [38;5;3m[CacheService] [39m[32m✅ Redis Connected[39m
[32m[Nest] 34044  - [39m02/23/2026, 10:38:40 AM [32m    LOG[39m [38;5;3m[CacheService] [39m[32m✅ Redis Cache Service Initialized[39m
[2J[3J[H[[90m11:41:14 AM[0m] File change detected. Starting incremental compilation...

[[90m11:41:15 AM[0m] Found 0 errors. Watching for file changes.

[2J[3J[H[[90m11:41:15 AM[0m] File change detected. Starting incremental compilation...

[[90m11:41:17 AM[0m] Found 0 errors. Watching for file changes.

[2J[3J[H[[90m11:41:17 AM[0m] File change detected. Starting incremental compilation...

[[90m11:41:18 AM[0m] Found 0 errors. Watching for file changes.

[32m[Nest] 36160  - [39m02/23/2026, 11:41:20 AM [32m    LOG[39m [38;5;3m[NestFactory] [39m[32mStarting Nest application...[39m
[32m[Nest] 36160  - [39m02/23/2026, 11:41:20 AM [32m    LOG[39m [38;5;3m[InstanceLoader] [39m[32mBullModule dependencies initialized[39m[38;5;3m +1ms[39m
[32m[Nest] 36160  - [39m02/23/2026, 11:41:20 AM [32m    LOG[39m [38;5;3m[InstanceLoader] [39m[32mDatabaseModule dependencies initialized[39m[38;5;3m +0ms[39m
[32m[Nest] 36160  - [39m02/23/2026, 11:41:20 AM [32m    LOG[39m [38;5;3m[InstanceLoader] [39m[32mPrismaModule dependencies initialized[39m[38;5;3m +1ms[39m
[32m[Nest] 36160  - [39m02/23/2026, 11:41:20 AM [32m    LOG[39m [38;5;3m[InstanceLoader] [39m[32mLoggerModule dependencies initialized[39m[38;5;3m +0ms[39m
[32m[Nest] 36160  - [39m02/23/2026, 11:41:20 AM [32m    LOG[39m [38;5;3m[InstanceLoader] [39m[32mTranslationModule dependencies initialized[39m[38;5;3m +0ms[39m
[32m[Nest] 36160  - [39m02/23/2026, 11:41:20 AM [32m    LOG[39m [38;5;3m[InstanceLoader] [39m[32mPassportModule dependencies initialized[39m[38;5;3m +0ms[39m
[32m[Nest] 36160  - [39m02/23/2026, 11:41:20 AM [32m    LOG[39m [38;5;3m[InstanceLoader] [39m[32mConfigHostModule dependencies initialized[39m[38;5;3m +0ms[39m
[32m[Nest] 36160  - [39m02/23/2026, 11:41:20 AM [32m    LOG[39m [38;5;3m[InstanceLoader] [39m[32mThrottlerModule dependencies initialized[39m[38;5;3m +0ms[39m
[32m[Nest] 36160  - [39m02/23/2026, 11:41:20 AM [32m    LOG[39m [38;5;3m[InstanceLoader] [39m[32mDiscoveryModule dependencies initialized[39m[38;5;3m +0ms[39m
[33m[Nest] 36160  - [39m02/23/2026, 11:41:20 AM [33m   WARN[39m [38;5;3m[WhatsAppService] [39m[33mTwilio credentials not configured — WhatsApp sending disabled[39m
[32m[Nest] 36160  - [39m02/23/2026, 11:41:20 AM [32m    LOG[39m [38;5;3m[InstanceLoader] [39m[32mGuardsModule dependencies initialized[39m[38;5;3m +1ms[39m
[32m[Nest] 36160  - [39m02/23/2026, 11:41:20 AM [32m    LOG[39m [38;5;3m[InstanceLoader] [39m[32mConfigModule dependencies initialized[39m[38;5;3m +0ms[39m
[32m[Nest] 36160  - [39m02/23/2026, 11:41:20 AM [32m    LOG[39m [38;5;3m[InstanceLoader] [39m[32mConfigModule dependencies initialized[39m[38;5;3m +0ms[39m
[32m[Nest] 36160  - [39m02/23/2026, 11:41:20 AM [32m    LOG[39m [38;5;3m[InstanceLoader] [39m[32mBullModule dependencies initialized[39m[38;5;3m +0ms[39m
[32m[Nest] 36160  - [39m02/23/2026, 11:41:20 AM [32m    LOG[39m [38;5;3m[InstanceLoader] [39m[32mCacheModule dependencies initialized[39m[38;5;3m +0ms[39m
[32m[Nest] 36160  - [39m02/23/2026, 11:41:20 AM [32m    LOG[39m [38;5;3m[InstanceLoader] [39m[32mJwtModule dependencies initialized[39m[38;5;3m +0ms[39m
[32m[Nest] 36160  - [39m02/23/2026, 11:41:20 AM [32m    LOG[39m [38;5;3m[InstanceLoader] [39m[32mBullModule dependencies initialized[39m[38;5;3m +0ms[39m
[32m[Nest] 36160  - [39m02/23/2026, 11:41:20 AM [32m    LOG[39m [38;5;3m[InstanceLoader] [39m[32mAppModule dependencies initialized[39m[38;5;3m +0ms[39m
[32m[Nest] 36160  - [39m02/23/2026, 11:41:20 AM [32m    LOG[39m [38;5;3m[InstanceLoader] [39m[32mPlatformModule dependencies initialized[39m[38;5;3m +0ms[39m
[32m[Nest] 36160  - [39m02/23/2026, 11:41:20 AM [32m    LOG[39m [38;5;3m[InstanceLoader] [39m[32mUsersModule dependencies initialized[39m[38;5;3m +0ms[39m
[32m[Nest] 36160  - [39m02/23/2026, 11:41:20 AM [32m    LOG[39m [38;5;3m[InstanceLoader] [39m[32mCustomersModule dependencies initialized[39m[38;5;3m +0ms[39m
[32m[Nest] 36160  - [39m02/23/2026, 11:41:20 AM [32m    LOG[39m [38;5;3m[InstanceLoader] [39m[32mSuppliersModule dependencies initialized[39m[38;5;3m +0ms[39m
[32m[Nest] 36160  - [39m02/23/2026, 11:41:20 AM [32m    LOG[39m [38;5;3m[InstanceLoader] [39m[32mEmployeesModule dependencies initialized[39m[38;5;3m +0ms[39m
[32m[Nest] 36160  - [39m02/23/2026, 11:41:20 AM [32m    LOG[39m [38;5;3m[InstanceLoader] [39m[32mDeferredSalesModule dependencies initialized[39m[38;5;3m +0ms[39m
[32m[Nest] 36160  - [39m02/23/2026, 11:41:20 AM [32m    LOG[39m [38;5;3m[InstanceLoader] [39m[32mInstallmentsModule dependencies initialized[39m[38;5;3m +0ms[39m
[32m[Nest] 36160  - [39m02/23/2026, 11:41:20 AM [32m    LOG[39m [38;5;3m[InstanceLoader] [39m[32mReportsModule dependencies initialized[39m[38;5;3m +0ms[39m
[32m[Nest] 36160  - [39m02/23/2026, 11:41:20 AM [32m    LOG[39m [38;5;3m[InstanceLoader] [39m[32mNotificationsModule dependencies initialized[39m[38;5;3m +0ms[39m
[32m[Nest] 36160  - [39m02/23/2026, 11:41:20 AM [32m    LOG[39m [38;5;3m[InstanceLoader] [39m[32mLedgerModule dependencies initialized[39m[38;5;3m +0ms[39m
[32m[Nest] 36160  - [39m02/23/2026, 11:41:20 AM [32m    LOG[39m [38;5;3m[InstanceLoader] [39m[32mAuthModule dependencies initialized[39m[38;5;3m +0ms[39m
[32m[Nest] 36160  - [39m02/23/2026, 11:41:20 AM [32m    LOG[39m [38;5;3m[RoutesResolver] [39m[32mAppController {/api/v1}:[39m[38;5;3m +1ms[39m
[32m[Nest] 36160  - [39m02/23/2026, 11:41:20 AM [32m    LOG[39m [38;5;3m[RouterExplorer] [39m[32mMapped {/api/v1/health, GET} route[39m[38;5;3m +0ms[39m
[32m[Nest] 36160  - [39m02/23/2026, 11:41:20 AM [32m    LOG[39m [38;5;3m[RoutesResolver] [39m[32mAuthController {/api/v1/auth}:[39m[38;5;3m +0ms[39m
[32m[Nest] 36160  - [39m02/23/2026, 11:41:20 AM [32m    LOG[39m [38;5;3m[RouterExplorer] [39m[32mMapped {/api/v1/auth/register, POST} route[39m[38;5;3m +0ms[39m
[32m[Nest] 36160  - [39m02/23/2026, 11:41:20 AM [32m    LOG[39m [38;5;3m[RouterExplorer] [39m[32mMapped {/api/v1/auth/login, POST} route[39m[38;5;3m +0ms[39m
[32m[Nest] 36160  - [39m02/23/2026, 11:41:20 AM [32m    LOG[39m [38;5;3m[RouterExplorer] [39m[32mMapped {/api/v1/auth/refresh, POST} route[39m[38;5;3m +0ms[39m
[32m[Nest] 36160  - [39m02/23/2026, 11:41:20 AM [32m    LOG[39m [38;5;3m[RouterExplorer] [39m[32mMapped {/api/v1/auth/logout, POST} route[39m[38;5;3m +0ms[39m
[32m[Nest] 36160  - [39m02/23/2026, 11:41:20 AM [32m    LOG[39m [38;5;3m[RouterExplorer] [39m[32mMapped {/api/v1/auth/logout-all, POST} route[39m[38;5;3m +0ms[39m
[32m[Nest] 36160  - [39m02/23/2026, 11:41:20 AM [32m    LOG[39m [38;5;3m[RouterExplorer] [39m[32mMapped {/api/v1/auth/change-password, POST} route[39m[38;5;3m +0ms[39m
[32m[Nest] 36160  - [39m02/23/2026, 11:41:20 AM [32m    LOG[39m [38;5;3m[RouterExplorer] [39m[32mMapped {/api/v1/auth/me, GET} route[39m[38;5;3m +0ms[39m
[32m[Nest] 36160  - [39m02/23/2026, 11:41:20 AM [32m    LOG[39m [38;5;3m[RouterExplorer] [39m[32mMapped {/api/v1/auth/sessions, GET} route[39m[38;5;3m +0ms[39m
[32m[Nest] 36160  - [39m02/23/2026, 11:41:20 AM [32m    LOG[39m [38;5;3m[RouterExplorer] [39m[32mMapped {/api/v1/auth/forgot-password, POST} route[39m[38;5;3m +0ms[39m
[32m[Nest] 36160  - [39m02/23/2026, 11:41:20 AM [32m    LOG[39m [38;5;3m[RouterExplorer] [39m[32mMapped {/api/v1/auth/reset-password, POST} route[39m[38;5;3m +0ms[39m
[32m[Nest] 36160  - [39m02/23/2026, 11:41:20 AM [32m    LOG[39m [38;5;3m[RoutesResolver] [39m[32mNotificationsController {/api/v1/notifications}:[39m[38;5;3m +0ms[39m
[32m[Nest] 36160  - [39m02/23/2026, 11:41:20 AM [32m    LOG[39m [38;5;3m[RouterExplorer] [39m[32mMapped {/api/v1/notifications/device-token, POST} route[39m[38;5;3m +0ms[39m
[32m[Nest] 36160  - [39m02/23/2026, 11:41:20 AM [32m    LOG[39m [38;5;3m[RouterExplorer] [39m[32mMapped {/api/v1/notifications/device-token/:token, DELETE} route[39m[38;5;3m +0ms[39m
[32m[Nest] 36160  - [39m02/23/2026, 11:41:20 AM [32m    LOG[39m [38;5;3m[RouterExplorer] [39m[32mMapped {/api/v1/notifications/unread-count, GET} route[39m[38;5;3m +0ms[39m
[32m[Nest] 36160  - [39m02/23/2026, 11:41:20 AM [32m    LOG[39m [38;5;3m[RouterExplorer] [39m[32mMapped {/api/v1/notifications, GET} route[39m[38;5;3m +0ms[39m
[32m[Nest] 36160  - [39m02/23/2026, 11:41:20 AM [32m    LOG[39m [38;5;3m[RouterExplorer] [39m[32mMapped {/api/v1/notifications/read-all, PATCH} route[39m[38;5;3m +0ms[39m
[32m[Nest] 36160  - [39m02/23/2026, 11:41:20 AM [32m    LOG[39m [38;5;3m[RouterExplorer] [39m[32mMapped {/api/v1/notifications/:id/read, PATCH} route[39m[38;5;3m +0ms[39m
[32m[Nest] 36160  - [39m02/23/2026, 11:41:20 AM [32m    LOG[39m [38;5;3m[RoutesResolver] [39m[32mPlatformController {/api/v1/platform}:[39m[38;5;3m +0ms[39m
[32m[Nest] 36160  - [39m02/23/2026, 11:41:20 AM [32m    LOG[39m [38;5;3m[RouterExplorer] [39m[32mMapped {/api/v1/platform/companies, POST} route[39m[38;5;3m +0ms[39m
[32m[Nest] 36160  - [39m02/23/2026, 11:41:20 AM [32m    LOG[39m [38;5;3m[RouterExplorer] [39m[32mMapped {/api/v1/platform/companies, GET} route[39m[38;5;3m +0ms[39m
[32m[Nest] 36160  - [39m02/23/2026, 11:41:20 AM [32m    LOG[39m [38;5;3m[RouterExplorer] [39m[32mMapped {/api/v1/platform/companies/:id, GET} route[39m[38;5;3m +0ms[39m
[32m[Nest] 36160  - [39m02/23/2026, 11:41:20 AM [32m    LOG[39m [38;5;3m[RouterExplorer] [39m[32mMapped {/api/v1/platform/companies/:id/metrics, GET} route[39m[38;5;3m +0ms[39m
[32m[Nest] 36160  - [39m02/23/2026, 11:41:20 AM [32m    LOG[39m [38;5;3m[RouterExplorer] [39m[32mMapped {/api/v1/platform/plans, POST} route[39m[38;5;3m +0ms[39m
[32m[Nest] 36160  - [39m02/23/2026, 11:41:20 AM [32m    LOG[39m [38;5;3m[RouterExplorer] [39m[32mMapped {/api/v1/platform/plans, GET} route[39m[38;5;3m +0ms[39m
[32m[Nest] 36160  - [39m02/23/2026, 11:41:20 AM [32m    LOG[39m [38;5;3m[RouterExplorer] [39m[32mMapped {/api/v1/platform/plans/:id, PATCH} route[39m[38;5;3m +0ms[39m
[32m[Nest] 36160  - [39m02/23/2026, 11:41:20 AM [32m    LOG[39m [38;5;3m[RouterExplorer] [39m[32mMapped {/api/v1/platform/subscriptions/activate, POST} route[39m[38;5;3m +0ms[39m
[32m[Nest] 36160  - [39m02/23/2026, 11:41:20 AM [32m    LOG[39m [38;5;3m[RouterExplorer] [39m[32mMapped {/api/v1/platform/subscriptions/suspend, POST} route[39m[38;5;3m +0ms[39m
[32m[Nest] 36160  - [39m02/23/2026, 11:41:20 AM [32m    LOG[39m [38;5;3m[RouterExplorer] [39m[32mMapped {/api/v1/platform/subscriptions/extend, POST} route[39m[38;5;3m +0ms[39m
[32m[Nest] 36160  - [39m02/23/2026, 11:41:20 AM [32m    LOG[39m [38;5;3m[RoutesResolver] [39m[32mUsersController {/api/v1/users}:[39m[38;5;3m +0ms[39m
[32m[Nest] 36160  - [39m02/23/2026, 11:41:20 AM [32m    LOG[39m [38;5;3m[RouterExplorer] [39m[32mMapped {/api/v1/users/staff, POST} route[39m[38;5;3m +0ms[39m
[32m[Nest] 36160  - [39m02/23/2026, 11:41:20 AM [32m    LOG[39m [38;5;3m[RouterExplorer] [39m[32mMapped {/api/v1/users/stats, GET} route[39m[38;5;3m +0ms[39m
[32m[Nest] 36160  - [39m02/23/2026, 11:41:20 AM [32m    LOG[39m [38;5;3m[RouterExplorer] [39m[32mMapped {/api/v1/users, GET} route[39m[38;5;3m +0ms[39m
[32m[Nest] 36160  - [39m02/23/2026, 11:41:20 AM [32m    LOG[39m [38;5;3m[RouterExplorer] [39m[32mMapped {/api/v1/users/:id, GET} route[39m[38;5;3m +0ms[39m
[32m[Nest] 36160  - [39m02/23/2026, 11:41:20 AM [32m    LOG[39m [38;5;3m[RouterExplorer] [39m[32mMapped {/api/v1/users/:id, PATCH} route[39m[38;5;3m +0ms[39m
[32m[Nest] 36160  - [39m02/23/2026, 11:41:20 AM [32m    LOG[39m [38;5;3m[RouterExplorer] [39m[32mMapped {/api/v1/users/:id/permissions, PATCH} route[39m[38;5;3m +0ms[39m
[32m[Nest] 36160  - [39m02/23/2026, 11:41:20 AM [32m    LOG[39m [38;5;3m[RouterExplorer] [39m[32mMapped {/api/v1/users/:id/disable, PATCH} route[39m[38;5;3m +0ms[39m
[32m[Nest] 36160  - [39m02/23/2026, 11:41:20 AM [32m    LOG[39m [38;5;3m[RouterExplorer] [39m[32mMapped {/api/v1/users/:id/enable, PATCH} route[39m[38;5;3m +0ms[39m
[32m[Nest] 36160  - [39m02/23/2026, 11:41:20 AM [32m    LOG[39m [38;5;3m[RoutesResolver] [39m[32mCustomersController {/api/v1/customers}:[39m[38;5;3m +0ms[39m
[32m[Nest] 36160  - [39m02/23/2026, 11:41:20 AM [32m    LOG[39m [38;5;3m[RouterExplorer] [39m[32mMapped {/api/v1/customers, POST} route[39m[38;5;3m +0ms[39m
[32m[Nest] 36160  - [39m02/23/2026, 11:41:20 AM [32m    LOG[39m [38;5;3m[RouterExplorer] [39m[32mMapped {/api/v1/customers, GET} route[39m[38;5;3m +0ms[39m
[32m[Nest] 36160  - [39m02/23/2026, 11:41:20 AM [32m    LOG[39m [38;5;3m[RouterExplorer] [39m[32mMapped {/api/v1/customers/:id, GET} route[39m[38;5;3m +0ms[39m
[32m[Nest] 36160  - [39m02/23/2026, 11:41:20 AM [32m    LOG[39m [38;5;3m[RouterExplorer] [39m[32mMapped {/api/v1/customers/:id, PATCH} route[39m[38;5;3m +0ms[39m
[32m[Nest] 36160  - [39m02/23/2026, 11:41:20 AM [32m    LOG[39m [38;5;3m[RouterExplorer] [39m[32mMapped {/api/v1/customers/:id, DELETE} route[39m[38;5;3m +0ms[39m
[32m[Nest] 36160  - [39m02/23/2026, 11:41:20 AM [32m    LOG[39m [38;5;3m[RoutesResolver] [39m[32mSuppliersController {/api/v1/suppliers}:[39m[38;5;3m +0ms[39m
[32m[Nest] 36160  - [39m02/23/2026, 11:41:20 AM [32m    LOG[39m [38;5;3m[RouterExplorer] [39m[32mMapped {/api/v1/suppliers, POST} route[39m[38;5;3m +0ms[39m
[32m[Nest] 36160  - [39m02/23/2026, 11:41:20 AM [32m    LOG[39m [38;5;3m[RouterExplorer] [39m[32mMapped {/api/v1/suppliers, GET} route[39m[38;5;3m +1ms[39m
[32m[Nest] 36160  - [39m02/23/2026, 11:41:20 AM [32m    LOG[39m [38;5;3m[RouterExplorer] [39m[32mMapped {/api/v1/suppliers/:id, GET} route[39m[38;5;3m +0ms[39m
[32m[Nest] 36160  - [39m02/23/2026, 11:41:20 AM [32m    LOG[39m [38;5;3m[RouterExplorer] [39m[32mMapped {/api/v1/suppliers/:id, PATCH} route[39m[38;5;3m +0ms[39m
[32m[Nest] 36160  - [39m02/23/2026, 11:41:20 AM [32m    LOG[39m [38;5;3m[RouterExplorer] [39m[32mMapped {/api/v1/suppliers/:id, DELETE} route[39m[38;5;3m +0ms[39m
[32m[Nest] 36160  - [39m02/23/2026, 11:41:20 AM [32m    LOG[39m [38;5;3m[RoutesResolver] [39m[32mEmployeesController {/api/v1/employees}:[39m[38;5;3m +0ms[39m
[32m[Nest] 36160  - [39m02/23/2026, 11:41:20 AM [32m    LOG[39m [38;5;3m[RouterExplorer] [39m[32mMapped {/api/v1/employees, POST} route[39m[38;5;3m +0ms[39m
[32m[Nest] 36160  - [39m02/23/2026, 11:41:20 AM [32m    LOG[39m [38;5;3m[RouterExplorer] [39m[32mMapped {/api/v1/employees, GET} route[39m[38;5;3m +0ms[39m
[32m[Nest] 36160  - [39m02/23/2026, 11:41:20 AM [32m    LOG[39m [38;5;3m[RouterExplorer] [39m[32mMapped {/api/v1/employees/:id, GET} route[39m[38;5;3m +0ms[39m
[32m[Nest] 36160  - [39m02/23/2026, 11:41:20 AM [32m    LOG[39m [38;5;3m[RouterExplorer] [39m[32mMapped {/api/v1/employees/:id, PATCH} route[39m[38;5;3m +0ms[39m
[32m[Nest] 36160  - [39m02/23/2026, 11:41:20 AM [32m    LOG[39m [38;5;3m[RouterExplorer] [39m[32mMapped {/api/v1/employees/:id, DELETE} route[39m[38;5;3m +0ms[39m
[32m[Nest] 36160  - [39m02/23/2026, 11:41:20 AM [32m    LOG[39m [38;5;3m[RoutesResolver] [39m[32mLedgerController {/api/v1/ledger}:[39m[38;5;3m +0ms[39m
[32m[Nest] 36160  - [39m02/23/2026, 11:41:20 AM [32m    LOG[39m [38;5;3m[RouterExplorer] [39m[32mMapped {/api/v1/ledger, POST} route[39m[38;5;3m +0ms[39m
[32m[Nest] 36160  - [39m02/23/2026, 11:41:20 AM [32m    LOG[39m [38;5;3m[RouterExplorer] [39m[32mMapped {/api/v1/ledger/:id, DELETE} route[39m[38;5;3m +0ms[39m
[32m[Nest] 36160  - [39m02/23/2026, 11:41:20 AM [32m    LOG[39m [38;5;3m[RouterExplorer] [39m[32mMapped {/api/v1/ledger/statement, GET} route[39m[38;5;3m +0ms[39m
[32m[Nest] 36160  - [39m02/23/2026, 11:41:20 AM [32m    LOG[39m [38;5;3m[RoutesResolver] [39m[32mDeferredSalesController {/api/v1/deferred-sales}:[39m[38;5;3m +0ms[39m
[32m[Nest] 36160  - [39m02/23/2026, 11:41:20 AM [32m    LOG[39m [38;5;3m[RouterExplorer] [39m[32mMapped {/api/v1/deferred-sales, POST} route[39m[38;5;3m +0ms[39m
[32m[Nest] 36160  - [39m02/23/2026, 11:41:20 AM [32m    LOG[39m [38;5;3m[RouterExplorer] [39m[32mMapped {/api/v1/deferred-sales, GET} route[39m[38;5;3m +0ms[39m
[32m[Nest] 36160  - [39m02/23/2026, 11:41:20 AM [32m    LOG[39m [38;5;3m[RouterExplorer] [39m[32mMapped {/api/v1/deferred-sales/:id, GET} route[39m[38;5;3m +0ms[39m
[32m[Nest] 36160  - [39m02/23/2026, 11:41:20 AM [32m    LOG[39m [38;5;3m[RouterExplorer] [39m[32mMapped {/api/v1/deferred-sales/:id/payments, POST} route[39m[38;5;3m +0ms[39m
[32m[Nest] 36160  - [39m02/23/2026, 11:41:20 AM [32m    LOG[39m [38;5;3m[RouterExplorer] [39m[32mMapped {/api/v1/deferred-sales/:id/cancel, PATCH} route[39m[38;5;3m +0ms[39m
[32m[Nest] 36160  - [39m02/23/2026, 11:41:20 AM [32m    LOG[39m [38;5;3m[RoutesResolver] [39m[32mInstallmentsController {/api/v1/installments}:[39m[38;5;3m +0ms[39m
[32m[Nest] 36160  - [39m02/23/2026, 11:41:20 AM [32m    LOG[39m [38;5;3m[RouterExplorer] [39m[32mMapped {/api/v1/installments/contracts, POST} route[39m[38;5;3m +0ms[39m
[32m[Nest] 36160  - [39m02/23/2026, 11:41:20 AM [32m    LOG[39m [38;5;3m[RouterExplorer] [39m[32mMapped {/api/v1/installments/contracts, GET} route[39m[38;5;3m +0ms[39m
[32m[Nest] 36160  - [39m02/23/2026, 11:41:20 AM [32m    LOG[39m [38;5;3m[RouterExplorer] [39m[32mMapped {/api/v1/installments/schedule, GET} route[39m[38;5;3m +0ms[39m
[32m[Nest] 36160  - [39m02/23/2026, 11:41:20 AM [32m    LOG[39m [38;5;3m[RouterExplorer] [39m[32mMapped {/api/v1/installments/contracts/:id, GET} route[39m[38;5;3m +0ms[39m
[32m[Nest] 36160  - [39m02/23/2026, 11:41:20 AM [32m    LOG[39m [38;5;3m[RouterExplorer] [39m[32mMapped {/api/v1/installments/contracts/:id/payments, POST} route[39m[38;5;3m +0ms[39m
[32m[Nest] 36160  - [39m02/23/2026, 11:41:20 AM [32m    LOG[39m [38;5;3m[RouterExplorer] [39m[32mMapped {/api/v1/installments/contracts/:id/cancel, PATCH} route[39m[38;5;3m +0ms[39m
[32m[Nest] 36160  - [39m02/23/2026, 11:41:20 AM [32m    LOG[39m [38;5;3m[RoutesResolver] [39m[32mReportsController {/api/v1/reports}:[39m[38;5;3m +0ms[39m
[32m[Nest] 36160  - [39m02/23/2026, 11:41:20 AM [32m    LOG[39m [38;5;3m[RouterExplorer] [39m[32mMapped {/api/v1/reports/summary, GET} route[39m[38;5;3m +0ms[39m
[32m[Nest] 36160  - [39m02/23/2026, 11:41:20 AM [32m    LOG[39m [38;5;3m[RouterExplorer] [39m[32mMapped {/api/v1/reports/overdue, GET} route[39m[38;5;3m +0ms[39m
[32m[Nest] 36160  - [39m02/23/2026, 11:41:20 AM [32m    LOG[39m [38;5;3m[RouterExplorer] [39m[32mMapped {/api/v1/reports/collection-schedule, GET} route[39m[38;5;3m +0ms[39m
[32m[Nest] 36160  - [39m02/23/2026, 11:41:20 AM [32m    LOG[39m [38;5;3m[PrismaService] [39m[32m✅ Connected to database[39m
[32m[Nest] 36160  - [39m02/23/2026, 11:41:20 AM [32m    LOG[39m [38;5;3m[PrismaService] [39m[32m✅ Connected to database[39m
[32m[Nest] 36160  - [39m02/23/2026, 11:41:20 AM [32m    LOG[39m [38;5;3m[NestApplication] [39m[32mNest application successfully started[39m[38;5;3m +0ms[39m
2026-02-23 11:41:20  [32MINFO[39M [Bootstrap] [32m🚀 Daftar API running on http://localhost:7000[39m
2026-02-23 11:41:20  [32MINFO[39M [Bootstrap] [32m📚 Swagger docs: http://localhost:7000/api/docs[39m
2026-02-23 11:41:20  [32MINFO[39M [Bootstrap] [32m🔗 API prefix: /api/v1[39m
2026-02-23 11:41:20  [32MINFO[39M [Bootstrap] [32m🌍 Environment: development[39m
[32m[Nest] 36160  - [39m02/23/2026, 11:41:20 AM [32m    LOG[39m [38;5;3m[CacheService] [39m[32m✅ Redis Connected[39m
[32m[Nest] 36160  - [39m02/23/2026, 11:41:20 AM [32m    LOG[39m [38;5;3m[CacheService] [39m[32m✅ Redis Cache Service Initialized[39m
[2J[3J[H[[90m11:41:20 AM[0m] File change detected. Starting incremental compilation...

[[90m11:41:21 AM[0m] Found 0 errors. Watching for file changes.

[32m[Nest] 38604  - [39m02/23/2026, 11:41:23 AM [32m    LOG[39m [38;5;3m[NestFactory] [39m[32mStarting Nest application...[39m
[32m[Nest] 38604  - [39m02/23/2026, 11:41:23 AM [32m    LOG[39m [38;5;3m[InstanceLoader] [39m[32mBullModule dependencies initialized[39m[38;5;3m +1ms[39m
[32m[Nest] 38604  - [39m02/23/2026, 11:41:23 AM [32m    LOG[39m [38;5;3m[InstanceLoader] [39m[32mDatabaseModule dependencies initialized[39m[38;5;3m +1ms[39m
[32m[Nest] 38604  - [39m02/23/2026, 11:41:23 AM [32m    LOG[39m [38;5;3m[InstanceLoader] [39m[32mPrismaModule dependencies initialized[39m[38;5;3m +0ms[39m
[32m[Nest] 38604  - [39m02/23/2026, 11:41:23 AM [32m    LOG[39m [38;5;3m[InstanceLoader] [39m[32mLoggerModule dependencies initialized[39m[38;5;3m +0ms[39m
[32m[Nest] 38604  - [39m02/23/2026, 11:41:23 AM [32m    LOG[39m [38;5;3m[InstanceLoader] [39m[32mTranslationModule dependencies initialized[39m[38;5;3m +0ms[39m
[32m[Nest] 38604  - [39m02/23/2026, 11:41:23 AM [32m    LOG[39m [38;5;3m[InstanceLoader] [39m[32mPassportModule dependencies initialized[39m[38;5;3m +0ms[39m
[32m[Nest] 38604  - [39m02/23/2026, 11:41:23 AM [32m    LOG[39m [38;5;3m[InstanceLoader] [39m[32mConfigHostModule dependencies initialized[39m[38;5;3m +0ms[39m
[32m[Nest] 38604  - [39m02/23/2026, 11:41:23 AM [32m    LOG[39m [38;5;3m[InstanceLoader] [39m[32mThrottlerModule dependencies initialized[39m[38;5;3m +0ms[39m
[32m[Nest] 38604  - [39m02/23/2026, 11:41:23 AM [32m    LOG[39m [38;5;3m[InstanceLoader] [39m[32mDiscoveryModule dependencies initialized[39m[38;5;3m +0ms[39m
[33m[Nest] 38604  - [39m02/23/2026, 11:41:23 AM [33m   WARN[39m [38;5;3m[WhatsAppService] [39m[33mTwilio credentials not configured — WhatsApp sending disabled[39m
[32m[Nest] 38604  - [39m02/23/2026, 11:41:23 AM [32m    LOG[39m [38;5;3m[InstanceLoader] [39m[32mGuardsModule dependencies initialized[39m[38;5;3m +1ms[39m
[32m[Nest] 38604  - [39m02/23/2026, 11:41:23 AM [32m    LOG[39m [38;5;3m[InstanceLoader] [39m[32mConfigModule dependencies initialized[39m[38;5;3m +0ms[39m
[32m[Nest] 38604  - [39m02/23/2026, 11:41:23 AM [32m    LOG[39m [38;5;3m[InstanceLoader] [39m[32mConfigModule dependencies initialized[39m[38;5;3m +0ms[39m
[32m[Nest] 38604  - [39m02/23/2026, 11:41:23 AM [32m    LOG[39m [38;5;3m[InstanceLoader] [39m[32mBullModule dependencies initialized[39m[38;5;3m +0ms[39m
[32m[Nest] 38604  - [39m02/23/2026, 11:41:23 AM [32m    LOG[39m [38;5;3m[InstanceLoader] [39m[32mCacheModule dependencies initialized[39m[38;5;3m +0ms[39m
[32m[Nest] 38604  - [39m02/23/2026, 11:41:23 AM [32m    LOG[39m [38;5;3m[InstanceLoader] [39m[32mJwtModule dependencies initialized[39m[38;5;3m +0ms[39m
[32m[Nest] 38604  - [39m02/23/2026, 11:41:23 AM [32m    LOG[39m [38;5;3m[InstanceLoader] [39m[32mBullModule dependencies initialized[39m[38;5;3m +0ms[39m
[32m[Nest] 38604  - [39m02/23/2026, 11:41:23 AM [32m    LOG[39m [38;5;3m[InstanceLoader] [39m[32mAppModule dependencies initialized[39m[38;5;3m +0ms[39m
[32m[Nest] 38604  - [39m02/23/2026, 11:41:23 AM [32m    LOG[39m [38;5;3m[InstanceLoader] [39m[32mPlatformModule dependencies initialized[39m[38;5;3m +0ms[39m
[32m[Nest] 38604  - [39m02/23/2026, 11:41:23 AM [32m    LOG[39m [38;5;3m[InstanceLoader] [39m[32mUsersModule dependencies initialized[39m[38;5;3m +0ms[39m
[32m[Nest] 38604  - [39m02/23/2026, 11:41:23 AM [32m    LOG[39m [38;5;3m[InstanceLoader] [39m[32mCustomersModule dependencies initialized[39m[38;5;3m +0ms[39m
[32m[Nest] 38604  - [39m02/23/2026, 11:41:23 AM [32m    LOG[39m [38;5;3m[InstanceLoader] [39m[32mSuppliersModule dependencies initialized[39m[38;5;3m +0ms[39m
[32m[Nest] 38604  - [39m02/23/2026, 11:41:23 AM [32m    LOG[39m [38;5;3m[InstanceLoader] [39m[32mEmployeesModule dependencies initialized[39m[38;5;3m +0ms[39m
[32m[Nest] 38604  - [39m02/23/2026, 11:41:23 AM [32m    LOG[39m [38;5;3m[InstanceLoader] [39m[32mDeferredSalesModule dependencies initialized[39m[38;5;3m +0ms[39m
[32m[Nest] 38604  - [39m02/23/2026, 11:41:23 AM [32m    LOG[39m [38;5;3m[InstanceLoader] [39m[32mInstallmentsModule dependencies initialized[39m[38;5;3m +0ms[39m
[32m[Nest] 38604  - [39m02/23/2026, 11:41:23 AM [32m    LOG[39m [38;5;3m[InstanceLoader] [39m[32mReportsModule dependencies initialized[39m[38;5;3m +0ms[39m
[32m[Nest] 38604  - [39m02/23/2026, 11:41:23 AM [32m    LOG[39m [38;5;3m[InstanceLoader] [39m[32mNotificationsModule dependencies initialized[39m[38;5;3m +0ms[39m
[32m[Nest] 38604  - [39m02/23/2026, 11:41:23 AM [32m    LOG[39m [38;5;3m[InstanceLoader] [39m[32mLedgerModule dependencies initialized[39m[38;5;3m +0ms[39m
[32m[Nest] 38604  - [39m02/23/2026, 11:41:23 AM [32m    LOG[39m [38;5;3m[InstanceLoader] [39m[32mAuthModule dependencies initialized[39m[38;5;3m +0ms[39m
[32m[Nest] 38604  - [39m02/23/2026, 11:41:23 AM [32m    LOG[39m [38;5;3m[RoutesResolver] [39m[32mAppController {/api/v1}:[39m[38;5;3m +0ms[39m
[32m[Nest] 38604  - [39m02/23/2026, 11:41:23 AM [32m    LOG[39m [38;5;3m[RouterExplorer] [39m[32mMapped {/api/v1/health, GET} route[39m[38;5;3m +0ms[39m
[32m[Nest] 38604  - [39m02/23/2026, 11:41:23 AM [32m    LOG[39m [38;5;3m[RoutesResolver] [39m[32mAuthController {/api/v1/auth}:[39m[38;5;3m +0ms[39m
[32m[Nest] 38604  - [39m02/23/2026, 11:41:23 AM [32m    LOG[39m [38;5;3m[RouterExplorer] [39m[32mMapped {/api/v1/auth/register, POST} route[39m[38;5;3m +0ms[39m
[32m[Nest] 38604  - [39m02/23/2026, 11:41:23 AM [32m    LOG[39m [38;5;3m[RouterExplorer] [39m[32mMapped {/api/v1/auth/login, POST} route[39m[38;5;3m +0ms[39m
[32m[Nest] 38604  - [39m02/23/2026, 11:41:23 AM [32m    LOG[39m [38;5;3m[RouterExplorer] [39m[32mMapped {/api/v1/auth/refresh, POST} route[39m[38;5;3m +0ms[39m
[32m[Nest] 38604  - [39m02/23/2026, 11:41:23 AM [32m    LOG[39m [38;5;3m[RouterExplorer] [39m[32mMapped {/api/v1/auth/logout, POST} route[39m[38;5;3m +0ms[39m
[32m[Nest] 38604  - [39m02/23/2026, 11:41:23 AM [32m    LOG[39m [38;5;3m[RouterExplorer] [39m[32mMapped {/api/v1/auth/logout-all, POST} route[39m[38;5;3m +0ms[39m
[32m[Nest] 38604  - [39m02/23/2026, 11:41:23 AM [32m    LOG[39m [38;5;3m[RouterExplorer] [39m[32mMapped {/api/v1/auth/change-password, POST} route[39m[38;5;3m +0ms[39m
[32m[Nest] 38604  - [39m02/23/2026, 11:41:23 AM [32m    LOG[39m [38;5;3m[RouterExplorer] [39m[32mMapped {/api/v1/auth/me, GET} route[39m[38;5;3m +1ms[39m
[32m[Nest] 38604  - [39m02/23/2026, 11:41:23 AM [32m    LOG[39m [38;5;3m[RouterExplorer] [39m[32mMapped {/api/v1/auth/sessions, GET} route[39m[38;5;3m +0ms[39m
[32m[Nest] 38604  - [39m02/23/2026, 11:41:23 AM [32m    LOG[39m [38;5;3m[RouterExplorer] [39m[32mMapped {/api/v1/auth/forgot-password, POST} route[39m[38;5;3m +0ms[39m
[32m[Nest] 38604  - [39m02/23/2026, 11:41:23 AM [32m    LOG[39m [38;5;3m[RouterExplorer] [39m[32mMapped {/api/v1/auth/reset-password, POST} route[39m[38;5;3m +0ms[39m
[32m[Nest] 38604  - [39m02/23/2026, 11:41:23 AM [32m    LOG[39m [38;5;3m[RoutesResolver] [39m[32mNotificationsController {/api/v1/notifications}:[39m[38;5;3m +0ms[39m
[32m[Nest] 38604  - [39m02/23/2026, 11:41:23 AM [32m    LOG[39m [38;5;3m[RouterExplorer] [39m[32mMapped {/api/v1/notifications/device-token, POST} route[39m[38;5;3m +0ms[39m
[32m[Nest] 38604  - [39m02/23/2026, 11:41:23 AM [32m    LOG[39m [38;5;3m[RouterExplorer] [39m[32mMapped {/api/v1/notifications/device-token/:token, DELETE} route[39m[38;5;3m +0ms[39m
[32m[Nest] 38604  - [39m02/23/2026, 11:41:23 AM [32m    LOG[39m [38;5;3m[RouterExplorer] [39m[32mMapped {/api/v1/notifications/unread-count, GET} route[39m[38;5;3m +0ms[39m
[32m[Nest] 38604  - [39m02/23/2026, 11:41:23 AM [32m    LOG[39m [38;5;3m[RouterExplorer] [39m[32mMapped {/api/v1/notifications, GET} route[39m[38;5;3m +0ms[39m
[32m[Nest] 38604  - [39m02/23/2026, 11:41:23 AM [32m    LOG[39m [38;5;3m[RouterExplorer] [39m[32mMapped {/api/v1/notifications/read-all, PATCH} route[39m[38;5;3m +0ms[39m
[32m[Nest] 38604  - [39m02/23/2026, 11:41:23 AM [32m    LOG[39m [38;5;3m[RouterExplorer] [39m[32mMapped {/api/v1/notifications/:id/read, PATCH} route[39m[38;5;3m +0ms[39m
[32m[Nest] 38604  - [39m02/23/2026, 11:41:23 AM [32m    LOG[39m [38;5;3m[RoutesResolver] [39m[32mPlatformController {/api/v1/platform}:[39m[38;5;3m +0ms[39m
[32m[Nest] 38604  - [39m02/23/2026, 11:41:23 AM [32m    LOG[39m [38;5;3m[RouterExplorer] [39m[32mMapped {/api/v1/platform/companies, POST} route[39m[38;5;3m +0ms[39m
[32m[Nest] 38604  - [39m02/23/2026, 11:41:23 AM [32m    LOG[39m [38;5;3m[RouterExplorer] [39m[32mMapped {/api/v1/platform/companies, GET} route[39m[38;5;3m +0ms[39m
[32m[Nest] 38604  - [39m02/23/2026, 11:41:23 AM [32m    LOG[39m [38;5;3m[RouterExplorer] [39m[32mMapped {/api/v1/platform/companies/:id, GET} route[39m[38;5;3m +0ms[39m
[32m[Nest] 38604  - [39m02/23/2026, 11:41:23 AM [32m    LOG[39m [38;5;3m[RouterExplorer] [39m[32mMapped {/api/v1/platform/companies/:id/metrics, GET} route[39m[38;5;3m +0ms[39m
[32m[Nest] 38604  - [39m02/23/2026, 11:41:23 AM [32m    LOG[39m [38;5;3m[RouterExplorer] [39m[32mMapped {/api/v1/platform/plans, POST} route[39m[38;5;3m +0ms[39m
[32m[Nest] 38604  - [39m02/23/2026, 11:41:23 AM [32m    LOG[39m [38;5;3m[RouterExplorer] [39m[32mMapped {/api/v1/platform/plans, GET} route[39m[38;5;3m +0ms[39m
[32m[Nest] 38604  - [39m02/23/2026, 11:41:23 AM [32m    LOG[39m [38;5;3m[RouterExplorer] [39m[32mMapped {/api/v1/platform/plans/:id, PATCH} route[39m[38;5;3m +0ms[39m
[32m[Nest] 38604  - [39m02/23/2026, 11:41:23 AM [32m    LOG[39m [38;5;3m[RouterExplorer] [39m[32mMapped {/api/v1/platform/subscriptions/activate, POST} route[39m[38;5;3m +0ms[39m
[32m[Nest] 38604  - [39m02/23/2026, 11:41:23 AM [32m    LOG[39m [38;5;3m[RouterExplorer] [39m[32mMapped {/api/v1/platform/subscriptions/suspend, POST} route[39m[38;5;3m +0ms[39m
[32m[Nest] 38604  - [39m02/23/2026, 11:41:23 AM [32m    LOG[39m [38;5;3m[RouterExplorer] [39m[32mMapped {/api/v1/platform/subscriptions/extend, POST} route[39m[38;5;3m +0ms[39m
[32m[Nest] 38604  - [39m02/23/2026, 11:41:23 AM [32m    LOG[39m [38;5;3m[RoutesResolver] [39m[32mUsersController {/api/v1/users}:[39m[38;5;3m +0ms[39m
[32m[Nest] 38604  - [39m02/23/2026, 11:41:23 AM [32m    LOG[39m [38;5;3m[RouterExplorer] [39m[32mMapped {/api/v1/users/staff, POST} route[39m[38;5;3m +0ms[39m
[32m[Nest] 38604  - [39m02/23/2026, 11:41:23 AM [32m    LOG[39m [38;5;3m[RouterExplorer] [39m[32mMapped {/api/v1/users/stats, GET} route[39m[38;5;3m +0ms[39m
[32m[Nest] 38604  - [39m02/23/2026, 11:41:23 AM [32m    LOG[39m [38;5;3m[RouterExplorer] [39m[32mMapped {/api/v1/users, GET} route[39m[38;5;3m +0ms[39m
[32m[Nest] 38604  - [39m02/23/2026, 11:41:23 AM [32m    LOG[39m [38;5;3m[RouterExplorer] [39m[32mMapped {/api/v1/users/:id, GET} route[39m[38;5;3m +0ms[39m
[32m[Nest] 38604  - [39m02/23/2026, 11:41:23 AM [32m    LOG[39m [38;5;3m[RouterExplorer] [39m[32mMapped {/api/v1/users/:id, PATCH} route[39m[38;5;3m +0ms[39m
[32m[Nest] 38604  - [39m02/23/2026, 11:41:23 AM [32m    LOG[39m [38;5;3m[RouterExplorer] [39m[32mMapped {/api/v1/users/:id/permissions, PATCH} route[39m[38;5;3m +0ms[39m
[32m[Nest] 38604  - [39m02/23/2026, 11:41:23 AM [32m    LOG[39m [38;5;3m[RouterExplorer] [39m[32mMapped {/api/v1/users/:id/disable, PATCH} route[39m[38;5;3m +0ms[39m
[32m[Nest] 38604  - [39m02/23/2026, 11:41:23 AM [32m    LOG[39m [38;5;3m[RouterExplorer] [39m[32mMapped {/api/v1/users/:id/enable, PATCH} route[39m[38;5;3m +0ms[39m
[32m[Nest] 38604  - [39m02/23/2026, 11:41:23 AM [32m    LOG[39m [38;5;3m[RoutesResolver] [39m[32mCustomersController {/api/v1/customers}:[39m[38;5;3m +0ms[39m
[32m[Nest] 38604  - [39m02/23/2026, 11:41:23 AM [32m    LOG[39m [38;5;3m[RouterExplorer] [39m[32mMapped {/api/v1/customers, POST} route[39m[38;5;3m +0ms[39m
[32m[Nest] 38604  - [39m02/23/2026, 11:41:23 AM [32m    LOG[39m [38;5;3m[RouterExplorer] [39m[32mMapped {/api/v1/customers, GET} route[39m[38;5;3m +0ms[39m
[32m[Nest] 38604  - [39m02/23/2026, 11:41:23 AM [32m    LOG[39m [38;5;3m[RouterExplorer] [39m[32mMapped {/api/v1/customers/:id, GET} route[39m[38;5;3m +0ms[39m
[32m[Nest] 38604  - [39m02/23/2026, 11:41:23 AM [32m    LOG[39m [38;5;3m[RouterExplorer] [39m[32mMapped {/api/v1/customers/:id, PATCH} route[39m[38;5;3m +0ms[39m
[32m[Nest] 38604  - [39m02/23/2026, 11:41:23 AM [32m    LOG[39m [38;5;3m[RouterExplorer] [39m[32mMapped {/api/v1/customers/:id, DELETE} route[39m[38;5;3m +0ms[39m
[32m[Nest] 38604  - [39m02/23/2026, 11:41:23 AM [32m    LOG[39m [38;5;3m[RoutesResolver] [39m[32mSuppliersController {/api/v1/suppliers}:[39m[38;5;3m +0ms[39m
[32m[Nest] 38604  - [39m02/23/2026, 11:41:23 AM [32m    LOG[39m [38;5;3m[RouterExplorer] [39m[32mMapped {/api/v1/suppliers, POST} route[39m[38;5;3m +0ms[39m
[32m[Nest] 38604  - [39m02/23/2026, 11:41:23 AM [32m    LOG[39m [38;5;3m[RouterExplorer] [39m[32mMapped {/api/v1/suppliers, GET} route[39m[38;5;3m +0ms[39m
[32m[Nest] 38604  - [39m02/23/2026, 11:41:23 AM [32m    LOG[39m [38;5;3m[RouterExplorer] [39m[32mMapped {/api/v1/suppliers/:id, GET} route[39m[38;5;3m +0ms[39m
[32m[Nest] 38604  - [39m02/23/2026, 11:41:23 AM [32m    LOG[39m [38;5;3m[RouterExplorer] [39m[32mMapped {/api/v1/suppliers/:id, PATCH} route[39m[38;5;3m +1ms[39m
[32m[Nest] 38604  - [39m02/23/2026, 11:41:23 AM [32m    LOG[39m [38;5;3m[RouterExplorer] [39m[32mMapped {/api/v1/suppliers/:id, DELETE} route[39m[38;5;3m +0ms[39m
[32m[Nest] 38604  - [39m02/23/2026, 11:41:23 AM [32m    LOG[39m [38;5;3m[RoutesResolver] [39m[32mEmployeesController {/api/v1/employees}:[39m[38;5;3m +0ms[39m
[32m[Nest] 38604  - [39m02/23/2026, 11:41:23 AM [32m    LOG[39m [38;5;3m[RouterExplorer] [39m[32mMapped {/api/v1/employees, POST} route[39m[38;5;3m +0ms[39m
[32m[Nest] 38604  - [39m02/23/2026, 11:41:23 AM [32m    LOG[39m [38;5;3m[RouterExplorer] [39m[32mMapped {/api/v1/employees, GET} route[39m[38;5;3m +0ms[39m
[32m[Nest] 38604  - [39m02/23/2026, 11:41:23 AM [32m    LOG[39m [38;5;3m[RouterExplorer] [39m[32mMapped {/api/v1/employees/:id, GET} route[39m[38;5;3m +0ms[39m
[32m[Nest] 38604  - [39m02/23/2026, 11:41:23 AM [32m    LOG[39m [38;5;3m[RouterExplorer] [39m[32mMapped {/api/v1/employees/:id, PATCH} route[39m[38;5;3m +0ms[39m
[32m[Nest] 38604  - [39m02/23/2026, 11:41:23 AM [32m    LOG[39m [38;5;3m[RouterExplorer] [39m[32mMapped {/api/v1/employees/:id, DELETE} route[39m[38;5;3m +0ms[39m
[32m[Nest] 38604  - [39m02/23/2026, 11:41:23 AM [32m    LOG[39m [38;5;3m[RoutesResolver] [39m[32mLedgerController {/api/v1/ledger}:[39m[38;5;3m +0ms[39m
[32m[Nest] 38604  - [39m02/23/2026, 11:41:23 AM [32m    LOG[39m [38;5;3m[RouterExplorer] [39m[32mMapped {/api/v1/ledger, POST} route[39m[38;5;3m +0ms[39m
[32m[Nest] 38604  - [39m02/23/2026, 11:41:23 AM [32m    LOG[39m [38;5;3m[RouterExplorer] [39m[32mMapped {/api/v1/ledger/:id, DELETE} route[39m[38;5;3m +0ms[39m
[32m[Nest] 38604  - [39m02/23/2026, 11:41:23 AM [32m    LOG[39m [38;5;3m[RouterExplorer] [39m[32mMapped {/api/v1/ledger/statement, GET} route[39m[38;5;3m +0ms[39m
[32m[Nest] 38604  - [39m02/23/2026, 11:41:23 AM [32m    LOG[39m [38;5;3m[RoutesResolver] [39m[32mDeferredSalesController {/api/v1/deferred-sales}:[39m[38;5;3m +0ms[39m
[32m[Nest] 38604  - [39m02/23/2026, 11:41:23 AM [32m    LOG[39m [38;5;3m[RouterExplorer] [39m[32mMapped {/api/v1/deferred-sales, POST} route[39m[38;5;3m +0ms[39m
[32m[Nest] 38604  - [39m02/23/2026, 11:41:23 AM [32m    LOG[39m [38;5;3m[RouterExplorer] [39m[32mMapped {/api/v1/deferred-sales, GET} route[39m[38;5;3m +0ms[39m
[32m[Nest] 38604  - [39m02/23/2026, 11:41:23 AM [32m    LOG[39m [38;5;3m[RouterExplorer] [39m[32mMapped {/api/v1/deferred-sales/:id, GET} route[39m[38;5;3m +0ms[39m
[32m[Nest] 38604  - [39m02/23/2026, 11:41:23 AM [32m    LOG[39m [38;5;3m[RouterExplorer] [39m[32mMapped {/api/v1/deferred-sales/:id/payments, POST} route[39m[38;5;3m +0ms[39m
[32m[Nest] 38604  - [39m02/23/2026, 11:41:23 AM [32m    LOG[39m [38;5;3m[RouterExplorer] [39m[32mMapped {/api/v1/deferred-sales/:id/cancel, PATCH} route[39m[38;5;3m +0ms[39m
[32m[Nest] 38604  - [39m02/23/2026, 11:41:23 AM [32m    LOG[39m [38;5;3m[RoutesResolver] [39m[32mInstallmentsController {/api/v1/installments}:[39m[38;5;3m +0ms[39m
[32m[Nest] 38604  - [39m02/23/2026, 11:41:23 AM [32m    LOG[39m [38;5;3m[RouterExplorer] [39m[32mMapped {/api/v1/installments/contracts, POST} route[39m[38;5;3m +0ms[39m
[32m[Nest] 38604  - [39m02/23/2026, 11:41:23 AM [32m    LOG[39m [38;5;3m[RouterExplorer] [39m[32mMapped {/api/v1/installments/contracts, GET} route[39m[38;5;3m +0ms[39m
[32m[Nest] 38604  - [39m02/23/2026, 11:41:23 AM [32m    LOG[39m [38;5;3m[RouterExplorer] [39m[32mMapped {/api/v1/installments/schedule, GET} route[39m[38;5;3m +0ms[39m
[32m[Nest] 38604  - [39m02/23/2026, 11:41:23 AM [32m    LOG[39m [38;5;3m[RouterExplorer] [39m[32mMapped {/api/v1/installments/contracts/:id, GET} route[39m[38;5;3m +0ms[39m
[32m[Nest] 38604  - [39m02/23/2026, 11:41:23 AM [32m    LOG[39m [38;5;3m[RouterExplorer] [39m[32mMapped {/api/v1/installments/contracts/:id/payments, POST} route[39m[38;5;3m +0ms[39m
[32m[Nest] 38604  - [39m02/23/2026, 11:41:23 AM [32m    LOG[39m [38;5;3m[RouterExplorer] [39m[32mMapped {/api/v1/installments/contracts/:id/cancel, PATCH} route[39m[38;5;3m +0ms[39m
[32m[Nest] 38604  - [39m02/23/2026, 11:41:23 AM [32m    LOG[39m [38;5;3m[RoutesResolver] [39m[32mReportsController {/api/v1/reports}:[39m[38;5;3m +0ms[39m
[32m[Nest] 38604  - [39m02/23/2026, 11:41:23 AM [32m    LOG[39m [38;5;3m[RouterExplorer] [39m[32mMapped {/api/v1/reports/summary, GET} route[39m[38;5;3m +0ms[39m
[32m[Nest] 38604  - [39m02/23/2026, 11:41:23 AM [32m    LOG[39m [38;5;3m[RouterExplorer] [39m[32mMapped {/api/v1/reports/overdue, GET} route[39m[38;5;3m +0ms[39m
[32m[Nest] 38604  - [39m02/23/2026, 11:41:23 AM [32m    LOG[39m [38;5;3m[RouterExplorer] [39m[32mMapped {/api/v1/reports/collection-schedule, GET} route[39m[38;5;3m +0ms[39m
[32m[Nest] 38604  - [39m02/23/2026, 11:41:23 AM [32m    LOG[39m [38;5;3m[PrismaService] [39m[32m✅ Connected to database[39m
[32m[Nest] 38604  - [39m02/23/2026, 11:41:23 AM [32m    LOG[39m [38;5;3m[PrismaService] [39m[32m✅ Connected to database[39m
[32m[Nest] 38604  - [39m02/23/2026, 11:41:23 AM [32m    LOG[39m [38;5;3m[NestApplication] [39m[32mNest application successfully started[39m[38;5;3m +0ms[39m
2026-02-23 11:41:23  [32MINFO[39M [Bootstrap] [32m🚀 Daftar API running on http://localhost:7000[39m
2026-02-23 11:41:23  [32MINFO[39M [Bootstrap] [32m📚 Swagger docs: http://localhost:7000/api/docs[39m
2026-02-23 11:41:23  [32MINFO[39M [Bootstrap] [32m🔗 API prefix: /api/v1[39m
2026-02-23 11:41:23  [32MINFO[39M [Bootstrap] [32m🌍 Environment: development[39m
[32m[Nest] 38604  - [39m02/23/2026, 11:41:23 AM [32m    LOG[39m [38;5;3m[CacheService] [39m[32m✅ Redis Connected[39m
[32m[Nest] 38604  - [39m02/23/2026, 11:41:23 AM [32m    LOG[39m [38;5;3m[CacheService] [39m[32m✅ Redis Cache Service Initialized[39m
[2J[3J[H[[90m2:40:20 PM[0m] File change detected. Starting incremental compilation...

[[90m2:40:21 PM[0m] Found 0 errors. Watching for file changes.

[2J[3J[H[[90m2:40:22 PM[0m] File change detected. Starting incremental compilation...

[[90m2:40:23 PM[0m] Found 0 errors. Watching for file changes.

[2J[3J[H[[90m2:40:24 PM[0m] File change detected. Starting incremental compilation...

[[90m2:40:25 PM[0m] Found 0 errors. Watching for file changes.

[2J[3J[H[[90m2:40:27 PM[0m] File change detected. Starting incremental compilation...

[[90m2:40:28 PM[0m] Found 0 errors. Watching for file changes.

[2J[3J[H[[90m2:40:28 PM[0m] File change detected. Starting incremental compilation...

[[90m2:40:29 PM[0m] Found 0 errors. Watching for file changes.

[2J[3J[H[[90m2:40:32 PM[0m] File change detected. Starting incremental compilation...

[32m[Nest] 46600  - [39m02/23/2026, 2:40:32 PM [32m    LOG[39m [38;5;3m[NestFactory] [39m[32mStarting Nest application...[39m
[32m[Nest] 46600  - [39m02/23/2026, 2:40:32 PM [32m    LOG[39m [38;5;3m[InstanceLoader] [39m[32mBullModule dependencies initialized[39m[38;5;3m +1ms[39m
[32m[Nest] 46600  - [39m02/23/2026, 2:40:32 PM [32m    LOG[39m [38;5;3m[InstanceLoader] [39m[32mDatabaseModule dependencies initialized[39m[38;5;3m +0ms[39m
[32m[Nest] 46600  - [39m02/23/2026, 2:40:32 PM [32m    LOG[39m [38;5;3m[InstanceLoader] [39m[32mPrismaModule dependencies initialized[39m[38;5;3m +0ms[39m
[32m[Nest] 46600  - [39m02/23/2026, 2:40:32 PM [32m    LOG[39m [38;5;3m[InstanceLoader] [39m[32mLoggerModule dependencies initialized[39m[38;5;3m +0ms[39m
[32m[Nest] 46600  - [39m02/23/2026, 2:40:32 PM [32m    LOG[39m [38;5;3m[InstanceLoader] [39m[32mTranslationModule dependencies initialized[39m[38;5;3m +1ms[39m
[32m[Nest] 46600  - [39m02/23/2026, 2:40:32 PM [32m    LOG[39m [38;5;3m[InstanceLoader] [39m[32mPassportModule dependencies initialized[39m[38;5;3m +0ms[39m
[32m[Nest] 46600  - [39m02/23/2026, 2:40:32 PM [32m    LOG[39m [38;5;3m[InstanceLoader] [39m[32mConfigHostModule dependencies initialized[39m[38;5;3m +0ms[39m
[32m[Nest] 46600  - [39m02/23/2026, 2:40:32 PM [32m    LOG[39m [38;5;3m[InstanceLoader] [39m[32mThrottlerModule dependencies initialized[39m[38;5;3m +0ms[39m
[32m[Nest] 46600  - [39m02/23/2026, 2:40:32 PM [32m    LOG[39m [38;5;3m[InstanceLoader] [39m[32mDiscoveryModule dependencies initialized[39m[38;5;3m +0ms[39m
[33m[Nest] 46600  - [39m02/23/2026, 2:40:32 PM [33m   WARN[39m [38;5;3m[WhatsAppService] [39m[33mTwilio credentials not configured — WhatsApp sending disabled[39m
[32m[Nest] 46600  - [39m02/23/2026, 2:40:32 PM [32m    LOG[39m [38;5;3m[InstanceLoader] [39m[32mGuardsModule dependencies initialized[39m[38;5;3m +1ms[39m
[32m[Nest] 46600  - [39m02/23/2026, 2:40:32 PM [32m    LOG[39m [38;5;3m[InstanceLoader] [39m[32mConfigModule dependencies initialized[39m[38;5;3m +0ms[39m
[32m[Nest] 46600  - [39m02/23/2026, 2:40:32 PM [32m    LOG[39m [38;5;3m[InstanceLoader] [39m[32mConfigModule dependencies initialized[39m[38;5;3m +0ms[39m
[32m[Nest] 46600  - [39m02/23/2026, 2:40:32 PM [32m    LOG[39m [38;5;3m[InstanceLoader] [39m[32mBullModule dependencies initialized[39m[38;5;3m +0ms[39m
[32m[Nest] 46600  - [39m02/23/2026, 2:40:32 PM [32m    LOG[39m [38;5;3m[InstanceLoader] [39m[32mCacheModule dependencies initialized[39m[38;5;3m +0ms[39m
[32m[Nest] 46600  - [39m02/23/2026, 2:40:32 PM [32m    LOG[39m [38;5;3m[InstanceLoader] [39m[32mJwtModule dependencies initialized[39m[38;5;3m +0ms[39m
[32m[Nest] 46600  - [39m02/23/2026, 2:40:32 PM [32m    LOG[39m [38;5;3m[InstanceLoader] [39m[32mBullModule dependencies initialized[39m[38;5;3m +0ms[39m
[32m[Nest] 46600  - [39m02/23/2026, 2:40:32 PM [32m    LOG[39m [38;5;3m[InstanceLoader] [39m[32mAppModule dependencies initialized[39m[38;5;3m +0ms[39m
[32m[Nest] 46600  - [39m02/23/2026, 2:40:32 PM [32m    LOG[39m [38;5;3m[InstanceLoader] [39m[32mPlatformModule dependencies initialized[39m[38;5;3m +0ms[39m
[32m[Nest] 46600  - [39m02/23/2026, 2:40:32 PM [32m    LOG[39m [38;5;3m[InstanceLoader] [39m[32mUsersModule dependencies initialized[39m[38;5;3m +0ms[39m
[32m[Nest] 46600  - [39m02/23/2026, 2:40:32 PM [32m    LOG[39m [38;5;3m[InstanceLoader] [39m[32mCustomersModule dependencies initialized[39m[38;5;3m +0ms[39m
[32m[Nest] 46600  - [39m02/23/2026, 2:40:32 PM [32m    LOG[39m [38;5;3m[InstanceLoader] [39m[32mSuppliersModule dependencies initialized[39m[38;5;3m +0ms[39m
[32m[Nest] 46600  - [39m02/23/2026, 2:40:32 PM [32m    LOG[39m [38;5;3m[InstanceLoader] [39m[32mEmployeesModule dependencies initialized[39m[38;5;3m +0ms[39m
[32m[Nest] 46600  - [39m02/23/2026, 2:40:32 PM [32m    LOG[39m [38;5;3m[InstanceLoader] [39m[32mDeferredSalesModule dependencies initialized[39m[38;5;3m +0ms[39m
[32m[Nest] 46600  - [39m02/23/2026, 2:40:32 PM [32m    LOG[39m [38;5;3m[InstanceLoader] [39m[32mInstallmentsModule dependencies initialized[39m[38;5;3m +0ms[39m
[32m[Nest] 46600  - [39m02/23/2026, 2:40:32 PM [32m    LOG[39m [38;5;3m[InstanceLoader] [39m[32mReportsModule dependencies initialized[39m[38;5;3m +0ms[39m
[32m[Nest] 46600  - [39m02/23/2026, 2:40:32 PM [32m    LOG[39m [38;5;3m[InstanceLoader] [39m[32mNotificationsModule dependencies initialized[39m[38;5;3m +0ms[39m
[32m[Nest] 46600  - [39m02/23/2026, 2:40:32 PM [32m    LOG[39m [38;5;3m[InstanceLoader] [39m[32mLedgerModule dependencies initialized[39m[38;5;3m +0ms[39m
[32m[Nest] 46600  - [39m02/23/2026, 2:40:32 PM [32m    LOG[39m [38;5;3m[InstanceLoader] [39m[32mAuthModule dependencies initialized[39m[38;5;3m +1ms[39m
[32m[Nest] 46600  - [39m02/23/2026, 2:40:32 PM [32m    LOG[39m [38;5;3m[RoutesResolver] [39m[32mAppController {/api/v1}:[39m[38;5;3m +0ms[39m
[32m[Nest] 46600  - [39m02/23/2026, 2:40:32 PM [32m    LOG[39m [38;5;3m[RouterExplorer] [39m[32mMapped {/api/v1/health, GET} route[39m[38;5;3m +0ms[39m
[32m[Nest] 46600  - [39m02/23/2026, 2:40:32 PM [32m    LOG[39m [38;5;3m[RoutesResolver] [39m[32mAuthController {/api/v1/auth}:[39m[38;5;3m +0ms[39m
[32m[Nest] 46600  - [39m02/23/2026, 2:40:32 PM [32m    LOG[39m [38;5;3m[RouterExplorer] [39m[32mMapped {/api/v1/auth/register, POST} route[39m[38;5;3m +0ms[39m
[32m[Nest] 46600  - [39m02/23/2026, 2:40:32 PM [32m    LOG[39m [38;5;3m[RouterExplorer] [39m[32mMapped {/api/v1/auth/login, POST} route[39m[38;5;3m +0ms[39m
[32m[Nest] 46600  - [39m02/23/2026, 2:40:32 PM [32m    LOG[39m [38;5;3m[RouterExplorer] [39m[32mMapped {/api/v1/auth/refresh, POST} route[39m[38;5;3m +0ms[39m
[32m[Nest] 46600  - [39m02/23/2026, 2:40:32 PM [32m    LOG[39m [38;5;3m[RouterExplorer] [39m[32mMapped {/api/v1/auth/logout, POST} route[39m[38;5;3m +0ms[39m
[32m[Nest] 46600  - [39m02/23/2026, 2:40:32 PM [32m    LOG[39m [38;5;3m[RouterExplorer] [39m[32mMapped {/api/v1/auth/logout-all, POST} route[39m[38;5;3m +0ms[39m
[32m[Nest] 46600  - [39m02/23/2026, 2:40:32 PM [32m    LOG[39m [38;5;3m[RouterExplorer] [39m[32mMapped {/api/v1/auth/change-password, POST} route[39m[38;5;3m +0ms[39m
[32m[Nest] 46600  - [39m02/23/2026, 2:40:32 PM [32m    LOG[39m [38;5;3m[RouterExplorer] [39m[32mMapped {/api/v1/auth/me, GET} route[39m[38;5;3m +0ms[39m
[32m[Nest] 46600  - [39m02/23/2026, 2:40:32 PM [32m    LOG[39m [38;5;3m[RouterExplorer] [39m[32mMapped {/api/v1/auth/sessions, GET} route[39m[38;5;3m +1ms[39m
[32m[Nest] 46600  - [39m02/23/2026, 2:40:32 PM [32m    LOG[39m [38;5;3m[RouterExplorer] [39m[32mMapped {/api/v1/auth/forgot-password, POST} route[39m[38;5;3m +0ms[39m
[32m[Nest] 46600  - [39m02/23/2026, 2:40:32 PM [32m    LOG[39m [38;5;3m[RouterExplorer] [39m[32mMapped {/api/v1/auth/reset-password, POST} route[39m[38;5;3m +0ms[39m
[32m[Nest] 46600  - [39m02/23/2026, 2:40:32 PM [32m    LOG[39m [38;5;3m[RoutesResolver] [39m[32mNotificationsController {/api/v1/notifications}:[39m[38;5;3m +0ms[39m
[32m[Nest] 46600  - [39m02/23/2026, 2:40:32 PM [32m    LOG[39m [38;5;3m[RouterExplorer] [39m[32mMapped {/api/v1/notifications/device-token, POST} route[39m[38;5;3m +0ms[39m
[32m[Nest] 46600  - [39m02/23/2026, 2:40:32 PM [32m    LOG[39m [38;5;3m[RouterExplorer] [39m[32mMapped {/api/v1/notifications/device-token/:token, DELETE} route[39m[38;5;3m +0ms[39m
[32m[Nest] 46600  - [39m02/23/2026, 2:40:32 PM [32m    LOG[39m [38;5;3m[RouterExplorer] [39m[32mMapped {/api/v1/notifications/unread-count, GET} route[39m[38;5;3m +0ms[39m
[32m[Nest] 46600  - [39m02/23/2026, 2:40:32 PM [32m    LOG[39m [38;5;3m[RouterExplorer] [39m[32mMapped {/api/v1/notifications, GET} route[39m[38;5;3m +0ms[39m
[32m[Nest] 46600  - [39m02/23/2026, 2:40:32 PM [32m    LOG[39m [38;5;3m[RouterExplorer] [39m[32mMapped {/api/v1/notifications/read-all, PATCH} route[39m[38;5;3m +0ms[39m
[32m[Nest] 46600  - [39m02/23/2026, 2:40:32 PM [32m    LOG[39m [38;5;3m[RouterExplorer] [39m[32mMapped {/api/v1/notifications/:id/read, PATCH} route[39m[38;5;3m +0ms[39m
[32m[Nest] 46600  - [39m02/23/2026, 2:40:32 PM [32m    LOG[39m [38;5;3m[RoutesResolver] [39m[32mPlatformController {/api/v1/platform}:[39m[38;5;3m +0ms[39m
[32m[Nest] 46600  - [39m02/23/2026, 2:40:32 PM [32m    LOG[39m [38;5;3m[RouterExplorer] [39m[32mMapped {/api/v1/platform/companies, POST} route[39m[38;5;3m +0ms[39m
[32m[Nest] 46600  - [39m02/23/2026, 2:40:32 PM [32m    LOG[39m [38;5;3m[RouterExplorer] [39m[32mMapped {/api/v1/platform/companies, GET} route[39m[38;5;3m +0ms[39m
[32m[Nest] 46600  - [39m02/23/2026, 2:40:32 PM [32m    LOG[39m [38;5;3m[RouterExplorer] [39m[32mMapped {/api/v1/platform/companies/:id, GET} route[39m[38;5;3m +0ms[39m
[32m[Nest] 46600  - [39m02/23/2026, 2:40:32 PM [32m    LOG[39m [38;5;3m[RouterExplorer] [39m[32mMapped {/api/v1/platform/companies/:id/metrics, GET} route[39m[38;5;3m +0ms[39m
[32m[Nest] 46600  - [39m02/23/2026, 2:40:32 PM [32m    LOG[39m [38;5;3m[RouterExplorer] [39m[32mMapped {/api/v1/platform/plans, POST} route[39m[38;5;3m +0ms[39m
[32m[Nest] 46600  - [39m02/23/2026, 2:40:32 PM [32m    LOG[39m [38;5;3m[RouterExplorer] [39m[32mMapped {/api/v1/platform/plans, GET} route[39m[38;5;3m +0ms[39m
[32m[Nest] 46600  - [39m02/23/2026, 2:40:32 PM [32m    LOG[39m [38;5;3m[RouterExplorer] [39m[32mMapped {/api/v1/platform/plans/:id, PATCH} route[39m[38;5;3m +0ms[39m
[32m[Nest] 46600  - [39m02/23/2026, 2:40:32 PM [32m    LOG[39m [38;5;3m[RouterExplorer] [39m[32mMapped {/api/v1/platform/subscriptions/activate, POST} route[39m[38;5;3m +0ms[39m
[32m[Nest] 46600  - [39m02/23/2026, 2:40:32 PM [32m    LOG[39m [38;5;3m[RouterExplorer] [39m[32mMapped {/api/v1/platform/subscriptions/suspend, POST} route[39m[38;5;3m +0ms[39m
[32m[Nest] 46600  - [39m02/23/2026, 2:40:32 PM [32m    LOG[39m [38;5;3m[RouterExplorer] [39m[32mMapped {/api/v1/platform/subscriptions/extend, POST} route[39m[38;5;3m +0ms[39m
[32m[Nest] 46600  - [39m02/23/2026, 2:40:32 PM [32m    LOG[39m [38;5;3m[RoutesResolver] [39m[32mUsersController {/api/v1/users}:[39m[38;5;3m +0ms[39m
[32m[Nest] 46600  - [39m02/23/2026, 2:40:32 PM [32m    LOG[39m [38;5;3m[RouterExplorer] [39m[32mMapped {/api/v1/users/staff, POST} route[39m[38;5;3m +0ms[39m
[32m[Nest] 46600  - [39m02/23/2026, 2:40:32 PM [32m    LOG[39m [38;5;3m[RouterExplorer] [39m[32mMapped {/api/v1/users/stats, GET} route[39m[38;5;3m +0ms[39m
[32m[Nest] 46600  - [39m02/23/2026, 2:40:32 PM [32m    LOG[39m [38;5;3m[RouterExplorer] [39m[32mMapped {/api/v1/users, GET} route[39m[38;5;3m +0ms[39m
[32m[Nest] 46600  - [39m02/23/2026, 2:40:32 PM [32m    LOG[39m [38;5;3m[RouterExplorer] [39m[32mMapped {/api/v1/users/:id, GET} route[39m[38;5;3m +0ms[39m
[32m[Nest] 46600  - [39m02/23/2026, 2:40:32 PM [32m    LOG[39m [38;5;3m[RouterExplorer] [39m[32mMapped {/api/v1/users/:id, PATCH} route[39m[38;5;3m +0ms[39m
[32m[Nest] 46600  - [39m02/23/2026, 2:40:32 PM [32m    LOG[39m [38;5;3m[RouterExplorer] [39m[32mMapped {/api/v1/users/:id/permissions, PATCH} route[39m[38;5;3m +0ms[39m
[32m[Nest] 46600  - [39m02/23/2026, 2:40:32 PM [32m    LOG[39m [38;5;3m[RouterExplorer] [39m[32mMapped {/api/v1/users/:id/disable, PATCH} route[39m[38;5;3m +1ms[39m
[32m[Nest] 46600  - [39m02/23/2026, 2:40:32 PM [32m    LOG[39m [38;5;3m[RouterExplorer] [39m[32mMapped {/api/v1/users/:id/enable, PATCH} route[39m[38;5;3m +0ms[39m
[32m[Nest] 46600  - [39m02/23/2026, 2:40:32 PM [32m    LOG[39m [38;5;3m[RoutesResolver] [39m[32mCustomersController {/api/v1/customers}:[39m[38;5;3m +0ms[39m
[32m[Nest] 46600  - [39m02/23/2026, 2:40:32 PM [32m    LOG[39m [38;5;3m[RouterExplorer] [39m[32mMapped {/api/v1/customers, POST} route[39m[38;5;3m +0ms[39m
[32m[Nest] 46600  - [39m02/23/2026, 2:40:32 PM [32m    LOG[39m [38;5;3m[RouterExplorer] [39m[32mMapped {/api/v1/customers, GET} route[39m[38;5;3m +0ms[39m
[32m[Nest] 46600  - [39m02/23/2026, 2:40:32 PM [32m    LOG[39m [38;5;3m[RouterExplorer] [39m[32mMapped {/api/v1/customers/:id, GET} route[39m[38;5;3m +0ms[39m
[32m[Nest] 46600  - [39m02/23/2026, 2:40:32 PM [32m    LOG[39m [38;5;3m[RouterExplorer] [39m[32mMapped {/api/v1/customers/:id, PATCH} route[39m[38;5;3m +0ms[39m
[32m[Nest] 46600  - [39m02/23/2026, 2:40:32 PM [32m    LOG[39m [38;5;3m[RouterExplorer] [39m[32mMapped {/api/v1/customers/:id, DELETE} route[39m[38;5;3m +0ms[39m
[32m[Nest] 46600  - [39m02/23/2026, 2:40:32 PM [32m    LOG[39m [38;5;3m[RoutesResolver] [39m[32mSuppliersController {/api/v1/suppliers}:[39m[38;5;3m +0ms[39m
[32m[Nest] 46600  - [39m02/23/2026, 2:40:32 PM [32m    LOG[39m [38;5;3m[RouterExplorer] [39m[32mMapped {/api/v1/suppliers, POST} route[39m[38;5;3m +0ms[39m
[32m[Nest] 46600  - [39m02/23/2026, 2:40:32 PM [32m    LOG[39m [38;5;3m[RouterExplorer] [39m[32mMapped {/api/v1/suppliers, GET} route[39m[38;5;3m +0ms[39m
[32m[Nest] 46600  - [39m02/23/2026, 2:40:32 PM [32m    LOG[39m [38;5;3m[RouterExplorer] [39m[32mMapped {/api/v1/suppliers/:id, GET} route[39m[38;5;3m +0ms[39m
[32m[Nest] 46600  - [39m02/23/2026, 2:40:32 PM [32m    LOG[39m [38;5;3m[RouterExplorer] [39m[32mMapped {/api/v1/suppliers/:id, PATCH} route[39m[38;5;3m +0ms[39m
[32m[Nest] 46600  - [39m02/23/2026, 2:40:32 PM [32m    LOG[39m [38;5;3m[RouterExplorer] [39m[32mMapped {/api/v1/suppliers/:id, DELETE} route[39m[38;5;3m +0ms[39m
[32m[Nest] 46600  - [39m02/23/2026, 2:40:32 PM [32m    LOG[39m [38;5;3m[RoutesResolver] [39m[32mEmployeesController {/api/v1/employees}:[39m[38;5;3m +0ms[39m
[32m[Nest] 46600  - [39m02/23/2026, 2:40:32 PM [32m    LOG[39m [38;5;3m[RouterExplorer] [39m[32mMapped {/api/v1/employees, POST} route[39m[38;5;3m +0ms[39m
[32m[Nest] 46600  - [39m02/23/2026, 2:40:32 PM [32m    LOG[39m [38;5;3m[RouterExplorer] [39m[32mMapped {/api/v1/employees, GET} route[39m[38;5;3m +0ms[39m
[32m[Nest] 46600  - [39m02/23/2026, 2:40:32 PM [32m    LOG[39m [38;5;3m[RouterExplorer] [39m[32mMapped {/api/v1/employees/:id, GET} route[39m[38;5;3m +0ms[39m
[32m[Nest] 46600  - [39m02/23/2026, 2:40:32 PM [32m    LOG[39m [38;5;3m[RouterExplorer] [39m[32mMapped {/api/v1/employees/:id, PATCH} route[39m[38;5;3m +0ms[39m
[32m[Nest] 46600  - [39m02/23/2026, 2:40:32 PM [32m    LOG[39m [38;5;3m[RouterExplorer] [39m[32mMapped {/api/v1/employees/:id, DELETE} route[39m[38;5;3m +0ms[39m
[32m[Nest] 46600  - [39m02/23/2026, 2:40:32 PM [32m    LOG[39m [38;5;3m[RoutesResolver] [39m[32mLedgerController {/api/v1/ledger}:[39m[38;5;3m +0ms[39m
[32m[Nest] 46600  - [39m02/23/2026, 2:40:32 PM [32m    LOG[39m [38;5;3m[RouterExplorer] [39m[32mMapped {/api/v1/ledger, POST} route[39m[38;5;3m +0ms[39m
[32m[Nest] 46600  - [39m02/23/2026, 2:40:32 PM [32m    LOG[39m [38;5;3m[RouterExplorer] [39m[32mMapped {/api/v1/ledger/:id, DELETE} route[39m[38;5;3m +0ms[39m
[32m[Nest] 46600  - [39m02/23/2026, 2:40:32 PM [32m    LOG[39m [38;5;3m[RouterExplorer] [39m[32mMapped {/api/v1/ledger/statement, GET} route[39m[38;5;3m +0ms[39m
[32m[Nest] 46600  - [39m02/23/2026, 2:40:32 PM [32m    LOG[39m [38;5;3m[RoutesResolver] [39m[32mDeferredSalesController {/api/v1/deferred-sales}:[39m[38;5;3m +0ms[39m
[32m[Nest] 46600  - [39m02/23/2026, 2:40:32 PM [32m    LOG[39m [38;5;3m[RouterExplorer] [39m[32mMapped {/api/v1/deferred-sales, POST} route[39m[38;5;3m +0ms[39m
[32m[Nest] 46600  - [39m02/23/2026, 2:40:32 PM [32m    LOG[39m [38;5;3m[RouterExplorer] [39m[32mMapped {/api/v1/deferred-sales, GET} route[39m[38;5;3m +0ms[39m
[32m[Nest] 46600  - [39m02/23/2026, 2:40:32 PM [32m    LOG[39m [38;5;3m[RouterExplorer] [39m[32mMapped {/api/v1/deferred-sales/:id, GET} route[39m[38;5;3m +0ms[39m
[32m[Nest] 46600  - [39m02/23/2026, 2:40:32 PM [32m    LOG[39m [38;5;3m[RouterExplorer] [39m[32mMapped {/api/v1/deferred-sales/:id/payments, POST} route[39m[38;5;3m +0ms[39m
[32m[Nest] 46600  - [39m02/23/2026, 2:40:32 PM [32m    LOG[39m [38;5;3m[RouterExplorer] [39m[32mMapped {/api/v1/deferred-sales/:id/cancel, PATCH} route[39m[38;5;3m +0ms[39m
[32m[Nest] 46600  - [39m02/23/2026, 2:40:32 PM [32m    LOG[39m [38;5;3m[RoutesResolver] [39m[32mInstallmentsController {/api/v1/installments}:[39m[38;5;3m +0ms[39m
[32m[Nest] 46600  - [39m02/23/2026, 2:40:32 PM [32m    LOG[39m [38;5;3m[RouterExplorer] [39m[32mMapped {/api/v1/installments/contracts, POST} route[39m[38;5;3m +0ms[39m
[32m[Nest] 46600  - [39m02/23/2026, 2:40:32 PM [32m    LOG[39m [38;5;3m[RouterExplorer] [39m[32mMapped {/api/v1/installments/contracts, GET} route[39m[38;5;3m +0ms[39m
[32m[Nest] 46600  - [39m02/23/2026, 2:40:32 PM [32m    LOG[39m [38;5;3m[RouterExplorer] [39m[32mMapped {/api/v1/installments/schedule, GET} route[39m[38;5;3m +0ms[39m
[32m[Nest] 46600  - [39m02/23/2026, 2:40:32 PM [32m    LOG[39m [38;5;3m[RouterExplorer] [39m[32mMapped {/api/v1/installments/contracts/:id, GET} route[39m[38;5;3m +1ms[39m
[32m[Nest] 46600  - [39m02/23/2026, 2:40:32 PM [32m    LOG[39m [38;5;3m[RouterExplorer] [39m[32mMapped {/api/v1/installments/contracts/:id/payments, POST} route[39m[38;5;3m +0ms[39m
[32m[Nest] 46600  - [39m02/23/2026, 2:40:32 PM [32m    LOG[39m [38;5;3m[RouterExplorer] [39m[32mMapped {/api/v1/installments/contracts/:id/cancel, PATCH} route[39m[38;5;3m +0ms[39m
[32m[Nest] 46600  - [39m02/23/2026, 2:40:32 PM [32m    LOG[39m [38;5;3m[RoutesResolver] [39m[32mReportsController {/api/v1/reports}:[39m[38;5;3m +0ms[39m
[32m[Nest] 46600  - [39m02/23/2026, 2:40:32 PM [32m    LOG[39m [38;5;3m[RouterExplorer] [39m[32mMapped {/api/v1/reports/summary, GET} route[39m[38;5;3m +0ms[39m
[32m[Nest] 46600  - [39m02/23/2026, 2:40:32 PM [32m    LOG[39m [38;5;3m[RouterExplorer] [39m[32mMapped {/api/v1/reports/overdue, GET} route[39m[38;5;3m +0ms[39m
[32m[Nest] 46600  - [39m02/23/2026, 2:40:32 PM [32m    LOG[39m [38;5;3m[RouterExplorer] [39m[32mMapped {/api/v1/reports/collection-schedule, GET} route[39m[38;5;3m +0ms[39m
[32m[Nest] 46600  - [39m02/23/2026, 2:40:32 PM [32m    LOG[39m [38;5;3m[PrismaService] [39m[32m✅ Connected to database[39m
[32m[Nest] 46600  - [39m02/23/2026, 2:40:32 PM [32m    LOG[39m [38;5;3m[PrismaService] [39m[32m✅ Connected to database[39m
[32m[Nest] 46600  - [39m02/23/2026, 2:40:32 PM [32m    LOG[39m [38;5;3m[NestApplication] [39m[32mNest application successfully started[39m[38;5;3m +0ms[39m
2026-02-23 14:40:32  [32MINFO[39M [Bootstrap] [32m🚀 Daftar API running on http://localhost:7000[39m
2026-02-23 14:40:32  [32MINFO[39M [Bootstrap] [32m📚 Swagger docs: http://localhost:7000/api/docs[39m
2026-02-23 14:40:32  [32MINFO[39M [Bootstrap] [32m🔗 API prefix: /api/v1[39m
2026-02-23 14:40:32  [32MINFO[39M [Bootstrap] [32m🌍 Environment: development[39m
[32m[Nest] 46600  - [39m02/23/2026, 2:40:32 PM [32m    LOG[39m [38;5;3m[CacheService] [39m[32m✅ Redis Connected[39m
[32m[Nest] 46600  - [39m02/23/2026, 2:40:32 PM [32m    LOG[39m [38;5;3m[CacheService] [39m[32m✅ Redis Cache Service Initialized[39m
[[90m2:40:33 PM[0m] Found 0 errors. Watching for file changes.

[2J[3J[H[[90m2:40:33 PM[0m] File change detected. Starting incremental compilation...

[[90m2:40:34 PM[0m] Found 0 errors. Watching for file changes.

[32m[Nest] 28152  - [39m02/23/2026, 2:40:38 PM [32m    LOG[39m [38;5;3m[NestFactory] [39m[32mStarting Nest application...[39m
[32m[Nest] 28152  - [39m02/23/2026, 2:40:38 PM [32m    LOG[39m [38;5;3m[InstanceLoader] [39m[32mBullModule dependencies initialized[39m[38;5;3m +1ms[39m
[32m[Nest] 28152  - [39m02/23/2026, 2:40:38 PM [32m    LOG[39m [38;5;3m[InstanceLoader] [39m[32mDatabaseModule dependencies initialized[39m[38;5;3m +1ms[39m
[32m[Nest] 28152  - [39m02/23/2026, 2:40:38 PM [32m    LOG[39m [38;5;3m[InstanceLoader] [39m[32mPrismaModule dependencies initialized[39m[38;5;3m +0ms[39m
[32m[Nest] 28152  - [39m02/23/2026, 2:40:38 PM [32m    LOG[39m [38;5;3m[InstanceLoader] [39m[32mLoggerModule dependencies initialized[39m[38;5;3m +0ms[39m
[32m[Nest] 28152  - [39m02/23/2026, 2:40:38 PM [32m    LOG[39m [38;5;3m[InstanceLoader] [39m[32mTranslationModule dependencies initialized[39m[38;5;3m +0ms[39m
[32m[Nest] 28152  - [39m02/23/2026, 2:40:38 PM [32m    LOG[39m [38;5;3m[InstanceLoader] [39m[32mPassportModule dependencies initialized[39m[38;5;3m +0ms[39m
[32m[Nest] 28152  - [39m02/23/2026, 2:40:38 PM [32m    LOG[39m [38;5;3m[InstanceLoader] [39m[32mConfigHostModule dependencies initialized[39m[38;5;3m +0ms[39m
[32m[Nest] 28152  - [39m02/23/2026, 2:40:38 PM [32m    LOG[39m [38;5;3m[InstanceLoader] [39m[32mThrottlerModule dependencies initialized[39m[38;5;3m +0ms[39m
[32m[Nest] 28152  - [39m02/23/2026, 2:40:38 PM [32m    LOG[39m [38;5;3m[InstanceLoader] [39m[32mDiscoveryModule dependencies initialized[39m[38;5;3m +0ms[39m
[33m[Nest] 28152  - [39m02/23/2026, 2:40:38 PM [33m   WARN[39m [38;5;3m[WhatsAppService] [39m[33mTwilio credentials not configured — WhatsApp sending disabled[39m
[32m[Nest] 28152  - [39m02/23/2026, 2:40:38 PM [32m    LOG[39m [38;5;3m[InstanceLoader] [39m[32mGuardsModule dependencies initialized[39m[38;5;3m +0ms[39m
[32m[Nest] 28152  - [39m02/23/2026, 2:40:38 PM [32m    LOG[39m [38;5;3m[InstanceLoader] [39m[32mConfigModule dependencies initialized[39m[38;5;3m +0ms[39m
[32m[Nest] 28152  - [39m02/23/2026, 2:40:38 PM [32m    LOG[39m [38;5;3m[InstanceLoader] [39m[32mConfigModule dependencies initialized[39m[38;5;3m +0ms[39m
[32m[Nest] 28152  - [39m02/23/2026, 2:40:38 PM [32m    LOG[39m [38;5;3m[InstanceLoader] [39m[32mBullModule dependencies initialized[39m[38;5;3m +0ms[39m
[32m[Nest] 28152  - [39m02/23/2026, 2:40:38 PM [32m    LOG[39m [38;5;3m[InstanceLoader] [39m[32mCacheModule dependencies initialized[39m[38;5;3m +0ms[39m
[32m[Nest] 28152  - [39m02/23/2026, 2:40:38 PM [32m    LOG[39m [38;5;3m[InstanceLoader] [39m[32mJwtModule dependencies initialized[39m[38;5;3m +0ms[39m
[32m[Nest] 28152  - [39m02/23/2026, 2:40:38 PM [32m    LOG[39m [38;5;3m[InstanceLoader] [39m[32mBullModule dependencies initialized[39m[38;5;3m +0ms[39m
[32m[Nest] 28152  - [39m02/23/2026, 2:40:38 PM [32m    LOG[39m [38;5;3m[InstanceLoader] [39m[32mAppModule dependencies initialized[39m[38;5;3m +0ms[39m
[32m[Nest] 28152  - [39m02/23/2026, 2:40:38 PM [32m    LOG[39m [38;5;3m[InstanceLoader] [39m[32mPlatformModule dependencies initialized[39m[38;5;3m +0ms[39m
[32m[Nest] 28152  - [39m02/23/2026, 2:40:38 PM [32m    LOG[39m [38;5;3m[InstanceLoader] [39m[32mUsersModule dependencies initialized[39m[38;5;3m +0ms[39m
[32m[Nest] 28152  - [39m02/23/2026, 2:40:38 PM [32m    LOG[39m [38;5;3m[InstanceLoader] [39m[32mCustomersModule dependencies initialized[39m[38;5;3m +0ms[39m
[32m[Nest] 28152  - [39m02/23/2026, 2:40:38 PM [32m    LOG[39m [38;5;3m[InstanceLoader] [39m[32mSuppliersModule dependencies initialized[39m[38;5;3m +0ms[39m
[32m[Nest] 28152  - [39m02/23/2026, 2:40:38 PM [32m    LOG[39m [38;5;3m[InstanceLoader] [39m[32mEmployeesModule dependencies initialized[39m[38;5;3m +0ms[39m
[32m[Nest] 28152  - [39m02/23/2026, 2:40:38 PM [32m    LOG[39m [38;5;3m[InstanceLoader] [39m[32mDeferredSalesModule dependencies initialized[39m[38;5;3m +0ms[39m
[32m[Nest] 28152  - [39m02/23/2026, 2:40:38 PM [32m    LOG[39m [38;5;3m[InstanceLoader] [39m[32mInstallmentsModule dependencies initialized[39m[38;5;3m +0ms[39m
[32m[Nest] 28152  - [39m02/23/2026, 2:40:38 PM [32m    LOG[39m [38;5;3m[InstanceLoader] [39m[32mReportsModule dependencies initialized[39m[38;5;3m +0ms[39m
[32m[Nest] 28152  - [39m02/23/2026, 2:40:38 PM [32m    LOG[39m [38;5;3m[InstanceLoader] [39m[32mNotificationsModule dependencies initialized[39m[38;5;3m +0ms[39m
[32m[Nest] 28152  - [39m02/23/2026, 2:40:38 PM [32m    LOG[39m [38;5;3m[InstanceLoader] [39m[32mLedgerModule dependencies initialized[39m[38;5;3m +1ms[39m
[32m[Nest] 28152  - [39m02/23/2026, 2:40:38 PM [32m    LOG[39m [38;5;3m[InstanceLoader] [39m[32mAuthModule dependencies initialized[39m[38;5;3m +0ms[39m
[32m[Nest] 28152  - [39m02/23/2026, 2:40:38 PM [32m    LOG[39m [38;5;3m[RoutesResolver] [39m[32mAppController {/api/v1}:[39m[38;5;3m +0ms[39m
[32m[Nest] 28152  - [39m02/23/2026, 2:40:38 PM [32m    LOG[39m [38;5;3m[RouterExplorer] [39m[32mMapped {/api/v1/health, GET} route[39m[38;5;3m +0ms[39m
[32m[Nest] 28152  - [39m02/23/2026, 2:40:38 PM [32m    LOG[39m [38;5;3m[RoutesResolver] [39m[32mAuthController {/api/v1/auth}:[39m[38;5;3m +0ms[39m
[32m[Nest] 28152  - [39m02/23/2026, 2:40:38 PM [32m    LOG[39m [38;5;3m[RouterExplorer] [39m[32mMapped {/api/v1/auth/register, POST} route[39m[38;5;3m +0ms[39m
[32m[Nest] 28152  - [39m02/23/2026, 2:40:38 PM [32m    LOG[39m [38;5;3m[RouterExplorer] [39m[32mMapped {/api/v1/auth/login, POST} route[39m[38;5;3m +0ms[39m
[32m[Nest] 28152  - [39m02/23/2026, 2:40:38 PM [32m    LOG[39m [38;5;3m[RouterExplorer] [39m[32mMapped {/api/v1/auth/refresh, POST} route[39m[38;5;3m +0ms[39m
[32m[Nest] 28152  - [39m02/23/2026, 2:40:38 PM [32m    LOG[39m [38;5;3m[RouterExplorer] [39m[32mMapped {/api/v1/auth/logout, POST} route[39m[38;5;3m +0ms[39m
[32m[Nest] 28152  - [39m02/23/2026, 2:40:38 PM [32m    LOG[39m [38;5;3m[RouterExplorer] [39m[32mMapped {/api/v1/auth/logout-all, POST} route[39m[38;5;3m +0ms[39m
[32m[Nest] 28152  - [39m02/23/2026, 2:40:38 PM [32m    LOG[39m [38;5;3m[RouterExplorer] [39m[32mMapped {/api/v1/auth/change-password, POST} route[39m[38;5;3m +0ms[39m
[32m[Nest] 28152  - [39m02/23/2026, 2:40:38 PM [32m    LOG[39m [38;5;3m[RouterExplorer] [39m[32mMapped {/api/v1/auth/me, GET} route[39m[38;5;3m +0ms[39m
[32m[Nest] 28152  - [39m02/23/2026, 2:40:38 PM [32m    LOG[39m [38;5;3m[RouterExplorer] [39m[32mMapped {/api/v1/auth/sessions, GET} route[39m[38;5;3m +0ms[39m
[32m[Nest] 28152  - [39m02/23/2026, 2:40:38 PM [32m    LOG[39m [38;5;3m[RouterExplorer] [39m[32mMapped {/api/v1/auth/forgot-password, POST} route[39m[38;5;3m +0ms[39m
[32m[Nest] 28152  - [39m02/23/2026, 2:40:38 PM [32m    LOG[39m [38;5;3m[RouterExplorer] [39m[32mMapped {/api/v1/auth/reset-password, POST} route[39m[38;5;3m +0ms[39m
[32m[Nest] 28152  - [39m02/23/2026, 2:40:38 PM [32m    LOG[39m [38;5;3m[RoutesResolver] [39m[32mNotificationsController {/api/v1/notifications}:[39m[38;5;3m +0ms[39m
[32m[Nest] 28152  - [39m02/23/2026, 2:40:38 PM [32m    LOG[39m [38;5;3m[RouterExplorer] [39m[32mMapped {/api/v1/notifications/device-token, POST} route[39m[38;5;3m +0ms[39m
[32m[Nest] 28152  - [39m02/23/2026, 2:40:38 PM [32m    LOG[39m [38;5;3m[RouterExplorer] [39m[32mMapped {/api/v1/notifications/device-token/:token, DELETE} route[39m[38;5;3m +0ms[39m
[32m[Nest] 28152  - [39m02/23/2026, 2:40:38 PM [32m    LOG[39m [38;5;3m[RouterExplorer] [39m[32mMapped {/api/v1/notifications/unread-count, GET} route[39m[38;5;3m +0ms[39m
[32m[Nest] 28152  - [39m02/23/2026, 2:40:38 PM [32m    LOG[39m [38;5;3m[RouterExplorer] [39m[32mMapped {/api/v1/notifications, GET} route[39m[38;5;3m +0ms[39m
[32m[Nest] 28152  - [39m02/23/2026, 2:40:38 PM [32m    LOG[39m [38;5;3m[RouterExplorer] [39m[32mMapped {/api/v1/notifications/read-all, PATCH} route[39m[38;5;3m +0ms[39m
[32m[Nest] 28152  - [39m02/23/2026, 2:40:38 PM [32m    LOG[39m [38;5;3m[RouterExplorer] [39m[32mMapped {/api/v1/notifications/:id/read, PATCH} route[39m[38;5;3m +0ms[39m
[32m[Nest] 28152  - [39m02/23/2026, 2:40:38 PM [32m    LOG[39m [38;5;3m[RoutesResolver] [39m[32mPlatformController {/api/v1/platform}:[39m[38;5;3m +0ms[39m
[32m[Nest] 28152  - [39m02/23/2026, 2:40:38 PM [32m    LOG[39m [38;5;3m[RouterExplorer] [39m[32mMapped {/api/v1/platform/companies, POST} route[39m[38;5;3m +0ms[39m
[32m[Nest] 28152  - [39m02/23/2026, 2:40:38 PM [32m    LOG[39m [38;5;3m[RouterExplorer] [39m[32mMapped {/api/v1/platform/companies, GET} route[39m[38;5;3m +0ms[39m
[32m[Nest] 28152  - [39m02/23/2026, 2:40:38 PM [32m    LOG[39m [38;5;3m[RouterExplorer] [39m[32mMapped {/api/v1/platform/companies/:id, GET} route[39m[38;5;3m +0ms[39m
[32m[Nest] 28152  - [39m02/23/2026, 2:40:38 PM [32m    LOG[39m [38;5;3m[RouterExplorer] [39m[32mMapped {/api/v1/platform/companies/:id/metrics, GET} route[39m[38;5;3m +0ms[39m
[32m[Nest] 28152  - [39m02/23/2026, 2:40:38 PM [32m    LOG[39m [38;5;3m[RouterExplorer] [39m[32mMapped {/api/v1/platform/plans, POST} route[39m[38;5;3m +0ms[39m
[32m[Nest] 28152  - [39m02/23/2026, 2:40:38 PM [32m    LOG[39m [38;5;3m[RouterExplorer] [39m[32mMapped {/api/v1/platform/plans, GET} route[39m[38;5;3m +0ms[39m
[32m[Nest] 28152  - [39m02/23/2026, 2:40:38 PM [32m    LOG[39m [38;5;3m[RouterExplorer] [39m[32mMapped {/api/v1/platform/plans/:id, PATCH} route[39m[38;5;3m +0ms[39m
[32m[Nest] 28152  - [39m02/23/2026, 2:40:38 PM [32m    LOG[39m [38;5;3m[RouterExplorer] [39m[32mMapped {/api/v1/platform/subscriptions/activate, POST} route[39m[38;5;3m +0ms[39m
[32m[Nest] 28152  - [39m02/23/2026, 2:40:38 PM [32m    LOG[39m [38;5;3m[RouterExplorer] [39m[32mMapped {/api/v1/platform/subscriptions/suspend, POST} route[39m[38;5;3m +0ms[39m
[32m[Nest] 28152  - [39m02/23/2026, 2:40:38 PM [32m    LOG[39m [38;5;3m[RouterExplorer] [39m[32mMapped {/api/v1/platform/subscriptions/extend, POST} route[39m[38;5;3m +0ms[39m
[32m[Nest] 28152  - [39m02/23/2026, 2:40:38 PM [32m    LOG[39m [38;5;3m[RoutesResolver] [39m[32mUsersController {/api/v1/users}:[39m[38;5;3m +0ms[39m
[32m[Nest] 28152  - [39m02/23/2026, 2:40:38 PM [32m    LOG[39m [38;5;3m[RouterExplorer] [39m[32mMapped {/api/v1/users/staff, POST} route[39m[38;5;3m +0ms[39m
[32m[Nest] 28152  - [39m02/23/2026, 2:40:38 PM [32m    LOG[39m [38;5;3m[RouterExplorer] [39m[32mMapped {/api/v1/users/stats, GET} route[39m[38;5;3m +1ms[39m
[32m[Nest] 28152  - [39m02/23/2026, 2:40:38 PM [32m    LOG[39m [38;5;3m[RouterExplorer] [39m[32mMapped {/api/v1/users, GET} route[39m[38;5;3m +0ms[39m
[32m[Nest] 28152  - [39m02/23/2026, 2:40:38 PM [32m    LOG[39m [38;5;3m[RouterExplorer] [39m[32mMapped {/api/v1/users/:id, GET} route[39m[38;5;3m +0ms[39m
[32m[Nest] 28152  - [39m02/23/2026, 2:40:38 PM [32m    LOG[39m [38;5;3m[RouterExplorer] [39m[32mMapped {/api/v1/users/:id, PATCH} route[39m[38;5;3m +0ms[39m
[32m[Nest] 28152  - [39m02/23/2026, 2:40:38 PM [32m    LOG[39m [38;5;3m[RouterExplorer] [39m[32mMapped {/api/v1/users/:id/permissions, PATCH} route[39m[38;5;3m +0ms[39m
[32m[Nest] 28152  - [39m02/23/2026, 2:40:38 PM [32m    LOG[39m [38;5;3m[RouterExplorer] [39m[32mMapped {/api/v1/users/:id/disable, PATCH} route[39m[38;5;3m +0ms[39m
[32m[Nest] 28152  - [39m02/23/2026, 2:40:38 PM [32m    LOG[39m [38;5;3m[RouterExplorer] [39m[32mMapped {/api/v1/users/:id/enable, PATCH} route[39m[38;5;3m +0ms[39m
[32m[Nest] 28152  - [39m02/23/2026, 2:40:38 PM [32m    LOG[39m [38;5;3m[RoutesResolver] [39m[32mCustomersController {/api/v1/customers}:[39m[38;5;3m +0ms[39m
[32m[Nest] 28152  - [39m02/23/2026, 2:40:38 PM [32m    LOG[39m [38;5;3m[RouterExplorer] [39m[32mMapped {/api/v1/customers, POST} route[39m[38;5;3m +0ms[39m
[32m[Nest] 28152  - [39m02/23/2026, 2:40:38 PM [32m    LOG[39m [38;5;3m[RouterExplorer] [39m[32mMapped {/api/v1/customers, GET} route[39m[38;5;3m +0ms[39m
[32m[Nest] 28152  - [39m02/23/2026, 2:40:38 PM [32m    LOG[39m [38;5;3m[RouterExplorer] [39m[32mMapped {/api/v1/customers/:id, GET} route[39m[38;5;3m +0ms[39m
[32m[Nest] 28152  - [39m02/23/2026, 2:40:38 PM [32m    LOG[39m [38;5;3m[RouterExplorer] [39m[32mMapped {/api/v1/customers/:id, PATCH} route[39m[38;5;3m +0ms[39m
[32m[Nest] 28152  - [39m02/23/2026, 2:40:38 PM [32m    LOG[39m [38;5;3m[RouterExplorer] [39m[32mMapped {/api/v1/customers/:id, DELETE} route[39m[38;5;3m +0ms[39m
[32m[Nest] 28152  - [39m02/23/2026, 2:40:38 PM [32m    LOG[39m [38;5;3m[RoutesResolver] [39m[32mSuppliersController {/api/v1/suppliers}:[39m[38;5;3m +0ms[39m
[32m[Nest] 28152  - [39m02/23/2026, 2:40:38 PM [32m    LOG[39m [38;5;3m[RouterExplorer] [39m[32mMapped {/api/v1/suppliers, POST} route[39m[38;5;3m +0ms[39m
[32m[Nest] 28152  - [39m02/23/2026, 2:40:38 PM [32m    LOG[39m [38;5;3m[RouterExplorer] [39m[32mMapped {/api/v1/suppliers, GET} route[39m[38;5;3m +0ms[39m
[32m[Nest] 28152  - [39m02/23/2026, 2:40:38 PM [32m    LOG[39m [38;5;3m[RouterExplorer] [39m[32mMapped {/api/v1/suppliers/:id, GET} route[39m[38;5;3m +0ms[39m
[32m[Nest] 28152  - [39m02/23/2026, 2:40:38 PM [32m    LOG[39m [38;5;3m[RouterExplorer] [39m[32mMapped {/api/v1/suppliers/:id, PATCH} route[39m[38;5;3m +0ms[39m
[32m[Nest] 28152  - [39m02/23/2026, 2:40:38 PM [32m    LOG[39m [38;5;3m[RouterExplorer] [39m[32mMapped {/api/v1/suppliers/:id, DELETE} route[39m[38;5;3m +0ms[39m
[32m[Nest] 28152  - [39m02/23/2026, 2:40:38 PM [32m    LOG[39m [38;5;3m[RoutesResolver] [39m[32mEmployeesController {/api/v1/employees}:[39m[38;5;3m +0ms[39m
[32m[Nest] 28152  - [39m02/23/2026, 2:40:38 PM [32m    LOG[39m [38;5;3m[RouterExplorer] [39m[32mMapped {/api/v1/employees, POST} route[39m[38;5;3m +0ms[39m
[32m[Nest] 28152  - [39m02/23/2026, 2:40:38 PM [32m    LOG[39m [38;5;3m[RouterExplorer] [39m[32mMapped {/api/v1/employees, GET} route[39m[38;5;3m +0ms[39m
[32m[Nest] 28152  - [39m02/23/2026, 2:40:38 PM [32m    LOG[39m [38;5;3m[RouterExplorer] [39m[32mMapped {/api/v1/employees/:id, GET} route[39m[38;5;3m +0ms[39m
[32m[Nest] 28152  - [39m02/23/2026, 2:40:38 PM [32m    LOG[39m [38;5;3m[RouterExplorer] [39m[32mMapped {/api/v1/employees/:id, PATCH} route[39m[38;5;3m +1ms[39m
[32m[Nest] 28152  - [39m02/23/2026, 2:40:38 PM [32m    LOG[39m [38;5;3m[RouterExplorer] [39m[32mMapped {/api/v1/employees/:id, DELETE} route[39m[38;5;3m +0ms[39m
[32m[Nest] 28152  - [39m02/23/2026, 2:40:38 PM [32m    LOG[39m [38;5;3m[RoutesResolver] [39m[32mLedgerController {/api/v1/ledger}:[39m[38;5;3m +0ms[39m
[32m[Nest] 28152  - [39m02/23/2026, 2:40:38 PM [32m    LOG[39m [38;5;3m[RouterExplorer] [39m[32mMapped {/api/v1/ledger, POST} route[39m[38;5;3m +0ms[39m
[32m[Nest] 28152  - [39m02/23/2026, 2:40:38 PM [32m    LOG[39m [38;5;3m[RouterExplorer] [39m[32mMapped {/api/v1/ledger/:id, DELETE} route[39m[38;5;3m +0ms[39m
[32m[Nest] 28152  - [39m02/23/2026, 2:40:38 PM [32m    LOG[39m [38;5;3m[RouterExplorer] [39m[32mMapped {/api/v1/ledger/statement, GET} route[39m[38;5;3m +0ms[39m
[32m[Nest] 28152  - [39m02/23/2026, 2:40:38 PM [32m    LOG[39m [38;5;3m[RoutesResolver] [39m[32mDeferredSalesController {/api/v1/deferred-sales}:[39m[38;5;3m +0ms[39m
[32m[Nest] 28152  - [39m02/23/2026, 2:40:38 PM [32m    LOG[39m [38;5;3m[RouterExplorer] [39m[32mMapped {/api/v1/deferred-sales, POST} route[39m[38;5;3m +0ms[39m
[32m[Nest] 28152  - [39m02/23/2026, 2:40:38 PM [32m    LOG[39m [38;5;3m[RouterExplorer] [39m[32mMapped {/api/v1/deferred-sales, GET} route[39m[38;5;3m +0ms[39m
[32m[Nest] 28152  - [39m02/23/2026, 2:40:38 PM [32m    LOG[39m [38;5;3m[RouterExplorer] [39m[32mMapped {/api/v1/deferred-sales/:id, GET} route[39m[38;5;3m +0ms[39m
[32m[Nest] 28152  - [39m02/23/2026, 2:40:38 PM [32m    LOG[39m [38;5;3m[RouterExplorer] [39m[32mMapped {/api/v1/deferred-sales/:id/payments, POST} route[39m[38;5;3m +0ms[39m
[32m[Nest] 28152  - [39m02/23/2026, 2:40:38 PM [32m    LOG[39m [38;5;3m[RouterExplorer] [39m[32mMapped {/api/v1/deferred-sales/:id/cancel, PATCH} route[39m[38;5;3m +0ms[39m
[32m[Nest] 28152  - [39m02/23/2026, 2:40:38 PM [32m    LOG[39m [38;5;3m[RoutesResolver] [39m[32mInstallmentsController {/api/v1/installments}:[39m[38;5;3m +0ms[39m
[32m[Nest] 28152  - [39m02/23/2026, 2:40:38 PM [32m    LOG[39m [38;5;3m[RouterExplorer] [39m[32mMapped {/api/v1/installments/contracts, POST} route[39m[38;5;3m +0ms[39m
[32m[Nest] 28152  - [39m02/23/2026, 2:40:38 PM [32m    LOG[39m [38;5;3m[RouterExplorer] [39m[32mMapped {/api/v1/installments/contracts, GET} route[39m[38;5;3m +0ms[39m
[32m[Nest] 28152  - [39m02/23/2026, 2:40:38 PM [32m    LOG[39m [38;5;3m[RouterExplorer] [39m[32mMapped {/api/v1/installments/schedule, GET} route[39m[38;5;3m +0ms[39m
[32m[Nest] 28152  - [39m02/23/2026, 2:40:38 PM [32m    LOG[39m [38;5;3m[RouterExplorer] [39m[32mMapped {/api/v1/installments/contracts/:id, GET} route[39m[38;5;3m +0ms[39m
[32m[Nest] 28152  - [39m02/23/2026, 2:40:38 PM [32m    LOG[39m [38;5;3m[RouterExplorer] [39m[32mMapped {/api/v1/installments/contracts/:id/payments, POST} route[39m[38;5;3m +0ms[39m
[32m[Nest] 28152  - [39m02/23/2026, 2:40:38 PM [32m    LOG[39m [38;5;3m[RouterExplorer] [39m[32mMapped {/api/v1/installments/contracts/:id/cancel, PATCH} route[39m[38;5;3m +0ms[39m
[32m[Nest] 28152  - [39m02/23/2026, 2:40:38 PM [32m    LOG[39m [38;5;3m[RoutesResolver] [39m[32mReportsController {/api/v1/reports}:[39m[38;5;3m +0ms[39m
[32m[Nest] 28152  - [39m02/23/2026, 2:40:38 PM [32m    LOG[39m [38;5;3m[RouterExplorer] [39m[32mMapped {/api/v1/reports/summary, GET} route[39m[38;5;3m +0ms[39m
[32m[Nest] 28152  - [39m02/23/2026, 2:40:38 PM [32m    LOG[39m [38;5;3m[RouterExplorer] [39m[32mMapped {/api/v1/reports/overdue, GET} route[39m[38;5;3m +0ms[39m
[32m[Nest] 28152  - [39m02/23/2026, 2:40:38 PM [32m    LOG[39m [38;5;3m[RouterExplorer] [39m[32mMapped {/api/v1/reports/collection-schedule, GET} route[39m[38;5;3m +0ms[39m
[32m[Nest] 28152  - [39m02/23/2026, 2:40:38 PM [32m    LOG[39m [38;5;3m[PrismaService] [39m[32m✅ Connected to database[39m
[32m[Nest] 28152  - [39m02/23/2026, 2:40:38 PM [32m    LOG[39m [38;5;3m[PrismaService] [39m[32m✅ Connected to database[39m
[32m[Nest] 28152  - [39m02/23/2026, 2:40:38 PM [32m    LOG[39m [38;5;3m[NestApplication] [39m[32mNest application successfully started[39m[38;5;3m +0ms[39m
2026-02-23 14:40:38  [32MINFO[39M [Bootstrap] [32m🚀 Daftar API running on http://localhost:7000[39m
2026-02-23 14:40:38  [32MINFO[39M [Bootstrap] [32m📚 Swagger docs: http://localhost:7000/api/docs[39m
2026-02-23 14:40:38  [32MINFO[39M [Bootstrap] [32m🔗 API prefix: /api/v1[39m
2026-02-23 14:40:38  [32MINFO[39M [Bootstrap] [32m🌍 Environment: development[39m
[32m[Nest] 28152  - [39m02/23/2026, 2:40:38 PM [32m    LOG[39m [38;5;3m[CacheService] [39m[32m✅ Redis Connected[39m
[32m[Nest] 28152  - [39m02/23/2026, 2:40:38 PM [32m    LOG[39m [38;5;3m[CacheService] [39m[32m✅ Redis Cache Service Initialized[39m
[2J[3J[H[[90m2:40:42 PM[0m] File change detected. Starting incremental compilation...

[96msrc/modules/expenses/dto/create-expense.dto.ts[0m:[93m12[0m:[93m10[0m - [91merror[0m[90m TS2305: [0mModule '"@prisma/client"' has no exported member 'ExpenseCategory'.

[7m12[0m import { ExpenseCategory } from '@prisma/client';
[7m  [0m [91m         ~~~~~~~~~~~~~~~[0m

[[90m2:40:42 PM[0m] Found 1 error. Watching for file changes.

[2J[3J[H[[90m2:40:47 PM[0m] File change detected. Starting incremental compilation...

[96msrc/modules/expenses/dto/create-expense.dto.ts[0m:[93m12[0m:[93m10[0m - [91merror[0m[90m TS2305: [0mModule '"@prisma/client"' has no exported member 'ExpenseCategory'.

[7m12[0m import { ExpenseCategory } from '@prisma/client';
[7m  [0m [91m         ~~~~~~~~~~~~~~~[0m

[[90m2:40:47 PM[0m] Found 1 error. Watching for file changes.

[2J[3J[H[[90m2:40:53 PM[0m] File change detected. Starting incremental compilation...

[96msrc/modules/expenses/dto/create-expense.dto.ts[0m:[93m12[0m:[93m10[0m - [91merror[0m[90m TS2305: [0mModule '"@prisma/client"' has no exported member 'ExpenseCategory'.

[7m12[0m import { ExpenseCategory } from '@prisma/client';
[7m  [0m [91m         ~~~~~~~~~~~~~~~[0m

[96msrc/modules/expenses/dto/query-expense.dto.ts[0m:[93m11[0m:[93m10[0m - [91merror[0m[90m TS2305: [0mModule '"@prisma/client"' has no exported member 'ExpenseCategory'.

[7m11[0m import { ExpenseCategory } from '@prisma/client';
[7m  [0m [91m         ~~~~~~~~~~~~~~~[0m

[[90m2:40:53 PM[0m] Found 2 errors. Watching for file changes.

[2J[3J[H[[90m2:40:56 PM[0m] File change detected. Starting incremental compilation...

[96msrc/modules/expenses/dto/create-expense.dto.ts[0m:[93m12[0m:[93m10[0m - [91merror[0m[90m TS2305: [0mModule '"@prisma/client"' has no exported member 'ExpenseCategory'.

[7m12[0m import { ExpenseCategory } from '@prisma/client';
[7m  [0m [91m         ~~~~~~~~~~~~~~~[0m

[96msrc/modules/expenses/dto/query-expense.dto.ts[0m:[93m11[0m:[93m10[0m - [91merror[0m[90m TS2305: [0mModule '"@prisma/client"' has no exported member 'ExpenseCategory'.

[7m11[0m import { ExpenseCategory } from '@prisma/client';
[7m  [0m [91m         ~~~~~~~~~~~~~~~[0m

[[90m2:40:56 PM[0m] Found 2 errors. Watching for file changes.

[2J[3J[H[[90m2:41:30 PM[0m] File change detected. Starting incremental compilation...

[96msrc/modules/expenses/dto/create-expense.dto.ts[0m:[93m12[0m:[93m10[0m - [91merror[0m[90m TS2305: [0mModule '"@prisma/client"' has no exported member 'ExpenseCategory'.

[7m12[0m import { ExpenseCategory } from '@prisma/client';
[7m  [0m [91m         ~~~~~~~~~~~~~~~[0m

[96msrc/modules/expenses/dto/query-expense.dto.ts[0m:[93m11[0m:[93m10[0m - [91merror[0m[90m TS2305: [0mModule '"@prisma/client"' has no exported member 'ExpenseCategory'.

[7m11[0m import { ExpenseCategory } from '@prisma/client';
[7m  [0m [91m         ~~~~~~~~~~~~~~~[0m

[96msrc/modules/expenses/expenses.repository.ts[0m:[93m2[0m:[93m31[0m - [91merror[0m[90m TS2307: [0mCannot find module '../../prisma/prisma.service' or its corresponding type declarations.

[7m2[0m import { PrismaService } from '../../prisma/prisma.service';
[7m [0m [91m                              ~~~~~~~~~~~~~~~~~~~~~~~~~~~~~[0m

[96msrc/modules/expenses/expenses.repository.ts[0m:[93m3[0m:[93m18[0m - [91merror[0m[90m TS2305: [0mModule '"@prisma/client"' has no exported member 'Expense'.

[7m3[0m import { Prisma, Expense, ExpenseCategory } from '@prisma/client';
[7m [0m [91m                 ~~~~~~~[0m

[96msrc/modules/expenses/expenses.repository.ts[0m:[93m3[0m:[93m27[0m - [91merror[0m[90m TS2305: [0mModule '"@prisma/client"' has no exported member 'ExpenseCategory'.

[7m3[0m import { Prisma, Expense, ExpenseCategory } from '@prisma/client';
[7m [0m [91m                          ~~~~~~~~~~~~~~~[0m

[96msrc/modules/expenses/expenses.repository.ts[0m:[93m75[0m:[93m20[0m - [91merror[0m[90m TS2694: [0mNamespace '"D:/Web/full-projects/daftar-v1/dafter-api-v1/node_modules/.prisma/client/index".Prisma' has no exported member 'ExpenseSelect'.

[7m75[0m } satisfies Prisma.ExpenseSelect;
[7m  [0m [91m                   ~~~~~~~~~~~~~[0m

[96msrc/modules/expenses/expenses.repository.ts[0m:[93m98[0m:[93m13[0m - [91merror[0m[90m TS2694: [0mNamespace '"D:/Web/full-projects/daftar-v1/dafter-api-v1/node_modules/.prisma/client/index".Prisma' has no exported member 'ExpenseWhereInput'.

[7m98[0m   ): Prisma.ExpenseWhereInput {
[7m  [0m [91m            ~~~~~~~~~~~~~~~~~[0m

[96msrc/modules/expenses/expenses.repository.ts[0m:[93m99[0m:[93m25[0m - [91merror[0m[90m TS2694: [0mNamespace '"D:/Web/full-projects/daftar-v1/dafter-api-v1/node_modules/.prisma/client/index".Prisma' has no exported member 'ExpenseWhereInput'.

[7m99[0m     const where: Prisma.ExpenseWhereInput = {
[7m  [0m [91m                        ~~~~~~~~~~~~~~~~~[0m

[[90m2:41:31 PM[0m] Found 8 errors. Watching for file changes.

[2J[3J[H[[90m2:42:36 PM[0m] File change detected. Starting incremental compilation...

[96msrc/modules/expenses/dto/create-expense.dto.ts[0m:[93m12[0m:[93m10[0m - [91merror[0m[90m TS2305: [0mModule '"@prisma/client"' has no exported member 'ExpenseCategory'.

[7m12[0m import { ExpenseCategory } from '@prisma/client';
[7m  [0m [91m         ~~~~~~~~~~~~~~~[0m

[96msrc/modules/expenses/dto/query-expense.dto.ts[0m:[93m11[0m:[93m10[0m - [91merror[0m[90m TS2305: [0mModule '"@prisma/client"' has no exported member 'ExpenseCategory'.

[7m11[0m import { ExpenseCategory } from '@prisma/client';
[7m  [0m [91m         ~~~~~~~~~~~~~~~[0m

[96msrc/modules/expenses/expenses.repository.ts[0m:[93m3[0m:[93m18[0m - [91merror[0m[90m TS2305: [0mModule '"@prisma/client"' has no exported member 'Expense'.

[7m3[0m import { Prisma, Expense, ExpenseCategory } from '@prisma/client';
[7m [0m [91m                 ~~~~~~~[0m

[96msrc/modules/expenses/expenses.repository.ts[0m:[93m3[0m:[93m27[0m - [91merror[0m[90m TS2305: [0mModule '"@prisma/client"' has no exported member 'ExpenseCategory'.

[7m3[0m import { Prisma, Expense, ExpenseCategory } from '@prisma/client';
[7m [0m [91m                          ~~~~~~~~~~~~~~~[0m

[96msrc/modules/expenses/expenses.repository.ts[0m:[93m75[0m:[93m20[0m - [91merror[0m[90m TS2694: [0mNamespace '"D:/Web/full-projects/daftar-v1/dafter-api-v1/node_modules/.prisma/client/index".Prisma' has no exported member 'ExpenseSelect'.

[7m75[0m } satisfies Prisma.ExpenseSelect;
[7m  [0m [91m                   ~~~~~~~~~~~~~[0m

[96msrc/modules/expenses/expenses.repository.ts[0m:[93m98[0m:[93m13[0m - [91merror[0m[90m TS2694: [0mNamespace '"D:/Web/full-projects/daftar-v1/dafter-api-v1/node_modules/.prisma/client/index".Prisma' has no exported member 'ExpenseWhereInput'.

[7m98[0m   ): Prisma.ExpenseWhereInput {
[7m  [0m [91m            ~~~~~~~~~~~~~~~~~[0m

[96msrc/modules/expenses/expenses.repository.ts[0m:[93m99[0m:[93m25[0m - [91merror[0m[90m TS2694: [0mNamespace '"D:/Web/full-projects/daftar-v1/dafter-api-v1/node_modules/.prisma/client/index".Prisma' has no exported member 'ExpenseWhereInput'.

[7m99[0m     const where: Prisma.ExpenseWhereInput = {
[7m  [0m [91m                        ~~~~~~~~~~~~~~~~~[0m

[96msrc/modules/expenses/expenses.repository.ts[0m:[93m131[0m:[93m15[0m - [91merror[0m[90m TS2339: [0mProperty 'expense' does not exist on type 'TransactionClient'.

[7m131[0m     return db.expense.create({
[7m   [0m [91m              ~~~~~~~[0m

[96msrc/modules/expenses/expenses.repository.ts[0m:[93m159[0m:[93m19[0m - [91merror[0m[90m TS2339: [0mProperty 'expense' does not exist on type 'PrismaService'.

[7m159[0m       this.prisma.expense.findMany({
[7m   [0m [91m                  ~~~~~~~[0m

[96msrc/modules/expenses/expenses.repository.ts[0m:[93m166[0m:[93m19[0m - [91merror[0m[90m TS2339: [0mProperty 'expense' does not exist on type 'PrismaService'.

[7m166[0m       this.prisma.expense.count({ where }),
[7m   [0m [91m                  ~~~~~~~[0m

[96msrc/modules/expenses/expenses.repository.ts[0m:[93m188[0m:[93m24[0m - [91merror[0m[90m TS2339: [0mProperty 'expense' does not exist on type 'PrismaService'.

[7m188[0m     return this.prisma.expense.findFirst({
[7m   [0m [91m                       ~~~~~~~[0m

[96msrc/modules/expenses/expenses.repository.ts[0m:[93m202[0m:[93m14[0m - [91merror[0m[90m TS2339: [0mProperty 'expense' does not exist on type 'TransactionClient'.

[7m202[0m     await db.expense.updateMany({
[7m   [0m [91m             ~~~~~~~[0m

[96msrc/modules/expenses/expenses.repository.ts[0m:[93m206[0m:[93m15[0m - [91merror[0m[90m TS2339: [0mProperty 'expense' does not exist on type 'TransactionClient'.

[7m206[0m     return db.expense.findFirstOrThrow({
[7m   [0m [91m              ~~~~~~~[0m

[96msrc/modules/expenses/expenses.repository.ts[0m:[93m218[0m:[93m14[0m - [91merror[0m[90m TS2339: [0mProperty 'expense' does not exist on type 'TransactionClient'.

[7m218[0m     await db.expense.updateMany({
[7m   [0m [91m             ~~~~~~~[0m

[96msrc/modules/expenses/expenses.repository.ts[0m:[93m225[0m:[93m37[0m - [91merror[0m[90m TS2339: [0mProperty 'expense' does not exist on type 'PrismaService'.

[7m225[0m     const count = await this.prisma.expense.count({
[7m   [0m [91m                                    ~~~~~~~[0m

[96msrc/modules/expenses/expenses.repository.ts[0m:[93m240[0m:[93m41[0m - [91merror[0m[90m TS2339: [0mProperty 'expense' does not exist on type 'PrismaService'.

[7m240[0m     const aggregate = await this.prisma.expense.aggregate({
[7m   [0m [91m                                        ~~~~~~~[0m

[96msrc/modules/expenses/expenses.repository.ts[0m:[93m247[0m:[93m39[0m - [91merror[0m[90m TS2339: [0mProperty 'expense' does not exist on type 'PrismaService'.

[7m247[0m     const grouped = await this.prisma.expense.groupBy({
[7m   [0m [91m                                      ~~~~~~~[0m

[[90m2:42:37 PM[0m] Found 17 errors. Watching for file changes.

[2J[3J[H[[90m2:42:44 PM[0m] File change detected. Starting incremental compilation...

[96msrc/modules/expenses/dto/create-expense.dto.ts[0m:[93m12[0m:[93m10[0m - [91merror[0m[90m TS2305: [0mModule '"@prisma/client"' has no exported member 'ExpenseCategory'.

[7m12[0m import { ExpenseCategory } from '@prisma/client';
[7m  [0m [91m         ~~~~~~~~~~~~~~~[0m

[96msrc/modules/expenses/dto/query-expense.dto.ts[0m:[93m11[0m:[93m10[0m - [91merror[0m[90m TS2305: [0mModule '"@prisma/client"' has no exported member 'ExpenseCategory'.

[7m11[0m import { ExpenseCategory } from '@prisma/client';
[7m  [0m [91m         ~~~~~~~~~~~~~~~[0m

[96msrc/modules/expenses/expenses.repository.ts[0m:[93m3[0m:[93m18[0m - [91merror[0m[90m TS2305: [0mModule '"@prisma/client"' has no exported member 'Expense'.

[7m3[0m import { Prisma, Expense, ExpenseCategory } from '@prisma/client';
[7m [0m [91m                 ~~~~~~~[0m

[96msrc/modules/expenses/expenses.repository.ts[0m:[93m3[0m:[93m27[0m - [91merror[0m[90m TS2305: [0mModule '"@prisma/client"' has no exported member 'ExpenseCategory'.

[7m3[0m import { Prisma, Expense, ExpenseCategory } from '@prisma/client';
[7m [0m [91m                          ~~~~~~~~~~~~~~~[0m

[96msrc/modules/expenses/expenses.repository.ts[0m:[93m75[0m:[93m20[0m - [91merror[0m[90m TS2694: [0mNamespace '"D:/Web/full-projects/daftar-v1/dafter-api-v1/node_modules/.prisma/client/index".Prisma' has no exported member 'ExpenseSelect'.

[7m75[0m } satisfies Prisma.ExpenseSelect;
[7m  [0m [91m                   ~~~~~~~~~~~~~[0m

[96msrc/modules/expenses/expenses.repository.ts[0m:[93m98[0m:[93m13[0m - [91merror[0m[90m TS2694: [0mNamespace '"D:/Web/full-projects/daftar-v1/dafter-api-v1/node_modules/.prisma/client/index".Prisma' has no exported member 'ExpenseWhereInput'.

[7m98[0m   ): Prisma.ExpenseWhereInput {
[7m  [0m [91m            ~~~~~~~~~~~~~~~~~[0m

[96msrc/modules/expenses/expenses.repository.ts[0m:[93m99[0m:[93m25[0m - [91merror[0m[90m TS2694: [0mNamespace '"D:/Web/full-projects/daftar-v1/dafter-api-v1/node_modules/.prisma/client/index".Prisma' has no exported member 'ExpenseWhereInput'.

[7m99[0m     const where: Prisma.ExpenseWhereInput = {
[7m  [0m [91m                        ~~~~~~~~~~~~~~~~~[0m

[96msrc/modules/expenses/expenses.repository.ts[0m:[93m131[0m:[93m15[0m - [91merror[0m[90m TS2339: [0mProperty 'expense' does not exist on type 'TransactionClient'.

[7m131[0m     return db.expense.create({
[7m   [0m [91m              ~~~~~~~[0m

[96msrc/modules/expenses/expenses.repository.ts[0m:[93m159[0m:[93m19[0m - [91merror[0m[90m TS2339: [0mProperty 'expense' does not exist on type 'PrismaService'.

[7m159[0m       this.prisma.expense.findMany({
[7m   [0m [91m                  ~~~~~~~[0m

[96msrc/modules/expenses/expenses.repository.ts[0m:[93m166[0m:[93m19[0m - [91merror[0m[90m TS2339: [0mProperty 'expense' does not exist on type 'PrismaService'.

[7m166[0m       this.prisma.expense.count({ where }),
[7m   [0m [91m                  ~~~~~~~[0m

[96msrc/modules/expenses/expenses.repository.ts[0m:[93m188[0m:[93m24[0m - [91merror[0m[90m TS2339: [0mProperty 'expense' does not exist on type 'PrismaService'.

[7m188[0m     return this.prisma.expense.findFirst({
[7m   [0m [91m                       ~~~~~~~[0m

[96msrc/modules/expenses/expenses.repository.ts[0m:[93m202[0m:[93m14[0m - [91merror[0m[90m TS2339: [0mProperty 'expense' does not exist on type 'TransactionClient'.

[7m202[0m     await db.expense.updateMany({
[7m   [0m [91m             ~~~~~~~[0m

[96msrc/modules/expenses/expenses.repository.ts[0m:[93m206[0m:[93m15[0m - [91merror[0m[90m TS2339: [0mProperty 'expense' does not exist on type 'TransactionClient'.

[7m206[0m     return db.expense.findFirstOrThrow({
[7m   [0m [91m              ~~~~~~~[0m

[96msrc/modules/expenses/expenses.repository.ts[0m:[93m218[0m:[93m14[0m - [91merror[0m[90m TS2339: [0mProperty 'expense' does not exist on type 'TransactionClient'.

[7m218[0m     await db.expense.updateMany({
[7m   [0m [91m             ~~~~~~~[0m

[96msrc/modules/expenses/expenses.repository.ts[0m:[93m225[0m:[93m37[0m - [91merror[0m[90m TS2339: [0mProperty 'expense' does not exist on type 'PrismaService'.

[7m225[0m     const count = await this.prisma.expense.count({
[7m   [0m [91m                                    ~~~~~~~[0m

[96msrc/modules/expenses/expenses.repository.ts[0m:[93m253[0m:[93m9[0m - [91merror[0m[90m TS2322: [0mType 'Record<string, unknown>' is not assignable to type 'JsonNull | InputJsonValue | undefined'.
  Type 'Record<string, unknown>' is missing the following properties from type 'readonly (InputJsonValue | null)[]': length, concat, join, slice, and 26 more.

[7m253[0m         metadata: data.metadata ?? {},
[7m   [0m [91m        ~~~~~~~~[0m

  [96mnode_modules/.prisma/client/index.d.ts[0m:[93m32435[0m:[93m5[0m
    [7m32435[0m     metadata?: JsonNullValueInput | InputJsonValue
    [7m     [0m [96m    ~~~~~~~~[0m
    The expected type comes from property 'metadata' which is declared here on type '(Without<AuditLogCreateInput, AuditLogUncheckedCreateInput> & AuditLogUncheckedCreateInput) | (Without<...> & AuditLogCreateInput)'

[96msrc/modules/expenses/expenses.repository.ts[0m:[93m267[0m:[93m41[0m - [91merror[0m[90m TS2339: [0mProperty 'expense' does not exist on type 'PrismaService'.

[7m267[0m     const aggregate = await this.prisma.expense.aggregate({
[7m   [0m [91m                                        ~~~~~~~[0m

[96msrc/modules/expenses/expenses.repository.ts[0m:[93m274[0m:[93m39[0m - [91merror[0m[90m TS2339: [0mProperty 'expense' does not exist on type 'PrismaService'.

[7m274[0m     const grouped = await this.prisma.expense.groupBy({
[7m   [0m [91m                                      ~~~~~~~[0m

[[90m2:42:45 PM[0m] Found 18 errors. Watching for file changes.

[2J[3J[H[[90m2:43:00 PM[0m] File change detected. Starting incremental compilation...

[96msrc/modules/expenses/dto/create-expense.dto.ts[0m:[93m12[0m:[93m10[0m - [91merror[0m[90m TS2305: [0mModule '"@prisma/client"' has no exported member 'ExpenseCategory'.

[7m12[0m import { ExpenseCategory } from '@prisma/client';
[7m  [0m [91m         ~~~~~~~~~~~~~~~[0m

[96msrc/modules/expenses/dto/query-expense.dto.ts[0m:[93m11[0m:[93m10[0m - [91merror[0m[90m TS2305: [0mModule '"@prisma/client"' has no exported member 'ExpenseCategory'.

[7m11[0m import { ExpenseCategory } from '@prisma/client';
[7m  [0m [91m         ~~~~~~~~~~~~~~~[0m

[96msrc/modules/expenses/expenses.repository.ts[0m:[93m3[0m:[93m18[0m - [91merror[0m[90m TS2305: [0mModule '"@prisma/client"' has no exported member 'Expense'.

[7m3[0m import { Prisma, Expense, ExpenseCategory } from '@prisma/client';
[7m [0m [91m                 ~~~~~~~[0m

[96msrc/modules/expenses/expenses.repository.ts[0m:[93m3[0m:[93m27[0m - [91merror[0m[90m TS2305: [0mModule '"@prisma/client"' has no exported member 'ExpenseCategory'.

[7m3[0m import { Prisma, Expense, ExpenseCategory } from '@prisma/client';
[7m [0m [91m                          ~~~~~~~~~~~~~~~[0m

[96msrc/modules/expenses/expenses.repository.ts[0m:[93m75[0m:[93m20[0m - [91merror[0m[90m TS2694: [0mNamespace '"D:/Web/full-projects/daftar-v1/dafter-api-v1/node_modules/.prisma/client/index".Prisma' has no exported member 'ExpenseSelect'.

[7m75[0m } satisfies Prisma.ExpenseSelect;
[7m  [0m [91m                   ~~~~~~~~~~~~~[0m

[96msrc/modules/expenses/expenses.repository.ts[0m:[93m98[0m:[93m13[0m - [91merror[0m[90m TS2694: [0mNamespace '"D:/Web/full-projects/daftar-v1/dafter-api-v1/node_modules/.prisma/client/index".Prisma' has no exported member 'ExpenseWhereInput'.

[7m98[0m   ): Prisma.ExpenseWhereInput {
[7m  [0m [91m            ~~~~~~~~~~~~~~~~~[0m

[96msrc/modules/expenses/expenses.repository.ts[0m:[93m99[0m:[93m25[0m - [91merror[0m[90m TS2694: [0mNamespace '"D:/Web/full-projects/daftar-v1/dafter-api-v1/node_modules/.prisma/client/index".Prisma' has no exported member 'ExpenseWhereInput'.

[7m99[0m     const where: Prisma.ExpenseWhereInput = {
[7m  [0m [91m                        ~~~~~~~~~~~~~~~~~[0m

[96msrc/modules/expenses/expenses.repository.ts[0m:[93m131[0m:[93m15[0m - [91merror[0m[90m TS2339: [0mProperty 'expense' does not exist on type 'TransactionClient'.

[7m131[0m     return db.expense.create({
[7m   [0m [91m              ~~~~~~~[0m

[96msrc/modules/expenses/expenses.repository.ts[0m:[93m159[0m:[93m19[0m - [91merror[0m[90m TS2339: [0mProperty 'expense' does not exist on type 'PrismaService'.

[7m159[0m       this.prisma.expense.findMany({
[7m   [0m [91m                  ~~~~~~~[0m

[96msrc/modules/expenses/expenses.repository.ts[0m:[93m166[0m:[93m19[0m - [91merror[0m[90m TS2339: [0mProperty 'expense' does not exist on type 'PrismaService'.

[7m166[0m       this.prisma.expense.count({ where }),
[7m   [0m [91m                  ~~~~~~~[0m

[96msrc/modules/expenses/expenses.repository.ts[0m:[93m188[0m:[93m24[0m - [91merror[0m[90m TS2339: [0mProperty 'expense' does not exist on type 'PrismaService'.

[7m188[0m     return this.prisma.expense.findFirst({
[7m   [0m [91m                       ~~~~~~~[0m

[96msrc/modules/expenses/expenses.repository.ts[0m:[93m202[0m:[93m14[0m - [91merror[0m[90m TS2339: [0mProperty 'expense' does not exist on type 'TransactionClient'.

[7m202[0m     await db.expense.updateMany({
[7m   [0m [91m             ~~~~~~~[0m

[96msrc/modules/expenses/expenses.repository.ts[0m:[93m206[0m:[93m15[0m - [91merror[0m[90m TS2339: [0mProperty 'expense' does not exist on type 'TransactionClient'.

[7m206[0m     return db.expense.findFirstOrThrow({
[7m   [0m [91m              ~~~~~~~[0m

[96msrc/modules/expenses/expenses.repository.ts[0m:[93m218[0m:[93m14[0m - [91merror[0m[90m TS2339: [0mProperty 'expense' does not exist on type 'TransactionClient'.

[7m218[0m     await db.expense.updateMany({
[7m   [0m [91m             ~~~~~~~[0m

[96msrc/modules/expenses/expenses.repository.ts[0m:[93m225[0m:[93m37[0m - [91merror[0m[90m TS2339: [0mProperty 'expense' does not exist on type 'PrismaService'.

[7m225[0m     const count = await this.prisma.expense.count({
[7m   [0m [91m                                    ~~~~~~~[0m

[96msrc/modules/expenses/expenses.repository.ts[0m:[93m253[0m:[93m9[0m - [91merror[0m[90m TS2322: [0mType 'Record<string, unknown>' is not assignable to type 'JsonNull | InputJsonValue | undefined'.
  Type 'Record<string, unknown>' is missing the following properties from type 'readonly (InputJsonValue | null)[]': length, concat, join, slice, and 26 more.

[7m253[0m         metadata: data.metadata ?? {},
[7m   [0m [91m        ~~~~~~~~[0m

  [96mnode_modules/.prisma/client/index.d.ts[0m:[93m32435[0m:[93m5[0m
    [7m32435[0m     metadata?: JsonNullValueInput | InputJsonValue
    [7m     [0m [96m    ~~~~~~~~[0m
    The expected type comes from property 'metadata' which is declared here on type '(Without<AuditLogCreateInput, AuditLogUncheckedCreateInput> & AuditLogUncheckedCreateInput) | (Without<...> & AuditLogCreateInput)'

[96msrc/modules/expenses/expenses.repository.ts[0m:[93m267[0m:[93m41[0m - [91merror[0m[90m TS2339: [0mProperty 'expense' does not exist on type 'PrismaService'.

[7m267[0m     const aggregate = await this.prisma.expense.aggregate({
[7m   [0m [91m                                        ~~~~~~~[0m

[96msrc/modules/expenses/expenses.repository.ts[0m:[93m274[0m:[93m39[0m - [91merror[0m[90m TS2339: [0mProperty 'expense' does not exist on type 'PrismaService'.

[7m274[0m     const grouped = await this.prisma.expense.groupBy({
[7m   [0m [91m                                      ~~~~~~~[0m

[96msrc/modules/expenses/use-cases/create-expense.use-case.ts[0m:[93m78[0m:[93m27[0m - [91merror[0m[90m TS2339: [0mProperty 'id' does not exist on type 'ExpenseWithSupplier'.

[7m78[0m         entityId: created.id,
[7m  [0m [91m                          ~~[0m

[96msrc/modules/expenses/use-cases/create-expense.use-case.ts[0m:[93m88[0m:[93m37[0m - [91merror[0m[90m TS2339: [0mProperty 'id' does not exist on type 'ExpenseWithSupplier'.

[7m88[0m         `Expense created: ${created.id} | category: ${dto.category} | ` +
[7m  [0m [91m                                    ~~[0m

[[90m2:43:00 PM[0m] Found 20 errors. Watching for file changes.

[32m[Nest] 19632  - [39m02/23/2026, 2:43:04 PM [32m    LOG[39m [38;5;3m[NestFactory] [39m[32mStarting Nest application...[39m
[32m[Nest] 19632  - [39m02/23/2026, 2:43:04 PM [32m    LOG[39m [38;5;3m[InstanceLoader] [39m[32mBullModule dependencies initialized[39m[38;5;3m +1ms[39m
[32m[Nest] 19632  - [39m02/23/2026, 2:43:04 PM [32m    LOG[39m [38;5;3m[InstanceLoader] [39m[32mDatabaseModule dependencies initialized[39m[38;5;3m +0ms[39m
[32m[Nest] 19632  - [39m02/23/2026, 2:43:04 PM [32m    LOG[39m [38;5;3m[InstanceLoader] [39m[32mPrismaModule dependencies initialized[39m[38;5;3m +0ms[39m
[32m[Nest] 19632  - [39m02/23/2026, 2:43:04 PM [32m    LOG[39m [38;5;3m[InstanceLoader] [39m[32mLoggerModule dependencies initialized[39m[38;5;3m +0ms[39m
[32m[Nest] 19632  - [39m02/23/2026, 2:43:04 PM [32m    LOG[39m [38;5;3m[InstanceLoader] [39m[32mTranslationModule dependencies initialized[39m[38;5;3m +1ms[39m
[32m[Nest] 19632  - [39m02/23/2026, 2:43:04 PM [32m    LOG[39m [38;5;3m[InstanceLoader] [39m[32mPassportModule dependencies initialized[39m[38;5;3m +0ms[39m
[32m[Nest] 19632  - [39m02/23/2026, 2:43:04 PM [32m    LOG[39m [38;5;3m[InstanceLoader] [39m[32mConfigHostModule dependencies initialized[39m[38;5;3m +0ms[39m
[32m[Nest] 19632  - [39m02/23/2026, 2:43:04 PM [32m    LOG[39m [38;5;3m[InstanceLoader] [39m[32mThrottlerModule dependencies initialized[39m[38;5;3m +0ms[39m
[32m[Nest] 19632  - [39m02/23/2026, 2:43:04 PM [32m    LOG[39m [38;5;3m[InstanceLoader] [39m[32mDiscoveryModule dependencies initialized[39m[38;5;3m +0ms[39m
[33m[Nest] 19632  - [39m02/23/2026, 2:43:04 PM [33m   WARN[39m [38;5;3m[WhatsAppService] [39m[33mTwilio credentials not configured — WhatsApp sending disabled[39m
[32m[Nest] 19632  - [39m02/23/2026, 2:43:04 PM [32m    LOG[39m [38;5;3m[InstanceLoader] [39m[32mGuardsModule dependencies initialized[39m[38;5;3m +0ms[39m
[32m[Nest] 19632  - [39m02/23/2026, 2:43:04 PM [32m    LOG[39m [38;5;3m[InstanceLoader] [39m[32mConfigModule dependencies initialized[39m[38;5;3m +0ms[39m
[32m[Nest] 19632  - [39m02/23/2026, 2:43:04 PM [32m    LOG[39m [38;5;3m[InstanceLoader] [39m[32mConfigModule dependencies initialized[39m[38;5;3m +0ms[39m
[32m[Nest] 19632  - [39m02/23/2026, 2:43:04 PM [32m    LOG[39m [38;5;3m[InstanceLoader] [39m[32mBullModule dependencies initialized[39m[38;5;3m +0ms[39m
[32m[Nest] 19632  - [39m02/23/2026, 2:43:04 PM [32m    LOG[39m [38;5;3m[InstanceLoader] [39m[32mCacheModule dependencies initialized[39m[38;5;3m +0ms[39m
[32m[Nest] 19632  - [39m02/23/2026, 2:43:04 PM [32m    LOG[39m [38;5;3m[InstanceLoader] [39m[32mJwtModule dependencies initialized[39m[38;5;3m +0ms[39m
[32m[Nest] 19632  - [39m02/23/2026, 2:43:04 PM [32m    LOG[39m [38;5;3m[InstanceLoader] [39m[32mBullModule dependencies initialized[39m[38;5;3m +0ms[39m
[32m[Nest] 19632  - [39m02/23/2026, 2:43:04 PM [32m    LOG[39m [38;5;3m[InstanceLoader] [39m[32mAppModule dependencies initialized[39m[38;5;3m +0ms[39m
[32m[Nest] 19632  - [39m02/23/2026, 2:43:04 PM [32m    LOG[39m [38;5;3m[InstanceLoader] [39m[32mPlatformModule dependencies initialized[39m[38;5;3m +0ms[39m
[32m[Nest] 19632  - [39m02/23/2026, 2:43:04 PM [32m    LOG[39m [38;5;3m[InstanceLoader] [39m[32mUsersModule dependencies initialized[39m[38;5;3m +0ms[39m
[32m[Nest] 19632  - [39m02/23/2026, 2:43:04 PM [32m    LOG[39m [38;5;3m[InstanceLoader] [39m[32mCustomersModule dependencies initialized[39m[38;5;3m +0ms[39m
[32m[Nest] 19632  - [39m02/23/2026, 2:43:04 PM [32m    LOG[39m [38;5;3m[InstanceLoader] [39m[32mSuppliersModule dependencies initialized[39m[38;5;3m +0ms[39m
[32m[Nest] 19632  - [39m02/23/2026, 2:43:04 PM [32m    LOG[39m [38;5;3m[InstanceLoader] [39m[32mEmployeesModule dependencies initialized[39m[38;5;3m +0ms[39m
[32m[Nest] 19632  - [39m02/23/2026, 2:43:04 PM [32m    LOG[39m [38;5;3m[InstanceLoader] [39m[32mDeferredSalesModule dependencies initialized[39m[38;5;3m +0ms[39m
[32m[Nest] 19632  - [39m02/23/2026, 2:43:04 PM [32m    LOG[39m [38;5;3m[InstanceLoader] [39m[32mInstallmentsModule dependencies initialized[39m[38;5;3m +1ms[39m
[32m[Nest] 19632  - [39m02/23/2026, 2:43:04 PM [32m    LOG[39m [38;5;3m[InstanceLoader] [39m[32mReportsModule dependencies initialized[39m[38;5;3m +0ms[39m
[32m[Nest] 19632  - [39m02/23/2026, 2:43:04 PM [32m    LOG[39m [38;5;3m[InstanceLoader] [39m[32mNotificationsModule dependencies initialized[39m[38;5;3m +0ms[39m
[32m[Nest] 19632  - [39m02/23/2026, 2:43:04 PM [32m    LOG[39m [38;5;3m[InstanceLoader] [39m[32mLedgerModule dependencies initialized[39m[38;5;3m +0ms[39m
[32m[Nest] 19632  - [39m02/23/2026, 2:43:04 PM [32m    LOG[39m [38;5;3m[InstanceLoader] [39m[32mAuthModule dependencies initialized[39m[38;5;3m +0ms[39m
[32m[Nest] 19632  - [39m02/23/2026, 2:43:04 PM [32m    LOG[39m [38;5;3m[RoutesResolver] [39m[32mAppController {/api/v1}:[39m[38;5;3m +0ms[39m
[32m[Nest] 19632  - [39m02/23/2026, 2:43:04 PM [32m    LOG[39m [38;5;3m[RouterExplorer] [39m[32mMapped {/api/v1/health, GET} route[39m[38;5;3m +0ms[39m
[32m[Nest] 19632  - [39m02/23/2026, 2:43:04 PM [32m    LOG[39m [38;5;3m[RoutesResolver] [39m[32mAuthController {/api/v1/auth}:[39m[38;5;3m +0ms[39m
[32m[Nest] 19632  - [39m02/23/2026, 2:43:04 PM [32m    LOG[39m [38;5;3m[RouterExplorer] [39m[32mMapped {/api/v1/auth/register, POST} route[39m[38;5;3m +0ms[39m
[32m[Nest] 19632  - [39m02/23/2026, 2:43:04 PM [32m    LOG[39m [38;5;3m[RouterExplorer] [39m[32mMapped {/api/v1/auth/login, POST} route[39m[38;5;3m +0ms[39m
[32m[Nest] 19632  - [39m02/23/2026, 2:43:04 PM [32m    LOG[39m [38;5;3m[RouterExplorer] [39m[32mMapped {/api/v1/auth/refresh, POST} route[39m[38;5;3m +0ms[39m
[32m[Nest] 19632  - [39m02/23/2026, 2:43:04 PM [32m    LOG[39m [38;5;3m[RouterExplorer] [39m[32mMapped {/api/v1/auth/logout, POST} route[39m[38;5;3m +0ms[39m
[32m[Nest] 19632  - [39m02/23/2026, 2:43:04 PM [32m    LOG[39m [38;5;3m[RouterExplorer] [39m[32mMapped {/api/v1/auth/logout-all, POST} route[39m[38;5;3m +0ms[39m
[32m[Nest] 19632  - [39m02/23/2026, 2:43:04 PM [32m    LOG[39m [38;5;3m[RouterExplorer] [39m[32mMapped {/api/v1/auth/change-password, POST} route[39m[38;5;3m +0ms[39m
[32m[Nest] 19632  - [39m02/23/2026, 2:43:04 PM [32m    LOG[39m [38;5;3m[RouterExplorer] [39m[32mMapped {/api/v1/auth/me, GET} route[39m[38;5;3m +0ms[39m
[32m[Nest] 19632  - [39m02/23/2026, 2:43:04 PM [32m    LOG[39m [38;5;3m[RouterExplorer] [39m[32mMapped {/api/v1/auth/sessions, GET} route[39m[38;5;3m +0ms[39m
[32m[Nest] 19632  - [39m02/23/2026, 2:43:04 PM [32m    LOG[39m [38;5;3m[RouterExplorer] [39m[32mMapped {/api/v1/auth/forgot-password, POST} route[39m[38;5;3m +0ms[39m
[32m[Nest] 19632  - [39m02/23/2026, 2:43:04 PM [32m    LOG[39m [38;5;3m[RouterExplorer] [39m[32mMapped {/api/v1/auth/reset-password, POST} route[39m[38;5;3m +0ms[39m
[32m[Nest] 19632  - [39m02/23/2026, 2:43:04 PM [32m    LOG[39m [38;5;3m[RoutesResolver] [39m[32mNotificationsController {/api/v1/notifications}:[39m[38;5;3m +0ms[39m
[32m[Nest] 19632  - [39m02/23/2026, 2:43:04 PM [32m    LOG[39m [38;5;3m[RouterExplorer] [39m[32mMapped {/api/v1/notifications/device-token, POST} route[39m[38;5;3m +0ms[39m
[32m[Nest] 19632  - [39m02/23/2026, 2:43:04 PM [32m    LOG[39m [38;5;3m[RouterExplorer] [39m[32mMapped {/api/v1/notifications/device-token/:token, DELETE} route[39m[38;5;3m +0ms[39m
[32m[Nest] 19632  - [39m02/23/2026, 2:43:04 PM [32m    LOG[39m [38;5;3m[RouterExplorer] [39m[32mMapped {/api/v1/notifications/unread-count, GET} route[39m[38;5;3m +0ms[39m
[32m[Nest] 19632  - [39m02/23/2026, 2:43:04 PM [32m    LOG[39m [38;5;3m[RouterExplorer] [39m[32mMapped {/api/v1/notifications, GET} route[39m[38;5;3m +0ms[39m
[32m[Nest] 19632  - [39m02/23/2026, 2:43:04 PM [32m    LOG[39m [38;5;3m[RouterExplorer] [39m[32mMapped {/api/v1/notifications/read-all, PATCH} route[39m[38;5;3m +0ms[39m
[32m[Nest] 19632  - [39m02/23/2026, 2:43:04 PM [32m    LOG[39m [38;5;3m[RouterExplorer] [39m[32mMapped {/api/v1/notifications/:id/read, PATCH} route[39m[38;5;3m +0ms[39m
[32m[Nest] 19632  - [39m02/23/2026, 2:43:04 PM [32m    LOG[39m [38;5;3m[RoutesResolver] [39m[32mPlatformController {/api/v1/platform}:[39m[38;5;3m +0ms[39m
[32m[Nest] 19632  - [39m02/23/2026, 2:43:04 PM [32m    LOG[39m [38;5;3m[RouterExplorer] [39m[32mMapped {/api/v1/platform/companies, POST} route[39m[38;5;3m +0ms[39m
[32m[Nest] 19632  - [39m02/23/2026, 2:43:04 PM [32m    LOG[39m [38;5;3m[RouterExplorer] [39m[32mMapped {/api/v1/platform/companies, GET} route[39m[38;5;3m +0ms[39m
[32m[Nest] 19632  - [39m02/23/2026, 2:43:04 PM [32m    LOG[39m [38;5;3m[RouterExplorer] [39m[32mMapped {/api/v1/platform/companies/:id, GET} route[39m[38;5;3m +0ms[39m
[32m[Nest] 19632  - [39m02/23/2026, 2:43:04 PM [32m    LOG[39m [38;5;3m[RouterExplorer] [39m[32mMapped {/api/v1/platform/companies/:id/metrics, GET} route[39m[38;5;3m +0ms[39m
[32m[Nest] 19632  - [39m02/23/2026, 2:43:04 PM [32m    LOG[39m [38;5;3m[RouterExplorer] [39m[32mMapped {/api/v1/platform/plans, POST} route[39m[38;5;3m +0ms[39m
[32m[Nest] 19632  - [39m02/23/2026, 2:43:04 PM [32m    LOG[39m [38;5;3m[RouterExplorer] [39m[32mMapped {/api/v1/platform/plans, GET} route[39m[38;5;3m +0ms[39m
[32m[Nest] 19632  - [39m02/23/2026, 2:43:04 PM [32m    LOG[39m [38;5;3m[RouterExplorer] [39m[32mMapped {/api/v1/platform/plans/:id, PATCH} route[39m[38;5;3m +0ms[39m
[32m[Nest] 19632  - [39m02/23/2026, 2:43:04 PM [32m    LOG[39m [38;5;3m[RouterExplorer] [39m[32mMapped {/api/v1/platform/subscriptions/activate, POST} route[39m[38;5;3m +1ms[39m
[32m[Nest] 19632  - [39m02/23/2026, 2:43:04 PM [32m    LOG[39m [38;5;3m[RouterExplorer] [39m[32mMapped {/api/v1/platform/subscriptions/suspend, POST} route[39m[38;5;3m +0ms[39m
[32m[Nest] 19632  - [39m02/23/2026, 2:43:04 PM [32m    LOG[39m [38;5;3m[RouterExplorer] [39m[32mMapped {/api/v1/platform/subscriptions/extend, POST} route[39m[38;5;3m +0ms[39m
[32m[Nest] 19632  - [39m02/23/2026, 2:43:04 PM [32m    LOG[39m [38;5;3m[RoutesResolver] [39m[32mUsersController {/api/v1/users}:[39m[38;5;3m +0ms[39m
[32m[Nest] 19632  - [39m02/23/2026, 2:43:04 PM [32m    LOG[39m [38;5;3m[RouterExplorer] [39m[32mMapped {/api/v1/users/staff, POST} route[39m[38;5;3m +0ms[39m
[32m[Nest] 19632  - [39m02/23/2026, 2:43:04 PM [32m    LOG[39m [38;5;3m[RouterExplorer] [39m[32mMapped {/api/v1/users/stats, GET} route[39m[38;5;3m +0ms[39m
[32m[Nest] 19632  - [39m02/23/2026, 2:43:04 PM [32m    LOG[39m [38;5;3m[RouterExplorer] [39m[32mMapped {/api/v1/users, GET} route[39m[38;5;3m +0ms[39m
[32m[Nest] 19632  - [39m02/23/2026, 2:43:04 PM [32m    LOG[39m [38;5;3m[RouterExplorer] [39m[32mMapped {/api/v1/users/:id, GET} route[39m[38;5;3m +0ms[39m
[32m[Nest] 19632  - [39m02/23/2026, 2:43:04 PM [32m    LOG[39m [38;5;3m[RouterExplorer] [39m[32mMapped {/api/v1/users/:id, PATCH} route[39m[38;5;3m +0ms[39m
[32m[Nest] 19632  - [39m02/23/2026, 2:43:04 PM [32m    LOG[39m [38;5;3m[RouterExplorer] [39m[32mMapped {/api/v1/users/:id/permissions, PATCH} route[39m[38;5;3m +0ms[39m
[32m[Nest] 19632  - [39m02/23/2026, 2:43:04 PM [32m    LOG[39m [38;5;3m[RouterExplorer] [39m[32mMapped {/api/v1/users/:id/disable, PATCH} route[39m[38;5;3m +0ms[39m
[32m[Nest] 19632  - [39m02/23/2026, 2:43:04 PM [32m    LOG[39m [38;5;3m[RouterExplorer] [39m[32mMapped {/api/v1/users/:id/enable, PATCH} route[39m[38;5;3m +0ms[39m
[32m[Nest] 19632  - [39m02/23/2026, 2:43:04 PM [32m    LOG[39m [38;5;3m[RoutesResolver] [39m[32mCustomersController {/api/v1/customers}:[39m[38;5;3m +0ms[39m
[32m[Nest] 19632  - [39m02/23/2026, 2:43:04 PM [32m    LOG[39m [38;5;3m[RouterExplorer] [39m[32mMapped {/api/v1/customers, POST} route[39m[38;5;3m +0ms[39m
[32m[Nest] 19632  - [39m02/23/2026, 2:43:04 PM [32m    LOG[39m [38;5;3m[RouterExplorer] [39m[32mMapped {/api/v1/customers, GET} route[39m[38;5;3m +0ms[39m
[32m[Nest] 19632  - [39m02/23/2026, 2:43:04 PM [32m    LOG[39m [38;5;3m[RouterExplorer] [39m[32mMapped {/api/v1/customers/:id, GET} route[39m[38;5;3m +0ms[39m
[32m[Nest] 19632  - [39m02/23/2026, 2:43:04 PM [32m    LOG[39m [38;5;3m[RouterExplorer] [39m[32mMapped {/api/v1/customers/:id, PATCH} route[39m[38;5;3m +0ms[39m
[32m[Nest] 19632  - [39m02/23/2026, 2:43:04 PM [32m    LOG[39m [38;5;3m[RouterExplorer] [39m[32mMapped {/api/v1/customers/:id, DELETE} route[39m[38;5;3m +0ms[39m
[32m[Nest] 19632  - [39m02/23/2026, 2:43:04 PM [32m    LOG[39m [38;5;3m[RoutesResolver] [39m[32mSuppliersController {/api/v1/suppliers}:[39m[38;5;3m +0ms[39m
[32m[Nest] 19632  - [39m02/23/2026, 2:43:04 PM [32m    LOG[39m [38;5;3m[RouterExplorer] [39m[32mMapped {/api/v1/suppliers, POST} route[39m[38;5;3m +0ms[39m
[32m[Nest] 19632  - [39m02/23/2026, 2:43:04 PM [32m    LOG[39m [38;5;3m[RouterExplorer] [39m[32mMapped {/api/v1/suppliers, GET} route[39m[38;5;3m +0ms[39m
[32m[Nest] 19632  - [39m02/23/2026, 2:43:04 PM [32m    LOG[39m [38;5;3m[RouterExplorer] [39m[32mMapped {/api/v1/suppliers/:id, GET} route[39m[38;5;3m +0ms[39m
[32m[Nest] 19632  - [39m02/23/2026, 2:43:04 PM [32m    LOG[39m [38;5;3m[RouterExplorer] [39m[32mMapped {/api/v1/suppliers/:id, PATCH} route[39m[38;5;3m +0ms[39m
[32m[Nest] 19632  - [39m02/23/2026, 2:43:04 PM [32m    LOG[39m [38;5;3m[RouterExplorer] [39m[32mMapped {/api/v1/suppliers/:id, DELETE} route[39m[38;5;3m +0ms[39m
[32m[Nest] 19632  - [39m02/23/2026, 2:43:04 PM [32m    LOG[39m [38;5;3m[RoutesResolver] [39m[32mEmployeesController {/api/v1/employees}:[39m[38;5;3m +0ms[39m
[32m[Nest] 19632  - [39m02/23/2026, 2:43:04 PM [32m    LOG[39m [38;5;3m[RouterExplorer] [39m[32mMapped {/api/v1/employees, POST} route[39m[38;5;3m +0ms[39m
[32m[Nest] 19632  - [39m02/23/2026, 2:43:04 PM [32m    LOG[39m [38;5;3m[RouterExplorer] [39m[32mMapped {/api/v1/employees, GET} route[39m[38;5;3m +0ms[39m
[32m[Nest] 19632  - [39m02/23/2026, 2:43:04 PM [32m    LOG[39m [38;5;3m[RouterExplorer] [39m[32mMapped {/api/v1/employees/:id, GET} route[39m[38;5;3m +0ms[39m
[32m[Nest] 19632  - [39m02/23/2026, 2:43:04 PM [32m    LOG[39m [38;5;3m[RouterExplorer] [39m[32mMapped {/api/v1/employees/:id, PATCH} route[39m[38;5;3m +0ms[39m
[32m[Nest] 19632  - [39m02/23/2026, 2:43:04 PM [32m    LOG[39m [38;5;3m[RouterExplorer] [39m[32mMapped {/api/v1/employees/:id, DELETE} route[39m[38;5;3m +0ms[39m
[32m[Nest] 19632  - [39m02/23/2026, 2:43:04 PM [32m    LOG[39m [38;5;3m[RoutesResolver] [39m[32mLedgerController {/api/v1/ledger}:[39m[38;5;3m +0ms[39m
[32m[Nest] 19632  - [39m02/23/2026, 2:43:04 PM [32m    LOG[39m [38;5;3m[RouterExplorer] [39m[32mMapped {/api/v1/ledger, POST} route[39m[38;5;3m +0ms[39m
[32m[Nest] 19632  - [39m02/23/2026, 2:43:04 PM [32m    LOG[39m [38;5;3m[RouterExplorer] [39m[32mMapped {/api/v1/ledger/:id, DELETE} route[39m[38;5;3m +0ms[39m
[32m[Nest] 19632  - [39m02/23/2026, 2:43:04 PM [32m    LOG[39m [38;5;3m[RouterExplorer] [39m[32mMapped {/api/v1/ledger/statement, GET} route[39m[38;5;3m +0ms[39m
[32m[Nest] 19632  - [39m02/23/2026, 2:43:04 PM [32m    LOG[39m [38;5;3m[RoutesResolver] [39m[32mDeferredSalesController {/api/v1/deferred-sales}:[39m[38;5;3m +0ms[39m
[32m[Nest] 19632  - [39m02/23/2026, 2:43:04 PM [32m    LOG[39m [38;5;3m[RouterExplorer] [39m[32mMapped {/api/v1/deferred-sales, POST} route[39m[38;5;3m +0ms[39m
[32m[Nest] 19632  - [39m02/23/2026, 2:43:04 PM [32m    LOG[39m [38;5;3m[RouterExplorer] [39m[32mMapped {/api/v1/deferred-sales, GET} route[39m[38;5;3m +0ms[39m
[32m[Nest] 19632  - [39m02/23/2026, 2:43:04 PM [32m    LOG[39m [38;5;3m[RouterExplorer] [39m[32mMapped {/api/v1/deferred-sales/:id, GET} route[39m[38;5;3m +0ms[39m
[32m[Nest] 19632  - [39m02/23/2026, 2:43:04 PM [32m    LOG[39m [38;5;3m[RouterExplorer] [39m[32mMapped {/api/v1/deferred-sales/:id/payments, POST} route[39m[38;5;3m +0ms[39m
[32m[Nest] 19632  - [39m02/23/2026, 2:43:04 PM [32m    LOG[39m [38;5;3m[RouterExplorer] [39m[32mMapped {/api/v1/deferred-sales/:id/cancel, PATCH} route[39m[38;5;3m +0ms[39m
[32m[Nest] 19632  - [39m02/23/2026, 2:43:04 PM [32m    LOG[39m [38;5;3m[RoutesResolver] [39m[32mInstallmentsController {/api/v1/installments}:[39m[38;5;3m +0ms[39m
[32m[Nest] 19632  - [39m02/23/2026, 2:43:04 PM [32m    LOG[39m [38;5;3m[RouterExplorer] [39m[32mMapped {/api/v1/installments/contracts, POST} route[39m[38;5;3m +0ms[39m
[32m[Nest] 19632  - [39m02/23/2026, 2:43:04 PM [32m    LOG[39m [38;5;3m[RouterExplorer] [39m[32mMapped {/api/v1/installments/contracts, GET} route[39m[38;5;3m +0ms[39m
[32m[Nest] 19632  - [39m02/23/2026, 2:43:04 PM [32m    LOG[39m [38;5;3m[RouterExplorer] [39m[32mMapped {/api/v1/installments/schedule, GET} route[39m[38;5;3m +0ms[39m
[32m[Nest] 19632  - [39m02/23/2026, 2:43:04 PM [32m    LOG[39m [38;5;3m[RouterExplorer] [39m[32mMapped {/api/v1/installments/contracts/:id, GET} route[39m[38;5;3m +0ms[39m
[32m[Nest] 19632  - [39m02/23/2026, 2:43:04 PM [32m    LOG[39m [38;5;3m[RouterExplorer] [39m[32mMapped {/api/v1/installments/contracts/:id/payments, POST} route[39m[38;5;3m +0ms[39m
[32m[Nest] 19632  - [39m02/23/2026, 2:43:04 PM [32m    LOG[39m [38;5;3m[RouterExplorer] [39m[32mMapped {/api/v1/installments/contracts/:id/cancel, PATCH} route[39m[38;5;3m +0ms[39m
[32m[Nest] 19632  - [39m02/23/2026, 2:43:04 PM [32m    LOG[39m [38;5;3m[RoutesResolver] [39m[32mReportsController {/api/v1/reports}:[39m[38;5;3m +0ms[39m
[32m[Nest] 19632  - [39m02/23/2026, 2:43:04 PM [32m    LOG[39m [38;5;3m[RouterExplorer] [39m[32mMapped {/api/v1/reports/summary, GET} route[39m[38;5;3m +0ms[39m
[32m[Nest] 19632  - [39m02/23/2026, 2:43:04 PM [32m    LOG[39m [38;5;3m[RouterExplorer] [39m[32mMapped {/api/v1/reports/overdue, GET} route[39m[38;5;3m +0ms[39m
[32m[Nest] 19632  - [39m02/23/2026, 2:43:04 PM [32m    LOG[39m [38;5;3m[RouterExplorer] [39m[32mMapped {/api/v1/reports/collection-schedule, GET} route[39m[38;5;3m +0ms[39m
[32m[Nest] 19632  - [39m02/23/2026, 2:43:04 PM [32m    LOG[39m [38;5;3m[PrismaService] [39m[32m✅ Connected to database[39m
[32m[Nest] 19632  - [39m02/23/2026, 2:43:04 PM [32m    LOG[39m [38;5;3m[PrismaService] [39m[32m✅ Connected to database[39m
[32m[Nest] 19632  - [39m02/23/2026, 2:43:04 PM [32m    LOG[39m [38;5;3m[NestApplication] [39m[32mNest application successfully started[39m[38;5;3m +0ms[39m
2026-02-23 14:43:04  [32MINFO[39M [Bootstrap] [32m🚀 Daftar API running on http://localhost:7000[39m
2026-02-23 14:43:04  [32MINFO[39M [Bootstrap] [32m📚 Swagger docs: http://localhost:7000/api/docs[39m
2026-02-23 14:43:04  [32MINFO[39M [Bootstrap] [32m🔗 API prefix: /api/v1[39m
2026-02-23 14:43:04  [32MINFO[39M [Bootstrap] [32m🌍 Environment: development[39m
[32m[Nest] 19632  - [39m02/23/2026, 2:43:04 PM [32m    LOG[39m [38;5;3m[CacheService] [39m[32m✅ Redis Connected[39m
[32m[Nest] 19632  - [39m02/23/2026, 2:43:04 PM [32m    LOG[39m [38;5;3m[CacheService] [39m[32m✅ Redis Cache Service Initialized[39m
[2J[3J[H[[90m2:43:06 PM[0m] File change detected. Starting incremental compilation...

[96msrc/modules/expenses/dto/create-expense.dto.ts[0m:[93m12[0m:[93m10[0m - [91merror[0m[90m TS2305: [0mModule '"@prisma/client"' has no exported member 'ExpenseCategory'.

[7m12[0m import { ExpenseCategory } from '@prisma/client';
[7m  [0m [91m         ~~~~~~~~~~~~~~~[0m

[96msrc/modules/expenses/dto/query-expense.dto.ts[0m:[93m11[0m:[93m10[0m - [91merror[0m[90m TS2305: [0mModule '"@prisma/client"' has no exported member 'ExpenseCategory'.

[7m11[0m import { ExpenseCategory } from '@prisma/client';
[7m  [0m [91m         ~~~~~~~~~~~~~~~[0m

[96msrc/modules/expenses/expenses.repository.ts[0m:[93m3[0m:[93m18[0m - [91merror[0m[90m TS2305: [0mModule '"@prisma/client"' has no exported member 'Expense'.

[7m3[0m import { Prisma, Expense, ExpenseCategory } from '@prisma/client';
[7m [0m [91m                 ~~~~~~~[0m

[96msrc/modules/expenses/expenses.repository.ts[0m:[93m3[0m:[93m27[0m - [91merror[0m[90m TS2305: [0mModule '"@prisma/client"' has no exported member 'ExpenseCategory'.

[7m3[0m import { Prisma, Expense, ExpenseCategory } from '@prisma/client';
[7m [0m [91m                          ~~~~~~~~~~~~~~~[0m

[96msrc/modules/expenses/expenses.repository.ts[0m:[93m75[0m:[93m20[0m - [91merror[0m[90m TS2694: [0mNamespace '"D:/Web/full-projects/daftar-v1/dafter-api-v1/node_modules/.prisma/client/index".Prisma' has no exported member 'ExpenseSelect'.

[7m75[0m } satisfies Prisma.ExpenseSelect;
[7m  [0m [91m                   ~~~~~~~~~~~~~[0m

[96msrc/modules/expenses/expenses.repository.ts[0m:[93m98[0m:[93m13[0m - [91merror[0m[90m TS2694: [0mNamespace '"D:/Web/full-projects/daftar-v1/dafter-api-v1/node_modules/.prisma/client/index".Prisma' has no exported member 'ExpenseWhereInput'.

[7m98[0m   ): Prisma.ExpenseWhereInput {
[7m  [0m [91m            ~~~~~~~~~~~~~~~~~[0m

[96msrc/modules/expenses/expenses.repository.ts[0m:[93m99[0m:[93m25[0m - [91merror[0m[90m TS2694: [0mNamespace '"D:/Web/full-projects/daftar-v1/dafter-api-v1/node_modules/.prisma/client/index".Prisma' has no exported member 'ExpenseWhereInput'.

[7m99[0m     const where: Prisma.ExpenseWhereInput = {
[7m  [0m [91m                        ~~~~~~~~~~~~~~~~~[0m

[96msrc/modules/expenses/expenses.repository.ts[0m:[93m131[0m:[93m15[0m - [91merror[0m[90m TS2339: [0mProperty 'expense' does not exist on type 'TransactionClient'.

[7m131[0m     return db.expense.create({
[7m   [0m [91m              ~~~~~~~[0m

[96msrc/modules/expenses/expenses.repository.ts[0m:[93m159[0m:[93m19[0m - [91merror[0m[90m TS2339: [0mProperty 'expense' does not exist on type 'PrismaService'.

[7m159[0m       this.prisma.expense.findMany({
[7m   [0m [91m                  ~~~~~~~[0m

[96msrc/modules/expenses/expenses.repository.ts[0m:[93m166[0m:[93m19[0m - [91merror[0m[90m TS2339: [0mProperty 'expense' does not exist on type 'PrismaService'.

[7m166[0m       this.prisma.expense.count({ where }),
[7m   [0m [91m                  ~~~~~~~[0m

[96msrc/modules/expenses/expenses.repository.ts[0m:[93m188[0m:[93m24[0m - [91merror[0m[90m TS2339: [0mProperty 'expense' does not exist on type 'PrismaService'.

[7m188[0m     return this.prisma.expense.findFirst({
[7m   [0m [91m                       ~~~~~~~[0m

[96msrc/modules/expenses/expenses.repository.ts[0m:[93m202[0m:[93m14[0m - [91merror[0m[90m TS2339: [0mProperty 'expense' does not exist on type 'TransactionClient'.

[7m202[0m     await db.expense.updateMany({
[7m   [0m [91m             ~~~~~~~[0m

[96msrc/modules/expenses/expenses.repository.ts[0m:[93m206[0m:[93m15[0m - [91merror[0m[90m TS2339: [0mProperty 'expense' does not exist on type 'TransactionClient'.

[7m206[0m     return db.expense.findFirstOrThrow({
[7m   [0m [91m              ~~~~~~~[0m

[96msrc/modules/expenses/expenses.repository.ts[0m:[93m218[0m:[93m14[0m - [91merror[0m[90m TS2339: [0mProperty 'expense' does not exist on type 'TransactionClient'.

[7m218[0m     await db.expense.updateMany({
[7m   [0m [91m             ~~~~~~~[0m

[96msrc/modules/expenses/expenses.repository.ts[0m:[93m225[0m:[93m37[0m - [91merror[0m[90m TS2339: [0mProperty 'expense' does not exist on type 'PrismaService'.

[7m225[0m     const count = await this.prisma.expense.count({
[7m   [0m [91m                                    ~~~~~~~[0m

[96msrc/modules/expenses/expenses.repository.ts[0m:[93m253[0m:[93m9[0m - [91merror[0m[90m TS2322: [0mType 'Record<string, unknown>' is not assignable to type 'JsonNull | InputJsonValue | undefined'.
  Type 'Record<string, unknown>' is missing the following properties from type 'readonly (InputJsonValue | null)[]': length, concat, join, slice, and 26 more.

[7m253[0m         metadata: data.metadata ?? {},
[7m   [0m [91m        ~~~~~~~~[0m

  [96mnode_modules/.prisma/client/index.d.ts[0m:[93m32435[0m:[93m5[0m
    [7m32435[0m     metadata?: JsonNullValueInput | InputJsonValue
    [7m     [0m [96m    ~~~~~~~~[0m
    The expected type comes from property 'metadata' which is declared here on type '(Without<AuditLogCreateInput, AuditLogUncheckedCreateInput> & AuditLogUncheckedCreateInput) | (Without<...> & AuditLogCreateInput)'

[96msrc/modules/expenses/expenses.repository.ts[0m:[93m267[0m:[93m41[0m - [91merror[0m[90m TS2339: [0mProperty 'expense' does not exist on type 'PrismaService'.

[7m267[0m     const aggregate = await this.prisma.expense.aggregate({
[7m   [0m [91m                                        ~~~~~~~[0m

[96msrc/modules/expenses/expenses.repository.ts[0m:[93m274[0m:[93m39[0m - [91merror[0m[90m TS2339: [0mProperty 'expense' does not exist on type 'PrismaService'.

[7m274[0m     const grouped = await this.prisma.expense.groupBy({
[7m   [0m [91m                                      ~~~~~~~[0m

[96msrc/modules/expenses/use-cases/create-expense.use-case.ts[0m:[93m78[0m:[93m27[0m - [91merror[0m[90m TS2339: [0mProperty 'id' does not exist on type 'ExpenseWithSupplier'.

[7m78[0m         entityId: created.id,
[7m  [0m [91m                          ~~[0m

[96msrc/modules/expenses/use-cases/create-expense.use-case.ts[0m:[93m88[0m:[93m37[0m - [91merror[0m[90m TS2339: [0mProperty 'id' does not exist on type 'ExpenseWithSupplier'.

[7m88[0m         `Expense created: ${created.id} | category: ${dto.category} | ` +
[7m  [0m [91m                                    ~~[0m

[[90m2:43:06 PM[0m] Found 20 errors. Watching for file changes.

[32m[Nest] 38020  - [39m02/23/2026, 2:43:09 PM [32m    LOG[39m [38;5;3m[NestFactory] [39m[32mStarting Nest application...[39m
[32m[Nest] 38020  - [39m02/23/2026, 2:43:09 PM [32m    LOG[39m [38;5;3m[InstanceLoader] [39m[32mBullModule dependencies initialized[39m[38;5;3m +1ms[39m
[32m[Nest] 38020  - [39m02/23/2026, 2:43:09 PM [32m    LOG[39m [38;5;3m[InstanceLoader] [39m[32mDatabaseModule dependencies initialized[39m[38;5;3m +0ms[39m
[32m[Nest] 38020  - [39m02/23/2026, 2:43:09 PM [32m    LOG[39m [38;5;3m[InstanceLoader] [39m[32mPrismaModule dependencies initialized[39m[38;5;3m +0ms[39m
[32m[Nest] 38020  - [39m02/23/2026, 2:43:09 PM [32m    LOG[39m [38;5;3m[InstanceLoader] [39m[32mLoggerModule dependencies initialized[39m[38;5;3m +0ms[39m
[32m[Nest] 38020  - [39m02/23/2026, 2:43:09 PM [32m    LOG[39m [38;5;3m[InstanceLoader] [39m[32mTranslationModule dependencies initialized[39m[38;5;3m +0ms[39m
[32m[Nest] 38020  - [39m02/23/2026, 2:43:09 PM [32m    LOG[39m [38;5;3m[InstanceLoader] [39m[32mPassportModule dependencies initialized[39m[38;5;3m +0ms[39m
[32m[Nest] 38020  - [39m02/23/2026, 2:43:09 PM [32m    LOG[39m [38;5;3m[InstanceLoader] [39m[32mConfigHostModule dependencies initialized[39m[38;5;3m +0ms[39m
[32m[Nest] 38020  - [39m02/23/2026, 2:43:09 PM [32m    LOG[39m [38;5;3m[InstanceLoader] [39m[32mThrottlerModule dependencies initialized[39m[38;5;3m +0ms[39m
[32m[Nest] 38020  - [39m02/23/2026, 2:43:09 PM [32m    LOG[39m [38;5;3m[InstanceLoader] [39m[32mDiscoveryModule dependencies initialized[39m[38;5;3m +0ms[39m
[33m[Nest] 38020  - [39m02/23/2026, 2:43:09 PM [33m   WARN[39m [38;5;3m[WhatsAppService] [39m[33mTwilio credentials not configured — WhatsApp sending disabled[39m
[32m[Nest] 38020  - [39m02/23/2026, 2:43:09 PM [32m    LOG[39m [38;5;3m[InstanceLoader] [39m[32mGuardsModule dependencies initialized[39m[38;5;3m +0ms[39m
[32m[Nest] 38020  - [39m02/23/2026, 2:43:09 PM [32m    LOG[39m [38;5;3m[InstanceLoader] [39m[32mConfigModule dependencies initialized[39m[38;5;3m +0ms[39m
[32m[Nest] 38020  - [39m02/23/2026, 2:43:09 PM [32m    LOG[39m [38;5;3m[InstanceLoader] [39m[32mConfigModule dependencies initialized[39m[38;5;3m +0ms[39m
[32m[Nest] 38020  - [39m02/23/2026, 2:43:09 PM [32m    LOG[39m [38;5;3m[InstanceLoader] [39m[32mBullModule dependencies initialized[39m[38;5;3m +0ms[39m
[32m[Nest] 38020  - [39m02/23/2026, 2:43:09 PM [32m    LOG[39m [38;5;3m[InstanceLoader] [39m[32mCacheModule dependencies initialized[39m[38;5;3m +0ms[39m
[32m[Nest] 38020  - [39m02/23/2026, 2:43:09 PM [32m    LOG[39m [38;5;3m[InstanceLoader] [39m[32mJwtModule dependencies initialized[39m[38;5;3m +0ms[39m
[32m[Nest] 38020  - [39m02/23/2026, 2:43:09 PM [32m    LOG[39m [38;5;3m[InstanceLoader] [39m[32mBullModule dependencies initialized[39m[38;5;3m +0ms[39m
[32m[Nest] 38020  - [39m02/23/2026, 2:43:09 PM [32m    LOG[39m [38;5;3m[InstanceLoader] [39m[32mAppModule dependencies initialized[39m[38;5;3m +0ms[39m
[32m[Nest] 38020  - [39m02/23/2026, 2:43:09 PM [32m    LOG[39m [38;5;3m[InstanceLoader] [39m[32mPlatformModule dependencies initialized[39m[38;5;3m +0ms[39m
[32m[Nest] 38020  - [39m02/23/2026, 2:43:09 PM [32m    LOG[39m [38;5;3m[InstanceLoader] [39m[32mUsersModule dependencies initialized[39m[38;5;3m +0ms[39m
[32m[Nest] 38020  - [39m02/23/2026, 2:43:09 PM [32m    LOG[39m [38;5;3m[InstanceLoader] [39m[32mCustomersModule dependencies initialized[39m[38;5;3m +0ms[39m
[32m[Nest] 38020  - [39m02/23/2026, 2:43:09 PM [32m    LOG[39m [38;5;3m[InstanceLoader] [39m[32mSuppliersModule dependencies initialized[39m[38;5;3m +0ms[39m
[32m[Nest] 38020  - [39m02/23/2026, 2:43:09 PM [32m    LOG[39m [38;5;3m[InstanceLoader] [39m[32mEmployeesModule dependencies initialized[39m[38;5;3m +0ms[39m
[32m[Nest] 38020  - [39m02/23/2026, 2:43:09 PM [32m    LOG[39m [38;5;3m[InstanceLoader] [39m[32mDeferredSalesModule dependencies initialized[39m[38;5;3m +0ms[39m
[32m[Nest] 38020  - [39m02/23/2026, 2:43:09 PM [32m    LOG[39m [38;5;3m[InstanceLoader] [39m[32mInstallmentsModule dependencies initialized[39m[38;5;3m +0ms[39m
[32m[Nest] 38020  - [39m02/23/2026, 2:43:09 PM [32m    LOG[39m [38;5;3m[InstanceLoader] [39m[32mReportsModule dependencies initialized[39m[38;5;3m +0ms[39m
[32m[Nest] 38020  - [39m02/23/2026, 2:43:09 PM [32m    LOG[39m [38;5;3m[InstanceLoader] [39m[32mNotificationsModule dependencies initialized[39m[38;5;3m +0ms[39m
[32m[Nest] 38020  - [39m02/23/2026, 2:43:09 PM [32m    LOG[39m [38;5;3m[InstanceLoader] [39m[32mLedgerModule dependencies initialized[39m[38;5;3m +0ms[39m
[32m[Nest] 38020  - [39m02/23/2026, 2:43:09 PM [32m    LOG[39m [38;5;3m[InstanceLoader] [39m[32mAuthModule dependencies initialized[39m[38;5;3m +0ms[39m
[32m[Nest] 38020  - [39m02/23/2026, 2:43:09 PM [32m    LOG[39m [38;5;3m[RoutesResolver] [39m[32mAppController {/api/v1}:[39m[38;5;3m +0ms[39m
[32m[Nest] 38020  - [39m02/23/2026, 2:43:09 PM [32m    LOG[39m [38;5;3m[RouterExplorer] [39m[32mMapped {/api/v1/health, GET} route[39m[38;5;3m +0ms[39m
[32m[Nest] 38020  - [39m02/23/2026, 2:43:09 PM [32m    LOG[39m [38;5;3m[RoutesResolver] [39m[32mAuthController {/api/v1/auth}:[39m[38;5;3m +0ms[39m
[32m[Nest] 38020  - [39m02/23/2026, 2:43:09 PM [32m    LOG[39m [38;5;3m[RouterExplorer] [39m[32mMapped {/api/v1/auth/register, POST} route[39m[38;5;3m +0ms[39m
[32m[Nest] 38020  - [39m02/23/2026, 2:43:09 PM [32m    LOG[39m [38;5;3m[RouterExplorer] [39m[32mMapped {/api/v1/auth/login, POST} route[39m[38;5;3m +0ms[39m
[32m[Nest] 38020  - [39m02/23/2026, 2:43:09 PM [32m    LOG[39m [38;5;3m[RouterExplorer] [39m[32mMapped {/api/v1/auth/refresh, POST} route[39m[38;5;3m +0ms[39m
[32m[Nest] 38020  - [39m02/23/2026, 2:43:09 PM [32m    LOG[39m [38;5;3m[RouterExplorer] [39m[32mMapped {/api/v1/auth/logout, POST} route[39m[38;5;3m +0ms[39m
[32m[Nest] 38020  - [39m02/23/2026, 2:43:09 PM [32m    LOG[39m [38;5;3m[RouterExplorer] [39m[32mMapped {/api/v1/auth/logout-all, POST} route[39m[38;5;3m +0ms[39m
[32m[Nest] 38020  - [39m02/23/2026, 2:43:09 PM [32m    LOG[39m [38;5;3m[RouterExplorer] [39m[32mMapped {/api/v1/auth/change-password, POST} route[39m[38;5;3m +0ms[39m
[32m[Nest] 38020  - [39m02/23/2026, 2:43:09 PM [32m    LOG[39m [38;5;3m[RouterExplorer] [39m[32mMapped {/api/v1/auth/me, GET} route[39m[38;5;3m +0ms[39m
[32m[Nest] 38020  - [39m02/23/2026, 2:43:09 PM [32m    LOG[39m [38;5;3m[RouterExplorer] [39m[32mMapped {/api/v1/auth/sessions, GET} route[39m[38;5;3m +0ms[39m
[32m[Nest] 38020  - [39m02/23/2026, 2:43:09 PM [32m    LOG[39m [38;5;3m[RouterExplorer] [39m[32mMapped {/api/v1/auth/forgot-password, POST} route[39m[38;5;3m +0ms[39m
[32m[Nest] 38020  - [39m02/23/2026, 2:43:09 PM [32m    LOG[39m [38;5;3m[RouterExplorer] [39m[32mMapped {/api/v1/auth/reset-password, POST} route[39m[38;5;3m +1ms[39m
[32m[Nest] 38020  - [39m02/23/2026, 2:43:09 PM [32m    LOG[39m [38;5;3m[RoutesResolver] [39m[32mNotificationsController {/api/v1/notifications}:[39m[38;5;3m +0ms[39m
[32m[Nest] 38020  - [39m02/23/2026, 2:43:09 PM [32m    LOG[39m [38;5;3m[RouterExplorer] [39m[32mMapped {/api/v1/notifications/device-token, POST} route[39m[38;5;3m +0ms[39m
[32m[Nest] 38020  - [39m02/23/2026, 2:43:09 PM [32m    LOG[39m [38;5;3m[RouterExplorer] [39m[32mMapped {/api/v1/notifications/device-token/:token, DELETE} route[39m[38;5;3m +0ms[39m
[32m[Nest] 38020  - [39m02/23/2026, 2:43:09 PM [32m    LOG[39m [38;5;3m[RouterExplorer] [39m[32mMapped {/api/v1/notifications/unread-count, GET} route[39m[38;5;3m +0ms[39m
[32m[Nest] 38020  - [39m02/23/2026, 2:43:09 PM [32m    LOG[39m [38;5;3m[RouterExplorer] [39m[32mMapped {/api/v1/notifications, GET} route[39m[38;5;3m +0ms[39m
[32m[Nest] 38020  - [39m02/23/2026, 2:43:09 PM [32m    LOG[39m [38;5;3m[RouterExplorer] [39m[32mMapped {/api/v1/notifications/read-all, PATCH} route[39m[38;5;3m +0ms[39m
[32m[Nest] 38020  - [39m02/23/2026, 2:43:09 PM [32m    LOG[39m [38;5;3m[RouterExplorer] [39m[32mMapped {/api/v1/notifications/:id/read, PATCH} route[39m[38;5;3m +0ms[39m
[32m[Nest] 38020  - [39m02/23/2026, 2:43:09 PM [32m    LOG[39m [38;5;3m[RoutesResolver] [39m[32mPlatformController {/api/v1/platform}:[39m[38;5;3m +0ms[39m
[32m[Nest] 38020  - [39m02/23/2026, 2:43:09 PM [32m    LOG[39m [38;5;3m[RouterExplorer] [39m[32mMapped {/api/v1/platform/companies, POST} route[39m[38;5;3m +0ms[39m
[32m[Nest] 38020  - [39m02/23/2026, 2:43:09 PM [32m    LOG[39m [38;5;3m[RouterExplorer] [39m[32mMapped {/api/v1/platform/companies, GET} route[39m[38;5;3m +0ms[39m
[32m[Nest] 38020  - [39m02/23/2026, 2:43:09 PM [32m    LOG[39m [38;5;3m[RouterExplorer] [39m[32mMapped {/api/v1/platform/companies/:id, GET} route[39m[38;5;3m +0ms[39m
[32m[Nest] 38020  - [39m02/23/2026, 2:43:09 PM [32m    LOG[39m [38;5;3m[RouterExplorer] [39m[32mMapped {/api/v1/platform/companies/:id/metrics, GET} route[39m[38;5;3m +0ms[39m
[32m[Nest] 38020  - [39m02/23/2026, 2:43:09 PM [32m    LOG[39m [38;5;3m[RouterExplorer] [39m[32mMapped {/api/v1/platform/plans, POST} route[39m[38;5;3m +0ms[39m
[32m[Nest] 38020  - [39m02/23/2026, 2:43:09 PM [32m    LOG[39m [38;5;3m[RouterExplorer] [39m[32mMapped {/api/v1/platform/plans, GET} route[39m[38;5;3m +0ms[39m
[32m[Nest] 38020  - [39m02/23/2026, 2:43:09 PM [32m    LOG[39m [38;5;3m[RouterExplorer] [39m[32mMapped {/api/v1/platform/plans/:id, PATCH} route[39m[38;5;3m +0ms[39m
[32m[Nest] 38020  - [39m02/23/2026, 2:43:09 PM [32m    LOG[39m [38;5;3m[RouterExplorer] [39m[32mMapped {/api/v1/platform/subscriptions/activate, POST} route[39m[38;5;3m +0ms[39m
[32m[Nest] 38020  - [39m02/23/2026, 2:43:09 PM [32m    LOG[39m [38;5;3m[RouterExplorer] [39m[32mMapped {/api/v1/platform/subscriptions/suspend, POST} route[39m[38;5;3m +0ms[39m
[32m[Nest] 38020  - [39m02/23/2026, 2:43:09 PM [32m    LOG[39m [38;5;3m[RouterExplorer] [39m[32mMapped {/api/v1/platform/subscriptions/extend, POST} route[39m[38;5;3m +0ms[39m
[32m[Nest] 38020  - [39m02/23/2026, 2:43:09 PM [32m    LOG[39m [38;5;3m[RoutesResolver] [39m[32mUsersController {/api/v1/users}:[39m[38;5;3m +0ms[39m
[32m[Nest] 38020  - [39m02/23/2026, 2:43:09 PM [32m    LOG[39m [38;5;3m[RouterExplorer] [39m[32mMapped {/api/v1/users/staff, POST} route[39m[38;5;3m +0ms[39m
[32m[Nest] 38020  - [39m02/23/2026, 2:43:09 PM [32m    LOG[39m [38;5;3m[RouterExplorer] [39m[32mMapped {/api/v1/users/stats, GET} route[39m[38;5;3m +0ms[39m
[32m[Nest] 38020  - [39m02/23/2026, 2:43:09 PM [32m    LOG[39m [38;5;3m[RouterExplorer] [39m[32mMapped {/api/v1/users, GET} route[39m[38;5;3m +0ms[39m
[32m[Nest] 38020  - [39m02/23/2026, 2:43:09 PM [32m    LOG[39m [38;5;3m[RouterExplorer] [39m[32mMapped {/api/v1/users/:id, GET} route[39m[38;5;3m +0ms[39m
[32m[Nest] 38020  - [39m02/23/2026, 2:43:09 PM [32m    LOG[39m [38;5;3m[RouterExplorer] [39m[32mMapped {/api/v1/users/:id, PATCH} route[39m[38;5;3m +0ms[39m
[32m[Nest] 38020  - [39m02/23/2026, 2:43:09 PM [32m    LOG[39m [38;5;3m[RouterExplorer] [39m[32mMapped {/api/v1/users/:id/permissions, PATCH} route[39m[38;5;3m +0ms[39m
[32m[Nest] 38020  - [39m02/23/2026, 2:43:09 PM [32m    LOG[39m [38;5;3m[RouterExplorer] [39m[32mMapped {/api/v1/users/:id/disable, PATCH} route[39m[38;5;3m +0ms[39m
[32m[Nest] 38020  - [39m02/23/2026, 2:43:09 PM [32m    LOG[39m [38;5;3m[RouterExplorer] [39m[32mMapped {/api/v1/users/:id/enable, PATCH} route[39m[38;5;3m +0ms[39m
[32m[Nest] 38020  - [39m02/23/2026, 2:43:09 PM [32m    LOG[39m [38;5;3m[RoutesResolver] [39m[32mCustomersController {/api/v1/customers}:[39m[38;5;3m +0ms[39m
[32m[Nest] 38020  - [39m02/23/2026, 2:43:09 PM [32m    LOG[39m [38;5;3m[RouterExplorer] [39m[32mMapped {/api/v1/customers, POST} route[39m[38;5;3m +0ms[39m
[32m[Nest] 38020  - [39m02/23/2026, 2:43:09 PM [32m    LOG[39m [38;5;3m[RouterExplorer] [39m[32mMapped {/api/v1/customers, GET} route[39m[38;5;3m +0ms[39m
[32m[Nest] 38020  - [39m02/23/2026, 2:43:09 PM [32m    LOG[39m [38;5;3m[RouterExplorer] [39m[32mMapped {/api/v1/customers/:id, GET} route[39m[38;5;3m +0ms[39m
[32m[Nest] 38020  - [39m02/23/2026, 2:43:09 PM [32m    LOG[39m [38;5;3m[RouterExplorer] [39m[32mMapped {/api/v1/customers/:id, PATCH} route[39m[38;5;3m +0ms[39m
[32m[Nest] 38020  - [39m02/23/2026, 2:43:09 PM [32m    LOG[39m [38;5;3m[RouterExplorer] [39m[32mMapped {/api/v1/customers/:id, DELETE} route[39m[38;5;3m +0ms[39m
[32m[Nest] 38020  - [39m02/23/2026, 2:43:09 PM [32m    LOG[39m [38;5;3m[RoutesResolver] [39m[32mSuppliersController {/api/v1/suppliers}:[39m[38;5;3m +0ms[39m
[32m[Nest] 38020  - [39m02/23/2026, 2:43:09 PM [32m    LOG[39m [38;5;3m[RouterExplorer] [39m[32mMapped {/api/v1/suppliers, POST} route[39m[38;5;3m +0ms[39m
[32m[Nest] 38020  - [39m02/23/2026, 2:43:09 PM [32m    LOG[39m [38;5;3m[RouterExplorer] [39m[32mMapped {/api/v1/suppliers, GET} route[39m[38;5;3m +0ms[39m
[32m[Nest] 38020  - [39m02/23/2026, 2:43:09 PM [32m    LOG[39m [38;5;3m[RouterExplorer] [39m[32mMapped {/api/v1/suppliers/:id, GET} route[39m[38;5;3m +0ms[39m
[32m[Nest] 38020  - [39m02/23/2026, 2:43:09 PM [32m    LOG[39m [38;5;3m[RouterExplorer] [39m[32mMapped {/api/v1/suppliers/:id, PATCH} route[39m[38;5;3m +0ms[39m
[32m[Nest] 38020  - [39m02/23/2026, 2:43:09 PM [32m    LOG[39m [38;5;3m[RouterExplorer] [39m[32mMapped {/api/v1/suppliers/:id, DELETE} route[39m[38;5;3m +0ms[39m
[32m[Nest] 38020  - [39m02/23/2026, 2:43:09 PM [32m    LOG[39m [38;5;3m[RoutesResolver] [39m[32mEmployeesController {/api/v1/employees}:[39m[38;5;3m +0ms[39m
[32m[Nest] 38020  - [39m02/23/2026, 2:43:09 PM [32m    LOG[39m [38;5;3m[RouterExplorer] [39m[32mMapped {/api/v1/employees, POST} route[39m[38;5;3m +0ms[39m
[32m[Nest] 38020  - [39m02/23/2026, 2:43:09 PM [32m    LOG[39m [38;5;3m[RouterExplorer] [39m[32mMapped {/api/v1/employees, GET} route[39m[38;5;3m +0ms[39m
[32m[Nest] 38020  - [39m02/23/2026, 2:43:09 PM [32m    LOG[39m [38;5;3m[RouterExplorer] [39m[32mMapped {/api/v1/employees/:id, GET} route[39m[38;5;3m +0ms[39m
[32m[Nest] 38020  - [39m02/23/2026, 2:43:09 PM [32m    LOG[39m [38;5;3m[RouterExplorer] [39m[32mMapped {/api/v1/employees/:id, PATCH} route[39m[38;5;3m +0ms[39m
[32m[Nest] 38020  - [39m02/23/2026, 2:43:09 PM [32m    LOG[39m [38;5;3m[RouterExplorer] [39m[32mMapped {/api/v1/employees/:id, DELETE} route[39m[38;5;3m +1ms[39m
[32m[Nest] 38020  - [39m02/23/2026, 2:43:09 PM [32m    LOG[39m [38;5;3m[RoutesResolver] [39m[32mLedgerController {/api/v1/ledger}:[39m[38;5;3m +0ms[39m
[32m[Nest] 38020  - [39m02/23/2026, 2:43:09 PM [32m    LOG[39m [38;5;3m[RouterExplorer] [39m[32mMapped {/api/v1/ledger, POST} route[39m[38;5;3m +0ms[39m
[32m[Nest] 38020  - [39m02/23/2026, 2:43:09 PM [32m    LOG[39m [38;5;3m[RouterExplorer] [39m[32mMapped {/api/v1/ledger/:id, DELETE} route[39m[38;5;3m +0ms[39m
[32m[Nest] 38020  - [39m02/23/2026, 2:43:09 PM [32m    LOG[39m [38;5;3m[RouterExplorer] [39m[32mMapped {/api/v1/ledger/statement, GET} route[39m[38;5;3m +0ms[39m
[32m[Nest] 38020  - [39m02/23/2026, 2:43:09 PM [32m    LOG[39m [38;5;3m[RoutesResolver] [39m[32mDeferredSalesController {/api/v1/deferred-sales}:[39m[38;5;3m +0ms[39m
[32m[Nest] 38020  - [39m02/23/2026, 2:43:09 PM [32m    LOG[39m [38;5;3m[RouterExplorer] [39m[32mMapped {/api/v1/deferred-sales, POST} route[39m[38;5;3m +0ms[39m
[32m[Nest] 38020  - [39m02/23/2026, 2:43:09 PM [32m    LOG[39m [38;5;3m[RouterExplorer] [39m[32mMapped {/api/v1/deferred-sales, GET} route[39m[38;5;3m +0ms[39m
[32m[Nest] 38020  - [39m02/23/2026, 2:43:09 PM [32m    LOG[39m [38;5;3m[RouterExplorer] [39m[32mMapped {/api/v1/deferred-sales/:id, GET} route[39m[38;5;3m +0ms[39m
[32m[Nest] 38020  - [39m02/23/2026, 2:43:09 PM [32m    LOG[39m [38;5;3m[RouterExplorer] [39m[32mMapped {/api/v1/deferred-sales/:id/payments, POST} route[39m[38;5;3m +0ms[39m
[32m[Nest] 38020  - [39m02/23/2026, 2:43:09 PM [32m    LOG[39m [38;5;3m[RouterExplorer] [39m[32mMapped {/api/v1/deferred-sales/:id/cancel, PATCH} route[39m[38;5;3m +0ms[39m
[32m[Nest] 38020  - [39m02/23/2026, 2:43:09 PM [32m    LOG[39m [38;5;3m[RoutesResolver] [39m[32mInstallmentsController {/api/v1/installments}:[39m[38;5;3m +0ms[39m
[32m[Nest] 38020  - [39m02/23/2026, 2:43:09 PM [32m    LOG[39m [38;5;3m[RouterExplorer] [39m[32mMapped {/api/v1/installments/contracts, POST} route[39m[38;5;3m +0ms[39m
[32m[Nest] 38020  - [39m02/23/2026, 2:43:09 PM [32m    LOG[39m [38;5;3m[RouterExplorer] [39m[32mMapped {/api/v1/installments/contracts, GET} route[39m[38;5;3m +0ms[39m
[32m[Nest] 38020  - [39m02/23/2026, 2:43:09 PM [32m    LOG[39m [38;5;3m[RouterExplorer] [39m[32mMapped {/api/v1/installments/schedule, GET} route[39m[38;5;3m +0ms[39m
[32m[Nest] 38020  - [39m02/23/2026, 2:43:09 PM [32m    LOG[39m [38;5;3m[RouterExplorer] [39m[32mMapped {/api/v1/installments/contracts/:id, GET} route[39m[38;5;3m +0ms[39m
[32m[Nest] 38020  - [39m02/23/2026, 2:43:09 PM [32m    LOG[39m [38;5;3m[RouterExplorer] [39m[32mMapped {/api/v1/installments/contracts/:id/payments, POST} route[39m[38;5;3m +0ms[39m
[32m[Nest] 38020  - [39m02/23/2026, 2:43:09 PM [32m    LOG[39m [38;5;3m[RouterExplorer] [39m[32mMapped {/api/v1/installments/contracts/:id/cancel, PATCH} route[39m[38;5;3m +0ms[39m
[32m[Nest] 38020  - [39m02/23/2026, 2:43:09 PM [32m    LOG[39m [38;5;3m[RoutesResolver] [39m[32mReportsController {/api/v1/reports}:[39m[38;5;3m +0ms[39m
[32m[Nest] 38020  - [39m02/23/2026, 2:43:09 PM [32m    LOG[39m [38;5;3m[RouterExplorer] [39m[32mMapped {/api/v1/reports/summary, GET} route[39m[38;5;3m +0ms[39m
[32m[Nest] 38020  - [39m02/23/2026, 2:43:09 PM [32m    LOG[39m [38;5;3m[RouterExplorer] [39m[32mMapped {/api/v1/reports/overdue, GET} route[39m[38;5;3m +0ms[39m
[32m[Nest] 38020  - [39m02/23/2026, 2:43:09 PM [32m    LOG[39m [38;5;3m[RouterExplorer] [39m[32mMapped {/api/v1/reports/collection-schedule, GET} route[39m[38;5;3m +0ms[39m
[32m[Nest] 38020  - [39m02/23/2026, 2:43:09 PM [32m    LOG[39m [38;5;3m[PrismaService] [39m[32m✅ Connected to database[39m
[32m[Nest] 38020  - [39m02/23/2026, 2:43:09 PM [32m    LOG[39m [38;5;3m[PrismaService] [39m[32m✅ Connected to database[39m
[32m[Nest] 38020  - [39m02/23/2026, 2:43:09 PM [32m    LOG[39m [38;5;3m[NestApplication] [39m[32mNest application successfully started[39m[38;5;3m +0ms[39m
2026-02-23 14:43:09  [32MINFO[39M [Bootstrap] [32m🚀 Daftar API running on http://localhost:7000[39m
2026-02-23 14:43:09  [32MINFO[39M [Bootstrap] [32m📚 Swagger docs: http://localhost:7000/api/docs[39m
2026-02-23 14:43:09  [32MINFO[39M [Bootstrap] [32m🔗 API prefix: /api/v1[39m
2026-02-23 14:43:09  [32MINFO[39M [Bootstrap] [32m🌍 Environment: development[39m
[32m[Nest] 38020  - [39m02/23/2026, 2:43:09 PM [32m    LOG[39m [38;5;3m[CacheService] [39m[32m✅ Redis Connected[39m
[32m[Nest] 38020  - [39m02/23/2026, 2:43:09 PM [32m    LOG[39m [38;5;3m[CacheService] [39m[32m✅ Redis Cache Service Initialized[39m
[2J[3J[H[[90m2:43:12 PM[0m] File change detected. Starting incremental compilation...

[96msrc/modules/expenses/dto/create-expense.dto.ts[0m:[93m12[0m:[93m10[0m - [91merror[0m[90m TS2305: [0mModule '"@prisma/client"' has no exported member 'ExpenseCategory'.

[7m12[0m import { ExpenseCategory } from '@prisma/client';
[7m  [0m [91m         ~~~~~~~~~~~~~~~[0m

[96msrc/modules/expenses/dto/query-expense.dto.ts[0m:[93m11[0m:[93m10[0m - [91merror[0m[90m TS2305: [0mModule '"@prisma/client"' has no exported member 'ExpenseCategory'.

[7m11[0m import { ExpenseCategory } from '@prisma/client';
[7m  [0m [91m         ~~~~~~~~~~~~~~~[0m

[96msrc/modules/expenses/expenses.repository.ts[0m:[93m3[0m:[93m18[0m - [91merror[0m[90m TS2305: [0mModule '"@prisma/client"' has no exported member 'Expense'.

[7m3[0m import { Prisma, Expense, ExpenseCategory } from '@prisma/client';
[7m [0m [91m                 ~~~~~~~[0m

[96msrc/modules/expenses/expenses.repository.ts[0m:[93m3[0m:[93m27[0m - [91merror[0m[90m TS2305: [0mModule '"@prisma/client"' has no exported member 'ExpenseCategory'.

[7m3[0m import { Prisma, Expense, ExpenseCategory } from '@prisma/client';
[7m [0m [91m                          ~~~~~~~~~~~~~~~[0m

[96msrc/modules/expenses/expenses.repository.ts[0m:[93m75[0m:[93m20[0m - [91merror[0m[90m TS2694: [0mNamespace '"D:/Web/full-projects/daftar-v1/dafter-api-v1/node_modules/.prisma/client/index".Prisma' has no exported member 'ExpenseSelect'.

[7m75[0m } satisfies Prisma.ExpenseSelect;
[7m  [0m [91m                   ~~~~~~~~~~~~~[0m

[96msrc/modules/expenses/expenses.repository.ts[0m:[93m98[0m:[93m13[0m - [91merror[0m[90m TS2694: [0mNamespace '"D:/Web/full-projects/daftar-v1/dafter-api-v1/node_modules/.prisma/client/index".Prisma' has no exported member 'ExpenseWhereInput'.

[7m98[0m   ): Prisma.ExpenseWhereInput {
[7m  [0m [91m            ~~~~~~~~~~~~~~~~~[0m

[96msrc/modules/expenses/expenses.repository.ts[0m:[93m99[0m:[93m25[0m - [91merror[0m[90m TS2694: [0mNamespace '"D:/Web/full-projects/daftar-v1/dafter-api-v1/node_modules/.prisma/client/index".Prisma' has no exported member 'ExpenseWhereInput'.

[7m99[0m     const where: Prisma.ExpenseWhereInput = {
[7m  [0m [91m                        ~~~~~~~~~~~~~~~~~[0m

[96msrc/modules/expenses/expenses.repository.ts[0m:[93m131[0m:[93m15[0m - [91merror[0m[90m TS2339: [0mProperty 'expense' does not exist on type 'TransactionClient'.

[7m131[0m     return db.expense.create({
[7m   [0m [91m              ~~~~~~~[0m

[96msrc/modules/expenses/expenses.repository.ts[0m:[93m159[0m:[93m19[0m - [91merror[0m[90m TS2339: [0mProperty 'expense' does not exist on type 'PrismaService'.

[7m159[0m       this.prisma.expense.findMany({
[7m   [0m [91m                  ~~~~~~~[0m

[96msrc/modules/expenses/expenses.repository.ts[0m:[93m166[0m:[93m19[0m - [91merror[0m[90m TS2339: [0mProperty 'expense' does not exist on type 'PrismaService'.

[7m166[0m       this.prisma.expense.count({ where }),
[7m   [0m [91m                  ~~~~~~~[0m

[96msrc/modules/expenses/expenses.repository.ts[0m:[93m188[0m:[93m24[0m - [91merror[0m[90m TS2339: [0mProperty 'expense' does not exist on type 'PrismaService'.

[7m188[0m     return this.prisma.expense.findFirst({
[7m   [0m [91m                       ~~~~~~~[0m

[96msrc/modules/expenses/expenses.repository.ts[0m:[93m202[0m:[93m14[0m - [91merror[0m[90m TS2339: [0mProperty 'expense' does not exist on type 'TransactionClient'.

[7m202[0m     await db.expense.updateMany({
[7m   [0m [91m             ~~~~~~~[0m

[96msrc/modules/expenses/expenses.repository.ts[0m:[93m206[0m:[93m15[0m - [91merror[0m[90m TS2339: [0mProperty 'expense' does not exist on type 'TransactionClient'.

[7m206[0m     return db.expense.findFirstOrThrow({
[7m   [0m [91m              ~~~~~~~[0m

[96msrc/modules/expenses/expenses.repository.ts[0m:[93m218[0m:[93m14[0m - [91merror[0m[90m TS2339: [0mProperty 'expense' does not exist on type 'TransactionClient'.

[7m218[0m     await db.expense.updateMany({
[7m   [0m [91m             ~~~~~~~[0m

[96msrc/modules/expenses/expenses.repository.ts[0m:[93m225[0m:[93m37[0m - [91merror[0m[90m TS2339: [0mProperty 'expense' does not exist on type 'PrismaService'.

[7m225[0m     const count = await this.prisma.expense.count({
[7m   [0m [91m                                    ~~~~~~~[0m

[96msrc/modules/expenses/expenses.repository.ts[0m:[93m253[0m:[93m9[0m - [91merror[0m[90m TS2322: [0mType 'Record<string, unknown>' is not assignable to type 'JsonNull | InputJsonValue | undefined'.
  Type 'Record<string, unknown>' is missing the following properties from type 'readonly (InputJsonValue | null)[]': length, concat, join, slice, and 26 more.

[7m253[0m         metadata: data.metadata ?? {},
[7m   [0m [91m        ~~~~~~~~[0m

  [96mnode_modules/.prisma/client/index.d.ts[0m:[93m32435[0m:[93m5[0m
    [7m32435[0m     metadata?: JsonNullValueInput | InputJsonValue
    [7m     [0m [96m    ~~~~~~~~[0m
    The expected type comes from property 'metadata' which is declared here on type '(Without<AuditLogCreateInput, AuditLogUncheckedCreateInput> & AuditLogUncheckedCreateInput) | (Without<...> & AuditLogCreateInput)'

[96msrc/modules/expenses/expenses.repository.ts[0m:[93m267[0m:[93m41[0m - [91merror[0m[90m TS2339: [0mProperty 'expense' does not exist on type 'PrismaService'.

[7m267[0m     const aggregate = await this.prisma.expense.aggregate({
[7m   [0m [91m                                        ~~~~~~~[0m

[96msrc/modules/expenses/expenses.repository.ts[0m:[93m274[0m:[93m39[0m - [91merror[0m[90m TS2339: [0mProperty 'expense' does not exist on type 'PrismaService'.

[7m274[0m     const grouped = await this.prisma.expense.groupBy({
[7m   [0m [91m                                      ~~~~~~~[0m

[96msrc/modules/expenses/use-cases/create-expense.use-case.ts[0m:[93m78[0m:[93m27[0m - [91merror[0m[90m TS2339: [0mProperty 'id' does not exist on type 'ExpenseWithSupplier'.

[7m78[0m         entityId: created.id,
[7m  [0m [91m                          ~~[0m

[96msrc/modules/expenses/use-cases/create-expense.use-case.ts[0m:[93m88[0m:[93m37[0m - [91merror[0m[90m TS2339: [0mProperty 'id' does not exist on type 'ExpenseWithSupplier'.

[7m88[0m         `Expense created: ${created.id} | category: ${dto.category} | ` +
[7m  [0m [91m                                    ~~[0m

[[90m2:43:12 PM[0m] Found 20 errors. Watching for file changes.

[32m[Nest] 46604  - [39m02/23/2026, 2:43:16 PM [32m    LOG[39m [38;5;3m[NestFactory] [39m[32mStarting Nest application...[39m
[32m[Nest] 46604  - [39m02/23/2026, 2:43:16 PM [32m    LOG[39m [38;5;3m[InstanceLoader] [39m[32mBullModule dependencies initialized[39m[38;5;3m +1ms[39m
[32m[Nest] 46604  - [39m02/23/2026, 2:43:16 PM [32m    LOG[39m [38;5;3m[InstanceLoader] [39m[32mDatabaseModule dependencies initialized[39m[38;5;3m +0ms[39m
[32m[Nest] 46604  - [39m02/23/2026, 2:43:16 PM [32m    LOG[39m [38;5;3m[InstanceLoader] [39m[32mPrismaModule dependencies initialized[39m[38;5;3m +0ms[39m
[32m[Nest] 46604  - [39m02/23/2026, 2:43:16 PM [32m    LOG[39m [38;5;3m[InstanceLoader] [39m[32mLoggerModule dependencies initialized[39m[38;5;3m +0ms[39m
[32m[Nest] 46604  - [39m02/23/2026, 2:43:16 PM [32m    LOG[39m [38;5;3m[InstanceLoader] [39m[32mTranslationModule dependencies initialized[39m[38;5;3m +0ms[39m
[32m[Nest] 46604  - [39m02/23/2026, 2:43:16 PM [32m    LOG[39m [38;5;3m[InstanceLoader] [39m[32mPassportModule dependencies initialized[39m[38;5;3m +0ms[39m
[32m[Nest] 46604  - [39m02/23/2026, 2:43:16 PM [32m    LOG[39m [38;5;3m[InstanceLoader] [39m[32mConfigHostModule dependencies initialized[39m[38;5;3m +0ms[39m
[32m[Nest] 46604  - [39m02/23/2026, 2:43:16 PM [32m    LOG[39m [38;5;3m[InstanceLoader] [39m[32mThrottlerModule dependencies initialized[39m[38;5;3m +0ms[39m
[32m[Nest] 46604  - [39m02/23/2026, 2:43:16 PM [32m    LOG[39m [38;5;3m[InstanceLoader] [39m[32mDiscoveryModule dependencies initialized[39m[38;5;3m +0ms[39m
[33m[Nest] 46604  - [39m02/23/2026, 2:43:16 PM [33m   WARN[39m [38;5;3m[WhatsAppService] [39m[33mTwilio credentials not configured — WhatsApp sending disabled[39m
[32m[Nest] 46604  - [39m02/23/2026, 2:43:16 PM [32m    LOG[39m [38;5;3m[InstanceLoader] [39m[32mGuardsModule dependencies initialized[39m[38;5;3m +0ms[39m
[32m[Nest] 46604  - [39m02/23/2026, 2:43:16 PM [32m    LOG[39m [38;5;3m[InstanceLoader] [39m[32mConfigModule dependencies initialized[39m[38;5;3m +0ms[39m
[32m[Nest] 46604  - [39m02/23/2026, 2:43:16 PM [32m    LOG[39m [38;5;3m[InstanceLoader] [39m[32mConfigModule dependencies initialized[39m[38;5;3m +0ms[39m
[32m[Nest] 46604  - [39m02/23/2026, 2:43:16 PM [32m    LOG[39m [38;5;3m[InstanceLoader] [39m[32mBullModule dependencies initialized[39m[38;5;3m +0ms[39m
[32m[Nest] 46604  - [39m02/23/2026, 2:43:16 PM [32m    LOG[39m [38;5;3m[InstanceLoader] [39m[32mCacheModule dependencies initialized[39m[38;5;3m +0ms[39m
[32m[Nest] 46604  - [39m02/23/2026, 2:43:16 PM [32m    LOG[39m [38;5;3m[InstanceLoader] [39m[32mJwtModule dependencies initialized[39m[38;5;3m +0ms[39m
[32m[Nest] 46604  - [39m02/23/2026, 2:43:16 PM [32m    LOG[39m [38;5;3m[InstanceLoader] [39m[32mBullModule dependencies initialized[39m[38;5;3m +0ms[39m
[32m[Nest] 46604  - [39m02/23/2026, 2:43:16 PM [32m    LOG[39m [38;5;3m[InstanceLoader] [39m[32mAppModule dependencies initialized[39m[38;5;3m +0ms[39m
[32m[Nest] 46604  - [39m02/23/2026, 2:43:16 PM [32m    LOG[39m [38;5;3m[InstanceLoader] [39m[32mPlatformModule dependencies initialized[39m[38;5;3m +0ms[39m
[32m[Nest] 46604  - [39m02/23/2026, 2:43:16 PM [32m    LOG[39m [38;5;3m[InstanceLoader] [39m[32mUsersModule dependencies initialized[39m[38;5;3m +0ms[39m
[32m[Nest] 46604  - [39m02/23/2026, 2:43:16 PM [32m    LOG[39m [38;5;3m[InstanceLoader] [39m[32mCustomersModule dependencies initialized[39m[38;5;3m +0ms[39m
[32m[Nest] 46604  - [39m02/23/2026, 2:43:16 PM [32m    LOG[39m [38;5;3m[InstanceLoader] [39m[32mSuppliersModule dependencies initialized[39m[38;5;3m +0ms[39m
[32m[Nest] 46604  - [39m02/23/2026, 2:43:16 PM [32m    LOG[39m [38;5;3m[InstanceLoader] [39m[32mEmployeesModule dependencies initialized[39m[38;5;3m +0ms[39m
[32m[Nest] 46604  - [39m02/23/2026, 2:43:16 PM [32m    LOG[39m [38;5;3m[InstanceLoader] [39m[32mDeferredSalesModule dependencies initialized[39m[38;5;3m +0ms[39m
[32m[Nest] 46604  - [39m02/23/2026, 2:43:16 PM [32m    LOG[39m [38;5;3m[InstanceLoader] [39m[32mInstallmentsModule dependencies initialized[39m[38;5;3m +0ms[39m
[32m[Nest] 46604  - [39m02/23/2026, 2:43:16 PM [32m    LOG[39m [38;5;3m[InstanceLoader] [39m[32mReportsModule dependencies initialized[39m[38;5;3m +0ms[39m
[32m[Nest] 46604  - [39m02/23/2026, 2:43:16 PM [32m    LOG[39m [38;5;3m[InstanceLoader] [39m[32mNotificationsModule dependencies initialized[39m[38;5;3m +0ms[39m
[32m[Nest] 46604  - [39m02/23/2026, 2:43:16 PM [32m    LOG[39m [38;5;3m[InstanceLoader] [39m[32mLedgerModule dependencies initialized[39m[38;5;3m +0ms[39m
[32m[Nest] 46604  - [39m02/23/2026, 2:43:16 PM [32m    LOG[39m [38;5;3m[InstanceLoader] [39m[32mAuthModule dependencies initialized[39m[38;5;3m +0ms[39m
[32m[Nest] 46604  - [39m02/23/2026, 2:43:16 PM [32m    LOG[39m [38;5;3m[RoutesResolver] [39m[32mAppController {/api/v1}:[39m[38;5;3m +0ms[39m
[32m[Nest] 46604  - [39m02/23/2026, 2:43:16 PM [32m    LOG[39m [38;5;3m[RouterExplorer] [39m[32mMapped {/api/v1/health, GET} route[39m[38;5;3m +0ms[39m
[32m[Nest] 46604  - [39m02/23/2026, 2:43:16 PM [32m    LOG[39m [38;5;3m[RoutesResolver] [39m[32mAuthController {/api/v1/auth}:[39m[38;5;3m +0ms[39m
[32m[Nest] 46604  - [39m02/23/2026, 2:43:16 PM [32m    LOG[39m [38;5;3m[RouterExplorer] [39m[32mMapped {/api/v1/auth/register, POST} route[39m[38;5;3m +0ms[39m
[32m[Nest] 46604  - [39m02/23/2026, 2:43:16 PM [32m    LOG[39m [38;5;3m[RouterExplorer] [39m[32mMapped {/api/v1/auth/login, POST} route[39m[38;5;3m +0ms[39m
[32m[Nest] 46604  - [39m02/23/2026, 2:43:16 PM [32m    LOG[39m [38;5;3m[RouterExplorer] [39m[32mMapped {/api/v1/auth/refresh, POST} route[39m[38;5;3m +0ms[39m
[32m[Nest] 46604  - [39m02/23/2026, 2:43:16 PM [32m    LOG[39m [38;5;3m[RouterExplorer] [39m[32mMapped {/api/v1/auth/logout, POST} route[39m[38;5;3m +0ms[39m
[32m[Nest] 46604  - [39m02/23/2026, 2:43:16 PM [32m    LOG[39m [38;5;3m[RouterExplorer] [39m[32mMapped {/api/v1/auth/logout-all, POST} route[39m[38;5;3m +0ms[39m
[32m[Nest] 46604  - [39m02/23/2026, 2:43:16 PM [32m    LOG[39m [38;5;3m[RouterExplorer] [39m[32mMapped {/api/v1/auth/change-password, POST} route[39m[38;5;3m +0ms[39m
[32m[Nest] 46604  - [39m02/23/2026, 2:43:16 PM [32m    LOG[39m [38;5;3m[RouterExplorer] [39m[32mMapped {/api/v1/auth/me, GET} route[39m[38;5;3m +0ms[39m
[32m[Nest] 46604  - [39m02/23/2026, 2:43:16 PM [32m    LOG[39m [38;5;3m[RouterExplorer] [39m[32mMapped {/api/v1/auth/sessions, GET} route[39m[38;5;3m +0ms[39m
[32m[Nest] 46604  - [39m02/23/2026, 2:43:16 PM [32m    LOG[39m [38;5;3m[RouterExplorer] [39m[32mMapped {/api/v1/auth/forgot-password, POST} route[39m[38;5;3m +1ms[39m
[32m[Nest] 46604  - [39m02/23/2026, 2:43:16 PM [32m    LOG[39m [38;5;3m[RouterExplorer] [39m[32mMapped {/api/v1/auth/reset-password, POST} route[39m[38;5;3m +0ms[39m
[32m[Nest] 46604  - [39m02/23/2026, 2:43:16 PM [32m    LOG[39m [38;5;3m[RoutesResolver] [39m[32mNotificationsController {/api/v1/notifications}:[39m[38;5;3m +0ms[39m
[32m[Nest] 46604  - [39m02/23/2026, 2:43:16 PM [32m    LOG[39m [38;5;3m[RouterExplorer] [39m[32mMapped {/api/v1/notifications/device-token, POST} route[39m[38;5;3m +0ms[39m
[32m[Nest] 46604  - [39m02/23/2026, 2:43:16 PM [32m    LOG[39m [38;5;3m[RouterExplorer] [39m[32mMapped {/api/v1/notifications/device-token/:token, DELETE} route[39m[38;5;3m +0ms[39m
[32m[Nest] 46604  - [39m02/23/2026, 2:43:16 PM [32m    LOG[39m [38;5;3m[RouterExplorer] [39m[32mMapped {/api/v1/notifications/unread-count, GET} route[39m[38;5;3m +0ms[39m
[32m[Nest] 46604  - [39m02/23/2026, 2:43:16 PM [32m    LOG[39m [38;5;3m[RouterExplorer] [39m[32mMapped {/api/v1/notifications, GET} route[39m[38;5;3m +0ms[39m
[32m[Nest] 46604  - [39m02/23/2026, 2:43:16 PM [32m    LOG[39m [38;5;3m[RouterExplorer] [39m[32mMapped {/api/v1/notifications/read-all, PATCH} route[39m[38;5;3m +0ms[39m
[32m[Nest] 46604  - [39m02/23/2026, 2:43:16 PM [32m    LOG[39m [38;5;3m[RouterExplorer] [39m[32mMapped {/api/v1/notifications/:id/read, PATCH} route[39m[38;5;3m +0ms[39m
[32m[Nest] 46604  - [39m02/23/2026, 2:43:16 PM [32m    LOG[39m [38;5;3m[RoutesResolver] [39m[32mPlatformController {/api/v1/platform}:[39m[38;5;3m +0ms[39m
[32m[Nest] 46604  - [39m02/23/2026, 2:43:16 PM [32m    LOG[39m [38;5;3m[RouterExplorer] [39m[32mMapped {/api/v1/platform/companies, POST} route[39m[38;5;3m +0ms[39m
[32m[Nest] 46604  - [39m02/23/2026, 2:43:16 PM [32m    LOG[39m [38;5;3m[RouterExplorer] [39m[32mMapped {/api/v1/platform/companies, GET} route[39m[38;5;3m +0ms[39m
[32m[Nest] 46604  - [39m02/23/2026, 2:43:16 PM [32m    LOG[39m [38;5;3m[RouterExplorer] [39m[32mMapped {/api/v1/platform/companies/:id, GET} route[39m[38;5;3m +0ms[39m
[32m[Nest] 46604  - [39m02/23/2026, 2:43:16 PM [32m    LOG[39m [38;5;3m[RouterExplorer] [39m[32mMapped {/api/v1/platform/companies/:id/metrics, GET} route[39m[38;5;3m +0ms[39m
[32m[Nest] 46604  - [39m02/23/2026, 2:43:16 PM [32m    LOG[39m [38;5;3m[RouterExplorer] [39m[32mMapped {/api/v1/platform/plans, POST} route[39m[38;5;3m +0ms[39m
[32m[Nest] 46604  - [39m02/23/2026, 2:43:16 PM [32m    LOG[39m [38;5;3m[RouterExplorer] [39m[32mMapped {/api/v1/platform/plans, GET} route[39m[38;5;3m +0ms[39m
[32m[Nest] 46604  - [39m02/23/2026, 2:43:16 PM [32m    LOG[39m [38;5;3m[RouterExplorer] [39m[32mMapped {/api/v1/platform/plans/:id, PATCH} route[39m[38;5;3m +0ms[39m
[32m[Nest] 46604  - [39m02/23/2026, 2:43:16 PM [32m    LOG[39m [38;5;3m[RouterExplorer] [39m[32mMapped {/api/v1/platform/subscriptions/activate, POST} route[39m[38;5;3m +0ms[39m
[32m[Nest] 46604  - [39m02/23/2026, 2:43:16 PM [32m    LOG[39m [38;5;3m[RouterExplorer] [39m[32mMapped {/api/v1/platform/subscriptions/suspend, POST} route[39m[38;5;3m +0ms[39m
[32m[Nest] 46604  - [39m02/23/2026, 2:43:16 PM [32m    LOG[39m [38;5;3m[RouterExplorer] [39m[32mMapped {/api/v1/platform/subscriptions/extend, POST} route[39m[38;5;3m +0ms[39m
[32m[Nest] 46604  - [39m02/23/2026, 2:43:16 PM [32m    LOG[39m [38;5;3m[RoutesResolver] [39m[32mUsersController {/api/v1/users}:[39m[38;5;3m +0ms[39m
[32m[Nest] 46604  - [39m02/23/2026, 2:43:16 PM [32m    LOG[39m [38;5;3m[RouterExplorer] [39m[32mMapped {/api/v1/users/staff, POST} route[39m[38;5;3m +0ms[39m
[32m[Nest] 46604  - [39m02/23/2026, 2:43:16 PM [32m    LOG[39m [38;5;3m[RouterExplorer] [39m[32mMapped {/api/v1/users/stats, GET} route[39m[38;5;3m +0ms[39m
[32m[Nest] 46604  - [39m02/23/2026, 2:43:16 PM [32m    LOG[39m [38;5;3m[RouterExplorer] [39m[32mMapped {/api/v1/users, GET} route[39m[38;5;3m +0ms[39m
[32m[Nest] 46604  - [39m02/23/2026, 2:43:16 PM [32m    LOG[39m [38;5;3m[RouterExplorer] [39m[32mMapped {/api/v1/users/:id, GET} route[39m[38;5;3m +0ms[39m
[32m[Nest] 46604  - [39m02/23/2026, 2:43:16 PM [32m    LOG[39m [38;5;3m[RouterExplorer] [39m[32mMapped {/api/v1/users/:id, PATCH} route[39m[38;5;3m +0ms[39m
[32m[Nest] 46604  - [39m02/23/2026, 2:43:16 PM [32m    LOG[39m [38;5;3m[RouterExplorer] [39m[32mMapped {/api/v1/users/:id/permissions, PATCH} route[39m[38;5;3m +0ms[39m
[32m[Nest] 46604  - [39m02/23/2026, 2:43:16 PM [32m    LOG[39m [38;5;3m[RouterExplorer] [39m[32mMapped {/api/v1/users/:id/disable, PATCH} route[39m[38;5;3m +0ms[39m
[32m[Nest] 46604  - [39m02/23/2026, 2:43:16 PM [32m    LOG[39m [38;5;3m[RouterExplorer] [39m[32mMapped {/api/v1/users/:id/enable, PATCH} route[39m[38;5;3m +0ms[39m
[32m[Nest] 46604  - [39m02/23/2026, 2:43:16 PM [32m    LOG[39m [38;5;3m[RoutesResolver] [39m[32mCustomersController {/api/v1/customers}:[39m[38;5;3m +0ms[39m
[32m[Nest] 46604  - [39m02/23/2026, 2:43:16 PM [32m    LOG[39m [38;5;3m[RouterExplorer] [39m[32mMapped {/api/v1/customers, POST} route[39m[38;5;3m +0ms[39m
[32m[Nest] 46604  - [39m02/23/2026, 2:43:16 PM [32m    LOG[39m [38;5;3m[RouterExplorer] [39m[32mMapped {/api/v1/customers, GET} route[39m[38;5;3m +0ms[39m
[32m[Nest] 46604  - [39m02/23/2026, 2:43:16 PM [32m    LOG[39m [38;5;3m[RouterExplorer] [39m[32mMapped {/api/v1/customers/:id, GET} route[39m[38;5;3m +0ms[39m
[32m[Nest] 46604  - [39m02/23/2026, 2:43:16 PM [32m    LOG[39m [38;5;3m[RouterExplorer] [39m[32mMapped {/api/v1/customers/:id, PATCH} route[39m[38;5;3m +0ms[39m
[32m[Nest] 46604  - [39m02/23/2026, 2:43:16 PM [32m    LOG[39m [38;5;3m[RouterExplorer] [39m[32mMapped {/api/v1/customers/:id, DELETE} route[39m[38;5;3m +0ms[39m
[32m[Nest] 46604  - [39m02/23/2026, 2:43:16 PM [32m    LOG[39m [38;5;3m[RoutesResolver] [39m[32mSuppliersController {/api/v1/suppliers}:[39m[38;5;3m +0ms[39m
[32m[Nest] 46604  - [39m02/23/2026, 2:43:16 PM [32m    LOG[39m [38;5;3m[RouterExplorer] [39m[32mMapped {/api/v1/suppliers, POST} route[39m[38;5;3m +0ms[39m
[32m[Nest] 46604  - [39m02/23/2026, 2:43:16 PM [32m    LOG[39m [38;5;3m[RouterExplorer] [39m[32mMapped {/api/v1/suppliers, GET} route[39m[38;5;3m +0ms[39m
[32m[Nest] 46604  - [39m02/23/2026, 2:43:16 PM [32m    LOG[39m [38;5;3m[RouterExplorer] [39m[32mMapped {/api/v1/suppliers/:id, GET} route[39m[38;5;3m +0ms[39m
[32m[Nest] 46604  - [39m02/23/2026, 2:43:16 PM [32m    LOG[39m [38;5;3m[RouterExplorer] [39m[32mMapped {/api/v1/suppliers/:id, PATCH} route[39m[38;5;3m +0ms[39m
[32m[Nest] 46604  - [39m02/23/2026, 2:43:16 PM [32m    LOG[39m [38;5;3m[RouterExplorer] [39m[32mMapped {/api/v1/suppliers/:id, DELETE} route[39m[38;5;3m +0ms[39m
[32m[Nest] 46604  - [39m02/23/2026, 2:43:16 PM [32m    LOG[39m [38;5;3m[RoutesResolver] [39m[32mEmployeesController {/api/v1/employees}:[39m[38;5;3m +0ms[39m
[32m[Nest] 46604  - [39m02/23/2026, 2:43:16 PM [32m    LOG[39m [38;5;3m[RouterExplorer] [39m[32mMapped {/api/v1/employees, POST} route[39m[38;5;3m +0ms[39m
[32m[Nest] 46604  - [39m02/23/2026, 2:43:16 PM [32m    LOG[39m [38;5;3m[RouterExplorer] [39m[32mMapped {/api/v1/employees, GET} route[39m[38;5;3m +0ms[39m
[32m[Nest] 46604  - [39m02/23/2026, 2:43:16 PM [32m    LOG[39m [38;5;3m[RouterExplorer] [39m[32mMapped {/api/v1/employees/:id, GET} route[39m[38;5;3m +1ms[39m
[32m[Nest] 46604  - [39m02/23/2026, 2:43:16 PM [32m    LOG[39m [38;5;3m[RouterExplorer] [39m[32mMapped {/api/v1/employees/:id, PATCH} route[39m[38;5;3m +0ms[39m
[32m[Nest] 46604  - [39m02/23/2026, 2:43:16 PM [32m    LOG[39m [38;5;3m[RouterExplorer] [39m[32mMapped {/api/v1/employees/:id, DELETE} route[39m[38;5;3m +0ms[39m
[32m[Nest] 46604  - [39m02/23/2026, 2:43:16 PM [32m    LOG[39m [38;5;3m[RoutesResolver] [39m[32mLedgerController {/api/v1/ledger}:[39m[38;5;3m +0ms[39m
[32m[Nest] 46604  - [39m02/23/2026, 2:43:16 PM [32m    LOG[39m [38;5;3m[RouterExplorer] [39m[32mMapped {/api/v1/ledger, POST} route[39m[38;5;3m +0ms[39m
[32m[Nest] 46604  - [39m02/23/2026, 2:43:16 PM [32m    LOG[39m [38;5;3m[RouterExplorer] [39m[32mMapped {/api/v1/ledger/:id, DELETE} route[39m[38;5;3m +0ms[39m
[32m[Nest] 46604  - [39m02/23/2026, 2:43:16 PM [32m    LOG[39m [38;5;3m[RouterExplorer] [39m[32mMapped {/api/v1/ledger/statement, GET} route[39m[38;5;3m +0ms[39m
[32m[Nest] 46604  - [39m02/23/2026, 2:43:16 PM [32m    LOG[39m [38;5;3m[RoutesResolver] [39m[32mDeferredSalesController {/api/v1/deferred-sales}:[39m[38;5;3m +0ms[39m
[32m[Nest] 46604  - [39m02/23/2026, 2:43:16 PM [32m    LOG[39m [38;5;3m[RouterExplorer] [39m[32mMapped {/api/v1/deferred-sales, POST} route[39m[38;5;3m +0ms[39m
[32m[Nest] 46604  - [39m02/23/2026, 2:43:16 PM [32m    LOG[39m [38;5;3m[RouterExplorer] [39m[32mMapped {/api/v1/deferred-sales, GET} route[39m[38;5;3m +0ms[39m
[32m[Nest] 46604  - [39m02/23/2026, 2:43:16 PM [32m    LOG[39m [38;5;3m[RouterExplorer] [39m[32mMapped {/api/v1/deferred-sales/:id, GET} route[39m[38;5;3m +0ms[39m
[32m[Nest] 46604  - [39m02/23/2026, 2:43:16 PM [32m    LOG[39m [38;5;3m[RouterExplorer] [39m[32mMapped {/api/v1/deferred-sales/:id/payments, POST} route[39m[38;5;3m +0ms[39m
[32m[Nest] 46604  - [39m02/23/2026, 2:43:16 PM [32m    LOG[39m [38;5;3m[RouterExplorer] [39m[32mMapped {/api/v1/deferred-sales/:id/cancel, PATCH} route[39m[38;5;3m +0ms[39m
[32m[Nest] 46604  - [39m02/23/2026, 2:43:16 PM [32m    LOG[39m [38;5;3m[RoutesResolver] [39m[32mInstallmentsController {/api/v1/installments}:[39m[38;5;3m +0ms[39m
[32m[Nest] 46604  - [39m02/23/2026, 2:43:16 PM [32m    LOG[39m [38;5;3m[RouterExplorer] [39m[32mMapped {/api/v1/installments/contracts, POST} route[39m[38;5;3m +0ms[39m
[32m[Nest] 46604  - [39m02/23/2026, 2:43:16 PM [32m    LOG[39m [38;5;3m[RouterExplorer] [39m[32mMapped {/api/v1/installments/contracts, GET} route[39m[38;5;3m +0ms[39m
[32m[Nest] 46604  - [39m02/23/2026, 2:43:16 PM [32m    LOG[39m [38;5;3m[RouterExplorer] [39m[32mMapped {/api/v1/installments/schedule, GET} route[39m[38;5;3m +0ms[39m
[32m[Nest] 46604  - [39m02/23/2026, 2:43:16 PM [32m    LOG[39m [38;5;3m[RouterExplorer] [39m[32mMapped {/api/v1/installments/contracts/:id, GET} route[39m[38;5;3m +0ms[39m
[32m[Nest] 46604  - [39m02/23/2026, 2:43:16 PM [32m    LOG[39m [38;5;3m[RouterExplorer] [39m[32mMapped {/api/v1/installments/contracts/:id/payments, POST} route[39m[38;5;3m +0ms[39m
[32m[Nest] 46604  - [39m02/23/2026, 2:43:16 PM [32m    LOG[39m [38;5;3m[RouterExplorer] [39m[32mMapped {/api/v1/installments/contracts/:id/cancel, PATCH} route[39m[38;5;3m +0ms[39m
[32m[Nest] 46604  - [39m02/23/2026, 2:43:16 PM [32m    LOG[39m [38;5;3m[RoutesResolver] [39m[32mReportsController {/api/v1/reports}:[39m[38;5;3m +0ms[39m
[32m[Nest] 46604  - [39m02/23/2026, 2:43:16 PM [32m    LOG[39m [38;5;3m[RouterExplorer] [39m[32mMapped {/api/v1/reports/summary, GET} route[39m[38;5;3m +0ms[39m
[32m[Nest] 46604  - [39m02/23/2026, 2:43:16 PM [32m    LOG[39m [38;5;3m[RouterExplorer] [39m[32mMapped {/api/v1/reports/overdue, GET} route[39m[38;5;3m +0ms[39m
[32m[Nest] 46604  - [39m02/23/2026, 2:43:16 PM [32m    LOG[39m [38;5;3m[RouterExplorer] [39m[32mMapped {/api/v1/reports/collection-schedule, GET} route[39m[38;5;3m +0ms[39m
[32m[Nest] 46604  - [39m02/23/2026, 2:43:16 PM [32m    LOG[39m [38;5;3m[PrismaService] [39m[32m✅ Connected to database[39m
[32m[Nest] 46604  - [39m02/23/2026, 2:43:16 PM [32m    LOG[39m [38;5;3m[PrismaService] [39m[32m✅ Connected to database[39m
[32m[Nest] 46604  - [39m02/23/2026, 2:43:16 PM [32m    LOG[39m [38;5;3m[NestApplication] [39m[32mNest application successfully started[39m[38;5;3m +0ms[39m
2026-02-23 14:43:16  [32MINFO[39M [Bootstrap] [32m🚀 Daftar API running on http://localhost:7000[39m
2026-02-23 14:43:16  [32MINFO[39M [Bootstrap] [32m📚 Swagger docs: http://localhost:7000/api/docs[39m
2026-02-23 14:43:16  [32MINFO[39M [Bootstrap] [32m🔗 API prefix: /api/v1[39m
2026-02-23 14:43:16  [32MINFO[39M [Bootstrap] [32m🌍 Environment: development[39m
[32m[Nest] 46604  - [39m02/23/2026, 2:43:16 PM [32m    LOG[39m [38;5;3m[CacheService] [39m[32m✅ Redis Connected[39m
[32m[Nest] 46604  - [39m02/23/2026, 2:43:16 PM [32m    LOG[39m [38;5;3m[CacheService] [39m[32m✅ Redis Cache Service Initialized[39m
[2J[3J[H[[90m2:43:26 PM[0m] File change detected. Starting incremental compilation...

[96msrc/modules/expenses/dto/create-expense.dto.ts[0m:[93m12[0m:[93m10[0m - [91merror[0m[90m TS2305: [0mModule '"@prisma/client"' has no exported member 'ExpenseCategory'.

[7m12[0m import { ExpenseCategory } from '@prisma/client';
[7m  [0m [91m         ~~~~~~~~~~~~~~~[0m

[96msrc/modules/expenses/dto/query-expense.dto.ts[0m:[93m11[0m:[93m10[0m - [91merror[0m[90m TS2305: [0mModule '"@prisma/client"' has no exported member 'ExpenseCategory'.

[7m11[0m import { ExpenseCategory } from '@prisma/client';
[7m  [0m [91m         ~~~~~~~~~~~~~~~[0m

[96msrc/modules/expenses/expenses.repository.ts[0m:[93m3[0m:[93m18[0m - [91merror[0m[90m TS2305: [0mModule '"@prisma/client"' has no exported member 'Expense'.

[7m3[0m import { Prisma, Expense, ExpenseCategory } from '@prisma/client';
[7m [0m [91m                 ~~~~~~~[0m

[96msrc/modules/expenses/expenses.repository.ts[0m:[93m3[0m:[93m27[0m - [91merror[0m[90m TS2305: [0mModule '"@prisma/client"' has no exported member 'ExpenseCategory'.

[7m3[0m import { Prisma, Expense, ExpenseCategory } from '@prisma/client';
[7m [0m [91m                          ~~~~~~~~~~~~~~~[0m

[96msrc/modules/expenses/expenses.repository.ts[0m:[93m75[0m:[93m20[0m - [91merror[0m[90m TS2694: [0mNamespace '"D:/Web/full-projects/daftar-v1/dafter-api-v1/node_modules/.prisma/client/index".Prisma' has no exported member 'ExpenseSelect'.

[7m75[0m } satisfies Prisma.ExpenseSelect;
[7m  [0m [91m                   ~~~~~~~~~~~~~[0m

[96msrc/modules/expenses/expenses.repository.ts[0m:[93m98[0m:[93m13[0m - [91merror[0m[90m TS2694: [0mNamespace '"D:/Web/full-projects/daftar-v1/dafter-api-v1/node_modules/.prisma/client/index".Prisma' has no exported member 'ExpenseWhereInput'.

[7m98[0m   ): Prisma.ExpenseWhereInput {
[7m  [0m [91m            ~~~~~~~~~~~~~~~~~[0m

[96msrc/modules/expenses/expenses.repository.ts[0m:[93m99[0m:[93m25[0m - [91merror[0m[90m TS2694: [0mNamespace '"D:/Web/full-projects/daftar-v1/dafter-api-v1/node_modules/.prisma/client/index".Prisma' has no exported member 'ExpenseWhereInput'.

[7m99[0m     const where: Prisma.ExpenseWhereInput = {
[7m  [0m [91m                        ~~~~~~~~~~~~~~~~~[0m

[96msrc/modules/expenses/expenses.repository.ts[0m:[93m131[0m:[93m15[0m - [91merror[0m[90m TS2339: [0mProperty 'expense' does not exist on type 'TransactionClient'.

[7m131[0m     return db.expense.create({
[7m   [0m [91m              ~~~~~~~[0m

[96msrc/modules/expenses/expenses.repository.ts[0m:[93m159[0m:[93m19[0m - [91merror[0m[90m TS2339: [0mProperty 'expense' does not exist on type 'PrismaService'.

[7m159[0m       this.prisma.expense.findMany({
[7m   [0m [91m                  ~~~~~~~[0m

[96msrc/modules/expenses/expenses.repository.ts[0m:[93m166[0m:[93m19[0m - [91merror[0m[90m TS2339: [0mProperty 'expense' does not exist on type 'PrismaService'.

[7m166[0m       this.prisma.expense.count({ where }),
[7m   [0m [91m                  ~~~~~~~[0m

[96msrc/modules/expenses/expenses.repository.ts[0m:[93m188[0m:[93m24[0m - [91merror[0m[90m TS2339: [0mProperty 'expense' does not exist on type 'PrismaService'.

[7m188[0m     return this.prisma.expense.findFirst({
[7m   [0m [91m                       ~~~~~~~[0m

[96msrc/modules/expenses/expenses.repository.ts[0m:[93m202[0m:[93m14[0m - [91merror[0m[90m TS2339: [0mProperty 'expense' does not exist on type 'TransactionClient'.

[7m202[0m     await db.expense.updateMany({
[7m   [0m [91m             ~~~~~~~[0m

[96msrc/modules/expenses/expenses.repository.ts[0m:[93m206[0m:[93m15[0m - [91merror[0m[90m TS2339: [0mProperty 'expense' does not exist on type 'TransactionClient'.

[7m206[0m     return db.expense.findFirstOrThrow({
[7m   [0m [91m              ~~~~~~~[0m

[96msrc/modules/expenses/expenses.repository.ts[0m:[93m218[0m:[93m14[0m - [91merror[0m[90m TS2339: [0mProperty 'expense' does not exist on type 'TransactionClient'.

[7m218[0m     await db.expense.updateMany({
[7m   [0m [91m             ~~~~~~~[0m

[96msrc/modules/expenses/expenses.repository.ts[0m:[93m225[0m:[93m37[0m - [91merror[0m[90m TS2339: [0mProperty 'expense' does not exist on type 'PrismaService'.

[7m225[0m     const count = await this.prisma.expense.count({
[7m   [0m [91m                                    ~~~~~~~[0m

[96msrc/modules/expenses/expenses.repository.ts[0m:[93m253[0m:[93m9[0m - [91merror[0m[90m TS2322: [0mType 'Record<string, unknown>' is not assignable to type 'JsonNull | InputJsonValue | undefined'.
  Type 'Record<string, unknown>' is missing the following properties from type 'readonly (InputJsonValue | null)[]': length, concat, join, slice, and 26 more.

[7m253[0m         metadata: data.metadata ?? {},
[7m   [0m [91m        ~~~~~~~~[0m

  [96mnode_modules/.prisma/client/index.d.ts[0m:[93m32435[0m:[93m5[0m
    [7m32435[0m     metadata?: JsonNullValueInput | InputJsonValue
    [7m     [0m [96m    ~~~~~~~~[0m
    The expected type comes from property 'metadata' which is declared here on type '(Without<AuditLogCreateInput, AuditLogUncheckedCreateInput> & AuditLogUncheckedCreateInput) | (Without<...> & AuditLogCreateInput)'

[96msrc/modules/expenses/expenses.repository.ts[0m:[93m267[0m:[93m41[0m - [91merror[0m[90m TS2339: [0mProperty 'expense' does not exist on type 'PrismaService'.

[7m267[0m     const aggregate = await this.prisma.expense.aggregate({
[7m   [0m [91m                                        ~~~~~~~[0m

[96msrc/modules/expenses/expenses.repository.ts[0m:[93m274[0m:[93m39[0m - [91merror[0m[90m TS2339: [0mProperty 'expense' does not exist on type 'PrismaService'.

[7m274[0m     const grouped = await this.prisma.expense.groupBy({
[7m   [0m [91m                                      ~~~~~~~[0m

[96msrc/modules/expenses/use-cases/create-expense.use-case.ts[0m:[93m78[0m:[93m27[0m - [91merror[0m[90m TS2339: [0mProperty 'id' does not exist on type 'ExpenseWithSupplier'.

[7m78[0m         entityId: created.id,
[7m  [0m [91m                          ~~[0m

[96msrc/modules/expenses/use-cases/create-expense.use-case.ts[0m:[93m88[0m:[93m37[0m - [91merror[0m[90m TS2339: [0mProperty 'id' does not exist on type 'ExpenseWithSupplier'.

[7m88[0m         `Expense created: ${created.id} | category: ${dto.category} | ` +
[7m  [0m [91m                                    ~~[0m

[96msrc/modules/expenses/use-cases/update-expense.use-case.ts[0m:[93m42[0m:[93m13[0m - [91merror[0m[90m TS2339: [0mProperty 'supplierId' does not exist on type 'UpdateExpenseDto'.

[7m42[0m     if (dto.supplierId !== undefined) {
[7m  [0m [91m            ~~~~~~~~~~[0m

[96msrc/modules/expenses/use-cases/update-expense.use-case.ts[0m:[93m43[0m:[93m15[0m - [91merror[0m[90m TS2339: [0mProperty 'supplierId' does not exist on type 'UpdateExpenseDto'.

[7m43[0m       if (dto.supplierId !== null) {
[7m  [0m [91m              ~~~~~~~~~~[0m

[96msrc/modules/expenses/use-cases/update-expense.use-case.ts[0m:[93m45[0m:[93m28[0m - [91merror[0m[90m TS2339: [0mProperty 'supplierId' does not exist on type 'UpdateExpenseDto'.

[7m45[0m           where: { id: dto.supplierId, companyId, isDeleted: false },
[7m  [0m [91m                           ~~~~~~~~~~[0m

[96msrc/modules/expenses/use-cases/update-expense.use-case.ts[0m:[93m59[0m:[93m13[0m - [91merror[0m[90m TS2339: [0mProperty 'category' does not exist on type 'UpdateExpenseDto'.

[7m59[0m     if (dto.category !== undefined) updateData.category = dto.category;
[7m  [0m [91m            ~~~~~~~~[0m

[96msrc/modules/expenses/use-cases/update-expense.use-case.ts[0m:[93m59[0m:[93m63[0m - [91merror[0m[90m TS2339: [0mProperty 'category' does not exist on type 'UpdateExpenseDto'.

[7m59[0m     if (dto.category !== undefined) updateData.category = dto.category;
[7m  [0m [91m                                                              ~~~~~~~~[0m

[96msrc/modules/expenses/use-cases/update-expense.use-case.ts[0m:[93m60[0m:[93m13[0m - [91merror[0m[90m TS2339: [0mProperty 'amount' does not exist on type 'UpdateExpenseDto'.

[7m60[0m     if (dto.amount !== undefined)
[7m  [0m [91m            ~~~~~~[0m

[96msrc/modules/expenses/use-cases/update-expense.use-case.ts[0m:[93m61[0m:[93m50[0m - [91merror[0m[90m TS2339: [0mProperty 'amount' does not exist on type 'UpdateExpenseDto'.

[7m61[0m       updateData.amount = new Prisma.Decimal(dto.amount);
[7m  [0m [91m                                                 ~~~~~~[0m

[96msrc/modules/expenses/use-cases/update-expense.use-case.ts[0m:[93m62[0m:[93m13[0m - [91merror[0m[90m TS2339: [0mProperty 'expenseDate' does not exist on type 'UpdateExpenseDto'.

[7m62[0m     if (dto.expenseDate !== undefined) {
[7m  [0m [91m            ~~~~~~~~~~~[0m

[96msrc/modules/expenses/use-cases/update-expense.use-case.ts[0m:[93m63[0m:[93m30[0m - [91merror[0m[90m TS2339: [0mProperty 'expenseDate' does not exist on type 'UpdateExpenseDto'.

[7m63[0m       const d = new Date(dto.expenseDate);
[7m  [0m [91m                             ~~~~~~~~~~~[0m

[96msrc/modules/expenses/use-cases/update-expense.use-case.ts[0m:[93m67[0m:[93m13[0m - [91merror[0m[90m TS2339: [0mProperty 'description' does not exist on type 'UpdateExpenseDto'.

[7m67[0m     if (dto.description !== undefined) updateData.description = dto.description;
[7m  [0m [91m            ~~~~~~~~~~~[0m

[96msrc/modules/expenses/use-cases/update-expense.use-case.ts[0m:[93m67[0m:[93m69[0m - [91merror[0m[90m TS2339: [0mProperty 'description' does not exist on type 'UpdateExpenseDto'.

[7m67[0m     if (dto.description !== undefined) updateData.description = dto.description;
[7m  [0m [91m                                                                    ~~~~~~~~~~~[0m

[96msrc/modules/expenses/use-cases/update-expense.use-case.ts[0m:[93m68[0m:[93m13[0m - [91merror[0m[90m TS2339: [0mProperty 'supplierId' does not exist on type 'UpdateExpenseDto'.

[7m68[0m     if (dto.supplierId !== undefined) updateData.supplierId = dto.supplierId;
[7m  [0m [91m            ~~~~~~~~~~[0m

[96msrc/modules/expenses/use-cases/update-expense.use-case.ts[0m:[93m68[0m:[93m67[0m - [91merror[0m[90m TS2339: [0mProperty 'supplierId' does not exist on type 'UpdateExpenseDto'.

[7m68[0m     if (dto.supplierId !== undefined) updateData.supplierId = dto.supplierId;
[7m  [0m [91m                                                                  ~~~~~~~~~~[0m

[96msrc/modules/expenses/use-cases/update-expense.use-case.ts[0m:[93m69[0m:[93m13[0m - [91merror[0m[90m TS2339: [0mProperty 'referenceNumber' does not exist on type 'UpdateExpenseDto'.

[7m69[0m     if (dto.referenceNumber !== undefined)
[7m  [0m [91m            ~~~~~~~~~~~~~~~[0m

[96msrc/modules/expenses/use-cases/update-expense.use-case.ts[0m:[93m70[0m:[93m40[0m - [91merror[0m[90m TS2339: [0mProperty 'referenceNumber' does not exist on type 'UpdateExpenseDto'.

[7m70[0m       updateData.referenceNumber = dto.referenceNumber;
[7m  [0m [91m                                       ~~~~~~~~~~~~~~~[0m

[96msrc/modules/expenses/use-cases/update-expense.use-case.ts[0m:[93m71[0m:[93m13[0m - [91merror[0m[90m TS2339: [0mProperty 'paymentMethod' does not exist on type 'UpdateExpenseDto'.

[7m71[0m     if (dto.paymentMethod !== undefined)
[7m  [0m [91m            ~~~~~~~~~~~~~[0m

[96msrc/modules/expenses/use-cases/update-expense.use-case.ts[0m:[93m72[0m:[93m38[0m - [91merror[0m[90m TS2339: [0mProperty 'paymentMethod' does not exist on type 'UpdateExpenseDto'.

[7m72[0m       updateData.paymentMethod = dto.paymentMethod;
[7m  [0m [91m                                     ~~~~~~~~~~~~~[0m

[96msrc/modules/expenses/use-cases/update-expense.use-case.ts[0m:[93m73[0m:[93m13[0m - [91merror[0m[90m TS2339: [0mProperty 'notes' does not exist on type 'UpdateExpenseDto'.

[7m73[0m     if (dto.notes !== undefined) updateData.notes = dto.notes;
[7m  [0m [91m            ~~~~~[0m

[96msrc/modules/expenses/use-cases/update-expense.use-case.ts[0m:[93m73[0m:[93m57[0m - [91merror[0m[90m TS2339: [0mProperty 'notes' does not exist on type 'UpdateExpenseDto'.

[7m73[0m     if (dto.notes !== undefined) updateData.notes = dto.notes;
[7m  [0m [91m                                                        ~~~~~[0m

[[90m2:43:27 PM[0m] Found 39 errors. Watching for file changes.

[2J[3J[H[[90m2:43:35 PM[0m] File change detected. Starting incremental compilation...

[96msrc/modules/expenses/dto/create-expense.dto.ts[0m:[93m12[0m:[93m10[0m - [91merror[0m[90m TS2305: [0mModule '"@prisma/client"' has no exported member 'ExpenseCategory'.

[7m12[0m import { ExpenseCategory } from '@prisma/client';
[7m  [0m [91m         ~~~~~~~~~~~~~~~[0m

[96msrc/modules/expenses/dto/query-expense.dto.ts[0m:[93m11[0m:[93m10[0m - [91merror[0m[90m TS2305: [0mModule '"@prisma/client"' has no exported member 'ExpenseCategory'.

[7m11[0m import { ExpenseCategory } from '@prisma/client';
[7m  [0m [91m         ~~~~~~~~~~~~~~~[0m

[96msrc/modules/expenses/expenses.repository.ts[0m:[93m3[0m:[93m18[0m - [91merror[0m[90m TS2305: [0mModule '"@prisma/client"' has no exported member 'Expense'.

[7m3[0m import { Prisma, Expense, ExpenseCategory } from '@prisma/client';
[7m [0m [91m                 ~~~~~~~[0m

[96msrc/modules/expenses/expenses.repository.ts[0m:[93m3[0m:[93m27[0m - [91merror[0m[90m TS2305: [0mModule '"@prisma/client"' has no exported member 'ExpenseCategory'.

[7m3[0m import { Prisma, Expense, ExpenseCategory } from '@prisma/client';
[7m [0m [91m                          ~~~~~~~~~~~~~~~[0m

[96msrc/modules/expenses/expenses.repository.ts[0m:[93m75[0m:[93m20[0m - [91merror[0m[90m TS2694: [0mNamespace '"D:/Web/full-projects/daftar-v1/dafter-api-v1/node_modules/.prisma/client/index".Prisma' has no exported member 'ExpenseSelect'.

[7m75[0m } satisfies Prisma.ExpenseSelect;
[7m  [0m [91m                   ~~~~~~~~~~~~~[0m

[96msrc/modules/expenses/expenses.repository.ts[0m:[93m98[0m:[93m13[0m - [91merror[0m[90m TS2694: [0mNamespace '"D:/Web/full-projects/daftar-v1/dafter-api-v1/node_modules/.prisma/client/index".Prisma' has no exported member 'ExpenseWhereInput'.

[7m98[0m   ): Prisma.ExpenseWhereInput {
[7m  [0m [91m            ~~~~~~~~~~~~~~~~~[0m

[96msrc/modules/expenses/expenses.repository.ts[0m:[93m99[0m:[93m25[0m - [91merror[0m[90m TS2694: [0mNamespace '"D:/Web/full-projects/daftar-v1/dafter-api-v1/node_modules/.prisma/client/index".Prisma' has no exported member 'ExpenseWhereInput'.

[7m99[0m     const where: Prisma.ExpenseWhereInput = {
[7m  [0m [91m                        ~~~~~~~~~~~~~~~~~[0m

[96msrc/modules/expenses/expenses.repository.ts[0m:[93m131[0m:[93m15[0m - [91merror[0m[90m TS2339: [0mProperty 'expense' does not exist on type 'TransactionClient'.

[7m131[0m     return db.expense.create({
[7m   [0m [91m              ~~~~~~~[0m

[96msrc/modules/expenses/expenses.repository.ts[0m:[93m159[0m:[93m19[0m - [91merror[0m[90m TS2339: [0mProperty 'expense' does not exist on type 'PrismaService'.

[7m159[0m       this.prisma.expense.findMany({
[7m   [0m [91m                  ~~~~~~~[0m

[96msrc/modules/expenses/expenses.repository.ts[0m:[93m166[0m:[93m19[0m - [91merror[0m[90m TS2339: [0mProperty 'expense' does not exist on type 'PrismaService'.

[7m166[0m       this.prisma.expense.count({ where }),
[7m   [0m [91m                  ~~~~~~~[0m

[96msrc/modules/expenses/expenses.repository.ts[0m:[93m188[0m:[93m24[0m - [91merror[0m[90m TS2339: [0mProperty 'expense' does not exist on type 'PrismaService'.

[7m188[0m     return this.prisma.expense.findFirst({
[7m   [0m [91m                       ~~~~~~~[0m

[96msrc/modules/expenses/expenses.repository.ts[0m:[93m202[0m:[93m14[0m - [91merror[0m[90m TS2339: [0mProperty 'expense' does not exist on type 'TransactionClient'.

[7m202[0m     await db.expense.updateMany({
[7m   [0m [91m             ~~~~~~~[0m

[96msrc/modules/expenses/expenses.repository.ts[0m:[93m206[0m:[93m15[0m - [91merror[0m[90m TS2339: [0mProperty 'expense' does not exist on type 'TransactionClient'.

[7m206[0m     return db.expense.findFirstOrThrow({
[7m   [0m [91m              ~~~~~~~[0m

[96msrc/modules/expenses/expenses.repository.ts[0m:[93m218[0m:[93m14[0m - [91merror[0m[90m TS2339: [0mProperty 'expense' does not exist on type 'TransactionClient'.

[7m218[0m     await db.expense.updateMany({
[7m   [0m [91m             ~~~~~~~[0m

[96msrc/modules/expenses/expenses.repository.ts[0m:[93m225[0m:[93m37[0m - [91merror[0m[90m TS2339: [0mProperty 'expense' does not exist on type 'PrismaService'.

[7m225[0m     const count = await this.prisma.expense.count({
[7m   [0m [91m                                    ~~~~~~~[0m

[96msrc/modules/expenses/expenses.repository.ts[0m:[93m253[0m:[93m9[0m - [91merror[0m[90m TS2322: [0mType 'Record<string, unknown>' is not assignable to type 'JsonNull | InputJsonValue | undefined'.
  Type 'Record<string, unknown>' is missing the following properties from type 'readonly (InputJsonValue | null)[]': length, concat, join, slice, and 26 more.

[7m253[0m         metadata: data.metadata ?? {},
[7m   [0m [91m        ~~~~~~~~[0m

  [96mnode_modules/.prisma/client/index.d.ts[0m:[93m32435[0m:[93m5[0m
    [7m32435[0m     metadata?: JsonNullValueInput | InputJsonValue
    [7m     [0m [96m    ~~~~~~~~[0m
    The expected type comes from property 'metadata' which is declared here on type '(Without<AuditLogCreateInput, AuditLogUncheckedCreateInput> & AuditLogUncheckedCreateInput) | (Without<...> & AuditLogCreateInput)'

[96msrc/modules/expenses/expenses.repository.ts[0m:[93m267[0m:[93m41[0m - [91merror[0m[90m TS2339: [0mProperty 'expense' does not exist on type 'PrismaService'.

[7m267[0m     const aggregate = await this.prisma.expense.aggregate({
[7m   [0m [91m                                        ~~~~~~~[0m

[96msrc/modules/expenses/expenses.repository.ts[0m:[93m274[0m:[93m39[0m - [91merror[0m[90m TS2339: [0mProperty 'expense' does not exist on type 'PrismaService'.

[7m274[0m     const grouped = await this.prisma.expense.groupBy({
[7m   [0m [91m                                      ~~~~~~~[0m

[96msrc/modules/expenses/use-cases/create-expense.use-case.ts[0m:[93m78[0m:[93m27[0m - [91merror[0m[90m TS2339: [0mProperty 'id' does not exist on type 'ExpenseWithSupplier'.

[7m78[0m         entityId: created.id,
[7m  [0m [91m                          ~~[0m

[96msrc/modules/expenses/use-cases/create-expense.use-case.ts[0m:[93m88[0m:[93m37[0m - [91merror[0m[90m TS2339: [0mProperty 'id' does not exist on type 'ExpenseWithSupplier'.

[7m88[0m         `Expense created: ${created.id} | category: ${dto.category} | ` +
[7m  [0m [91m                                    ~~[0m

[96msrc/modules/expenses/use-cases/delete-expense.use-case.ts[0m:[93m42[0m:[93m30[0m - [91merror[0m[90m TS2339: [0mProperty 'category' does not exist on type 'ExpenseWithSupplier'.

[7m42[0m           category: existing.category,
[7m  [0m [91m                             ~~~~~~~~[0m

[96msrc/modules/expenses/use-cases/delete-expense.use-case.ts[0m:[93m43[0m:[93m28[0m - [91merror[0m[90m TS2339: [0mProperty 'amount' does not exist on type 'ExpenseWithSupplier'.

[7m43[0m           amount: existing.amount.toString(),
[7m  [0m [91m                           ~~~~~~[0m

[96msrc/modules/expenses/use-cases/delete-expense.use-case.ts[0m:[93m44[0m:[93m33[0m - [91merror[0m[90m TS2339: [0mProperty 'expenseDate' does not exist on type 'ExpenseWithSupplier'.

[7m44[0m           expenseDate: existing.expenseDate,
[7m  [0m [91m                                ~~~~~~~~~~~[0m

[96msrc/modules/expenses/use-cases/update-expense.use-case.ts[0m:[93m42[0m:[93m13[0m - [91merror[0m[90m TS2339: [0mProperty 'supplierId' does not exist on type 'UpdateExpenseDto'.

[7m42[0m     if (dto.supplierId !== undefined) {
[7m  [0m [91m            ~~~~~~~~~~[0m

[96msrc/modules/expenses/use-cases/update-expense.use-case.ts[0m:[93m43[0m:[93m15[0m - [91merror[0m[90m TS2339: [0mProperty 'supplierId' does not exist on type 'UpdateExpenseDto'.

[7m43[0m       if (dto.supplierId !== null) {
[7m  [0m [91m              ~~~~~~~~~~[0m

[96msrc/modules/expenses/use-cases/update-expense.use-case.ts[0m:[93m45[0m:[93m28[0m - [91merror[0m[90m TS2339: [0mProperty 'supplierId' does not exist on type 'UpdateExpenseDto'.

[7m45[0m           where: { id: dto.supplierId, companyId, isDeleted: false },
[7m  [0m [91m                           ~~~~~~~~~~[0m

[96msrc/modules/expenses/use-cases/update-expense.use-case.ts[0m:[93m59[0m:[93m13[0m - [91merror[0m[90m TS2339: [0mProperty 'category' does not exist on type 'UpdateExpenseDto'.

[7m59[0m     if (dto.category !== undefined) updateData.category = dto.category;
[7m  [0m [91m            ~~~~~~~~[0m

[96msrc/modules/expenses/use-cases/update-expense.use-case.ts[0m:[93m59[0m:[93m63[0m - [91merror[0m[90m TS2339: [0mProperty 'category' does not exist on type 'UpdateExpenseDto'.

[7m59[0m     if (dto.category !== undefined) updateData.category = dto.category;
[7m  [0m [91m                                                              ~~~~~~~~[0m

[96msrc/modules/expenses/use-cases/update-expense.use-case.ts[0m:[93m60[0m:[93m13[0m - [91merror[0m[90m TS2339: [0mProperty 'amount' does not exist on type 'UpdateExpenseDto'.

[7m60[0m     if (dto.amount !== undefined)
[7m  [0m [91m            ~~~~~~[0m

[96msrc/modules/expenses/use-cases/update-expense.use-case.ts[0m:[93m61[0m:[93m50[0m - [91merror[0m[90m TS2339: [0mProperty 'amount' does not exist on type 'UpdateExpenseDto'.

[7m61[0m       updateData.amount = new Prisma.Decimal(dto.amount);
[7m  [0m [91m                                                 ~~~~~~[0m

[96msrc/modules/expenses/use-cases/update-expense.use-case.ts[0m:[93m62[0m:[93m13[0m - [91merror[0m[90m TS2339: [0mProperty 'expenseDate' does not exist on type 'UpdateExpenseDto'.

[7m62[0m     if (dto.expenseDate !== undefined) {
[7m  [0m [91m            ~~~~~~~~~~~[0m

[96msrc/modules/expenses/use-cases/update-expense.use-case.ts[0m:[93m63[0m:[93m30[0m - [91merror[0m[90m TS2339: [0mProperty 'expenseDate' does not exist on type 'UpdateExpenseDto'.

[7m63[0m       const d = new Date(dto.expenseDate);
[7m  [0m [91m                             ~~~~~~~~~~~[0m

[96msrc/modules/expenses/use-cases/update-expense.use-case.ts[0m:[93m67[0m:[93m13[0m - [91merror[0m[90m TS2339: [0mProperty 'description' does not exist on type 'UpdateExpenseDto'.

[7m67[0m     if (dto.description !== undefined) updateData.description = dto.description;
[7m  [0m [91m            ~~~~~~~~~~~[0m

[96msrc/modules/expenses/use-cases/update-expense.use-case.ts[0m:[93m67[0m:[93m69[0m - [91merror[0m[90m TS2339: [0mProperty 'description' does not exist on type 'UpdateExpenseDto'.

[7m67[0m     if (dto.description !== undefined) updateData.description = dto.description;
[7m  [0m [91m                                                                    ~~~~~~~~~~~[0m

[96msrc/modules/expenses/use-cases/update-expense.use-case.ts[0m:[93m68[0m:[93m13[0m - [91merror[0m[90m TS2339: [0mProperty 'supplierId' does not exist on type 'UpdateExpenseDto'.

[7m68[0m     if (dto.supplierId !== undefined) updateData.supplierId = dto.supplierId;
[7m  [0m [91m            ~~~~~~~~~~[0m

[96msrc/modules/expenses/use-cases/update-expense.use-case.ts[0m:[93m68[0m:[93m67[0m - [91merror[0m[90m TS2339: [0mProperty 'supplierId' does not exist on type 'UpdateExpenseDto'.

[7m68[0m     if (dto.supplierId !== undefined) updateData.supplierId = dto.supplierId;
[7m  [0m [91m                                                                  ~~~~~~~~~~[0m

[96msrc/modules/expenses/use-cases/update-expense.use-case.ts[0m:[93m69[0m:[93m13[0m - [91merror[0m[90m TS2339: [0mProperty 'referenceNumber' does not exist on type 'UpdateExpenseDto'.

[7m69[0m     if (dto.referenceNumber !== undefined)
[7m  [0m [91m            ~~~~~~~~~~~~~~~[0m

[96msrc/modules/expenses/use-cases/update-expense.use-case.ts[0m:[93m70[0m:[93m40[0m - [91merror[0m[90m TS2339: [0mProperty 'referenceNumber' does not exist on type 'UpdateExpenseDto'.

[7m70[0m       updateData.referenceNumber = dto.referenceNumber;
[7m  [0m [91m                                       ~~~~~~~~~~~~~~~[0m

[96msrc/modules/expenses/use-cases/update-expense.use-case.ts[0m:[93m71[0m:[93m13[0m - [91merror[0m[90m TS2339: [0mProperty 'paymentMethod' does not exist on type 'UpdateExpenseDto'.

[7m71[0m     if (dto.paymentMethod !== undefined)
[7m  [0m [91m            ~~~~~~~~~~~~~[0m

[96msrc/modules/expenses/use-cases/update-expense.use-case.ts[0m:[93m72[0m:[93m38[0m - [91merror[0m[90m TS2339: [0mProperty 'paymentMethod' does not exist on type 'UpdateExpenseDto'.

[7m72[0m       updateData.paymentMethod = dto.paymentMethod;
[7m  [0m [91m                                     ~~~~~~~~~~~~~[0m

[96msrc/modules/expenses/use-cases/update-expense.use-case.ts[0m:[93m73[0m:[93m13[0m - [91merror[0m[90m TS2339: [0mProperty 'notes' does not exist on type 'UpdateExpenseDto'.

[7m73[0m     if (dto.notes !== undefined) updateData.notes = dto.notes;
[7m  [0m [91m            ~~~~~[0m

[96msrc/modules/expenses/use-cases/update-expense.use-case.ts[0m:[93m73[0m:[93m57[0m - [91merror[0m[90m TS2339: [0mProperty 'notes' does not exist on type 'UpdateExpenseDto'.

[7m73[0m     if (dto.notes !== undefined) updateData.notes = dto.notes;
[7m  [0m [91m                                                        ~~~~~[0m

[[90m2:43:35 PM[0m] Found 42 errors. Watching for file changes.

[2J[3J[H[[90m2:43:42 PM[0m] File change detected. Starting incremental compilation...

[96msrc/modules/expenses/dto/create-expense.dto.ts[0m:[93m12[0m:[93m10[0m - [91merror[0m[90m TS2305: [0mModule '"@prisma/client"' has no exported member 'ExpenseCategory'.

[7m12[0m import { ExpenseCategory } from '@prisma/client';
[7m  [0m [91m         ~~~~~~~~~~~~~~~[0m

[96msrc/modules/expenses/dto/query-expense.dto.ts[0m:[93m11[0m:[93m10[0m - [91merror[0m[90m TS2305: [0mModule '"@prisma/client"' has no exported member 'ExpenseCategory'.

[7m11[0m import { ExpenseCategory } from '@prisma/client';
[7m  [0m [91m         ~~~~~~~~~~~~~~~[0m

[96msrc/modules/expenses/expenses.repository.ts[0m:[93m3[0m:[93m18[0m - [91merror[0m[90m TS2305: [0mModule '"@prisma/client"' has no exported member 'Expense'.

[7m3[0m import { Prisma, Expense, ExpenseCategory } from '@prisma/client';
[7m [0m [91m                 ~~~~~~~[0m

[96msrc/modules/expenses/expenses.repository.ts[0m:[93m3[0m:[93m27[0m - [91merror[0m[90m TS2305: [0mModule '"@prisma/client"' has no exported member 'ExpenseCategory'.

[7m3[0m import { Prisma, Expense, ExpenseCategory } from '@prisma/client';
[7m [0m [91m                          ~~~~~~~~~~~~~~~[0m

[96msrc/modules/expenses/expenses.repository.ts[0m:[93m75[0m:[93m20[0m - [91merror[0m[90m TS2694: [0mNamespace '"D:/Web/full-projects/daftar-v1/dafter-api-v1/node_modules/.prisma/client/index".Prisma' has no exported member 'ExpenseSelect'.

[7m75[0m } satisfies Prisma.ExpenseSelect;
[7m  [0m [91m                   ~~~~~~~~~~~~~[0m

[96msrc/modules/expenses/expenses.repository.ts[0m:[93m98[0m:[93m13[0m - [91merror[0m[90m TS2694: [0mNamespace '"D:/Web/full-projects/daftar-v1/dafter-api-v1/node_modules/.prisma/client/index".Prisma' has no exported member 'ExpenseWhereInput'.

[7m98[0m   ): Prisma.ExpenseWhereInput {
[7m  [0m [91m            ~~~~~~~~~~~~~~~~~[0m

[96msrc/modules/expenses/expenses.repository.ts[0m:[93m99[0m:[93m25[0m - [91merror[0m[90m TS2694: [0mNamespace '"D:/Web/full-projects/daftar-v1/dafter-api-v1/node_modules/.prisma/client/index".Prisma' has no exported member 'ExpenseWhereInput'.

[7m99[0m     const where: Prisma.ExpenseWhereInput = {
[7m  [0m [91m                        ~~~~~~~~~~~~~~~~~[0m

[96msrc/modules/expenses/expenses.repository.ts[0m:[93m131[0m:[93m15[0m - [91merror[0m[90m TS2339: [0mProperty 'expense' does not exist on type 'TransactionClient'.

[7m131[0m     return db.expense.create({
[7m   [0m [91m              ~~~~~~~[0m

[96msrc/modules/expenses/expenses.repository.ts[0m:[93m159[0m:[93m19[0m - [91merror[0m[90m TS2339: [0mProperty 'expense' does not exist on type 'PrismaService'.

[7m159[0m       this.prisma.expense.findMany({
[7m   [0m [91m                  ~~~~~~~[0m

[96msrc/modules/expenses/expenses.repository.ts[0m:[93m166[0m:[93m19[0m - [91merror[0m[90m TS2339: [0mProperty 'expense' does not exist on type 'PrismaService'.

[7m166[0m       this.prisma.expense.count({ where }),
[7m   [0m [91m                  ~~~~~~~[0m

[96msrc/modules/expenses/expenses.repository.ts[0m:[93m188[0m:[93m24[0m - [91merror[0m[90m TS2339: [0mProperty 'expense' does not exist on type 'PrismaService'.

[7m188[0m     return this.prisma.expense.findFirst({
[7m   [0m [91m                       ~~~~~~~[0m

[96msrc/modules/expenses/expenses.repository.ts[0m:[93m202[0m:[93m14[0m - [91merror[0m[90m TS2339: [0mProperty 'expense' does not exist on type 'TransactionClient'.

[7m202[0m     await db.expense.updateMany({
[7m   [0m [91m             ~~~~~~~[0m

[96msrc/modules/expenses/expenses.repository.ts[0m:[93m206[0m:[93m15[0m - [91merror[0m[90m TS2339: [0mProperty 'expense' does not exist on type 'TransactionClient'.

[7m206[0m     return db.expense.findFirstOrThrow({
[7m   [0m [91m              ~~~~~~~[0m

[96msrc/modules/expenses/expenses.repository.ts[0m:[93m218[0m:[93m14[0m - [91merror[0m[90m TS2339: [0mProperty 'expense' does not exist on type 'TransactionClient'.

[7m218[0m     await db.expense.updateMany({
[7m   [0m [91m             ~~~~~~~[0m

[96msrc/modules/expenses/expenses.repository.ts[0m:[93m225[0m:[93m37[0m - [91merror[0m[90m TS2339: [0mProperty 'expense' does not exist on type 'PrismaService'.

[7m225[0m     const count = await this.prisma.expense.count({
[7m   [0m [91m                                    ~~~~~~~[0m

[96msrc/modules/expenses/expenses.repository.ts[0m:[93m253[0m:[93m9[0m - [91merror[0m[90m TS2322: [0mType 'Record<string, unknown>' is not assignable to type 'JsonNull | InputJsonValue | undefined'.
  Type 'Record<string, unknown>' is missing the following properties from type 'readonly (InputJsonValue | null)[]': length, concat, join, slice, and 26 more.

[7m253[0m         metadata: data.metadata ?? {},
[7m   [0m [91m        ~~~~~~~~[0m

  [96mnode_modules/.prisma/client/index.d.ts[0m:[93m32435[0m:[93m5[0m
    [7m32435[0m     metadata?: JsonNullValueInput | InputJsonValue
    [7m     [0m [96m    ~~~~~~~~[0m
    The expected type comes from property 'metadata' which is declared here on type '(Without<AuditLogCreateInput, AuditLogUncheckedCreateInput> & AuditLogUncheckedCreateInput) | (Without<...> & AuditLogCreateInput)'

[96msrc/modules/expenses/expenses.repository.ts[0m:[93m267[0m:[93m41[0m - [91merror[0m[90m TS2339: [0mProperty 'expense' does not exist on type 'PrismaService'.

[7m267[0m     const aggregate = await this.prisma.expense.aggregate({
[7m   [0m [91m                                        ~~~~~~~[0m

[96msrc/modules/expenses/expenses.repository.ts[0m:[93m274[0m:[93m39[0m - [91merror[0m[90m TS2339: [0mProperty 'expense' does not exist on type 'PrismaService'.

[7m274[0m     const grouped = await this.prisma.expense.groupBy({
[7m   [0m [91m                                      ~~~~~~~[0m

[96msrc/modules/expenses/use-cases/create-expense.use-case.ts[0m:[93m78[0m:[93m27[0m - [91merror[0m[90m TS2339: [0mProperty 'id' does not exist on type 'ExpenseWithSupplier'.

[7m78[0m         entityId: created.id,
[7m  [0m [91m                          ~~[0m

[96msrc/modules/expenses/use-cases/create-expense.use-case.ts[0m:[93m88[0m:[93m37[0m - [91merror[0m[90m TS2339: [0mProperty 'id' does not exist on type 'ExpenseWithSupplier'.

[7m88[0m         `Expense created: ${created.id} | category: ${dto.category} | ` +
[7m  [0m [91m                                    ~~[0m

[96msrc/modules/expenses/use-cases/delete-expense.use-case.ts[0m:[93m42[0m:[93m30[0m - [91merror[0m[90m TS2339: [0mProperty 'category' does not exist on type 'ExpenseWithSupplier'.

[7m42[0m           category: existing.category,
[7m  [0m [91m                             ~~~~~~~~[0m

[96msrc/modules/expenses/use-cases/delete-expense.use-case.ts[0m:[93m43[0m:[93m28[0m - [91merror[0m[90m TS2339: [0mProperty 'amount' does not exist on type 'ExpenseWithSupplier'.

[7m43[0m           amount: existing.amount.toString(),
[7m  [0m [91m                           ~~~~~~[0m

[96msrc/modules/expenses/use-cases/delete-expense.use-case.ts[0m:[93m44[0m:[93m33[0m - [91merror[0m[90m TS2339: [0mProperty 'expenseDate' does not exist on type 'ExpenseWithSupplier'.

[7m44[0m           expenseDate: existing.expenseDate,
[7m  [0m [91m                                ~~~~~~~~~~~[0m

[96msrc/modules/expenses/use-cases/update-expense.use-case.ts[0m:[93m42[0m:[93m13[0m - [91merror[0m[90m TS2339: [0mProperty 'supplierId' does not exist on type 'UpdateExpenseDto'.

[7m42[0m     if (dto.supplierId !== undefined) {
[7m  [0m [91m            ~~~~~~~~~~[0m

[96msrc/modules/expenses/use-cases/update-expense.use-case.ts[0m:[93m43[0m:[93m15[0m - [91merror[0m[90m TS2339: [0mProperty 'supplierId' does not exist on type 'UpdateExpenseDto'.

[7m43[0m       if (dto.supplierId !== null) {
[7m  [0m [91m              ~~~~~~~~~~[0m

[96msrc/modules/expenses/use-cases/update-expense.use-case.ts[0m:[93m45[0m:[93m28[0m - [91merror[0m[90m TS2339: [0mProperty 'supplierId' does not exist on type 'UpdateExpenseDto'.

[7m45[0m           where: { id: dto.supplierId, companyId, isDeleted: false },
[7m  [0m [91m                           ~~~~~~~~~~[0m

[96msrc/modules/expenses/use-cases/update-expense.use-case.ts[0m:[93m59[0m:[93m13[0m - [91merror[0m[90m TS2339: [0mProperty 'category' does not exist on type 'UpdateExpenseDto'.

[7m59[0m     if (dto.category !== undefined) updateData.category = dto.category;
[7m  [0m [91m            ~~~~~~~~[0m

[96msrc/modules/expenses/use-cases/update-expense.use-case.ts[0m:[93m59[0m:[93m63[0m - [91merror[0m[90m TS2339: [0mProperty 'category' does not exist on type 'UpdateExpenseDto'.

[7m59[0m     if (dto.category !== undefined) updateData.category = dto.category;
[7m  [0m [91m                                                              ~~~~~~~~[0m

[96msrc/modules/expenses/use-cases/update-expense.use-case.ts[0m:[93m60[0m:[93m13[0m - [91merror[0m[90m TS2339: [0mProperty 'amount' does not exist on type 'UpdateExpenseDto'.

[7m60[0m     if (dto.amount !== undefined)
[7m  [0m [91m            ~~~~~~[0m

[96msrc/modules/expenses/use-cases/update-expense.use-case.ts[0m:[93m61[0m:[93m50[0m - [91merror[0m[90m TS2339: [0mProperty 'amount' does not exist on type 'UpdateExpenseDto'.

[7m61[0m       updateData.amount = new Prisma.Decimal(dto.amount);
[7m  [0m [91m                                                 ~~~~~~[0m

[96msrc/modules/expenses/use-cases/update-expense.use-case.ts[0m:[93m62[0m:[93m13[0m - [91merror[0m[90m TS2339: [0mProperty 'expenseDate' does not exist on type 'UpdateExpenseDto'.

[7m62[0m     if (dto.expenseDate !== undefined) {
[7m  [0m [91m            ~~~~~~~~~~~[0m

[96msrc/modules/expenses/use-cases/update-expense.use-case.ts[0m:[93m63[0m:[93m30[0m - [91merror[0m[90m TS2339: [0mProperty 'expenseDate' does not exist on type 'UpdateExpenseDto'.

[7m63[0m       const d = new Date(dto.expenseDate);
[7m  [0m [91m                             ~~~~~~~~~~~[0m

[96msrc/modules/expenses/use-cases/update-expense.use-case.ts[0m:[93m67[0m:[93m13[0m - [91merror[0m[90m TS2339: [0mProperty 'description' does not exist on type 'UpdateExpenseDto'.

[7m67[0m     if (dto.description !== undefined) updateData.description = dto.description;
[7m  [0m [91m            ~~~~~~~~~~~[0m

[96msrc/modules/expenses/use-cases/update-expense.use-case.ts[0m:[93m67[0m:[93m69[0m - [91merror[0m[90m TS2339: [0mProperty 'description' does not exist on type 'UpdateExpenseDto'.

[7m67[0m     if (dto.description !== undefined) updateData.description = dto.description;
[7m  [0m [91m                                                                    ~~~~~~~~~~~[0m

[96msrc/modules/expenses/use-cases/update-expense.use-case.ts[0m:[93m68[0m:[93m13[0m - [91merror[0m[90m TS2339: [0mProperty 'supplierId' does not exist on type 'UpdateExpenseDto'.

[7m68[0m     if (dto.supplierId !== undefined) updateData.supplierId = dto.supplierId;
[7m  [0m [91m            ~~~~~~~~~~[0m

[96msrc/modules/expenses/use-cases/update-expense.use-case.ts[0m:[93m68[0m:[93m67[0m - [91merror[0m[90m TS2339: [0mProperty 'supplierId' does not exist on type 'UpdateExpenseDto'.

[7m68[0m     if (dto.supplierId !== undefined) updateData.supplierId = dto.supplierId;
[7m  [0m [91m                                                                  ~~~~~~~~~~[0m

[96msrc/modules/expenses/use-cases/update-expense.use-case.ts[0m:[93m69[0m:[93m13[0m - [91merror[0m[90m TS2339: [0mProperty 'referenceNumber' does not exist on type 'UpdateExpenseDto'.

[7m69[0m     if (dto.referenceNumber !== undefined)
[7m  [0m [91m            ~~~~~~~~~~~~~~~[0m

[96msrc/modules/expenses/use-cases/update-expense.use-case.ts[0m:[93m70[0m:[93m40[0m - [91merror[0m[90m TS2339: [0mProperty 'referenceNumber' does not exist on type 'UpdateExpenseDto'.

[7m70[0m       updateData.referenceNumber = dto.referenceNumber;
[7m  [0m [91m                                       ~~~~~~~~~~~~~~~[0m

[96msrc/modules/expenses/use-cases/update-expense.use-case.ts[0m:[93m71[0m:[93m13[0m - [91merror[0m[90m TS2339: [0mProperty 'paymentMethod' does not exist on type 'UpdateExpenseDto'.

[7m71[0m     if (dto.paymentMethod !== undefined)
[7m  [0m [91m            ~~~~~~~~~~~~~[0m

[96msrc/modules/expenses/use-cases/update-expense.use-case.ts[0m:[93m72[0m:[93m38[0m - [91merror[0m[90m TS2339: [0mProperty 'paymentMethod' does not exist on type 'UpdateExpenseDto'.

[7m72[0m       updateData.paymentMethod = dto.paymentMethod;
[7m  [0m [91m                                     ~~~~~~~~~~~~~[0m

[96msrc/modules/expenses/use-cases/update-expense.use-case.ts[0m:[93m73[0m:[93m13[0m - [91merror[0m[90m TS2339: [0mProperty 'notes' does not exist on type 'UpdateExpenseDto'.

[7m73[0m     if (dto.notes !== undefined) updateData.notes = dto.notes;
[7m  [0m [91m            ~~~~~[0m

[96msrc/modules/expenses/use-cases/update-expense.use-case.ts[0m:[93m73[0m:[93m57[0m - [91merror[0m[90m TS2339: [0mProperty 'notes' does not exist on type 'UpdateExpenseDto'.

[7m73[0m     if (dto.notes !== undefined) updateData.notes = dto.notes;
[7m  [0m [91m                                                        ~~~~~[0m

[[90m2:43:42 PM[0m] Found 42 errors. Watching for file changes.

[2J[3J[H[[90m2:43:47 PM[0m] File change detected. Starting incremental compilation...

[96msrc/modules/expenses/dto/create-expense.dto.ts[0m:[93m12[0m:[93m10[0m - [91merror[0m[90m TS2305: [0mModule '"@prisma/client"' has no exported member 'ExpenseCategory'.

[7m12[0m import { ExpenseCategory } from '@prisma/client';
[7m  [0m [91m         ~~~~~~~~~~~~~~~[0m

[96msrc/modules/expenses/dto/query-expense.dto.ts[0m:[93m11[0m:[93m10[0m - [91merror[0m[90m TS2305: [0mModule '"@prisma/client"' has no exported member 'ExpenseCategory'.

[7m11[0m import { ExpenseCategory } from '@prisma/client';
[7m  [0m [91m         ~~~~~~~~~~~~~~~[0m

[96msrc/modules/expenses/expenses.repository.ts[0m:[93m3[0m:[93m18[0m - [91merror[0m[90m TS2305: [0mModule '"@prisma/client"' has no exported member 'Expense'.

[7m3[0m import { Prisma, Expense, ExpenseCategory } from '@prisma/client';
[7m [0m [91m                 ~~~~~~~[0m

[96msrc/modules/expenses/expenses.repository.ts[0m:[93m3[0m:[93m27[0m - [91merror[0m[90m TS2305: [0mModule '"@prisma/client"' has no exported member 'ExpenseCategory'.

[7m3[0m import { Prisma, Expense, ExpenseCategory } from '@prisma/client';
[7m [0m [91m                          ~~~~~~~~~~~~~~~[0m

[96msrc/modules/expenses/expenses.repository.ts[0m:[93m75[0m:[93m20[0m - [91merror[0m[90m TS2694: [0mNamespace '"D:/Web/full-projects/daftar-v1/dafter-api-v1/node_modules/.prisma/client/index".Prisma' has no exported member 'ExpenseSelect'.

[7m75[0m } satisfies Prisma.ExpenseSelect;
[7m  [0m [91m                   ~~~~~~~~~~~~~[0m

[96msrc/modules/expenses/expenses.repository.ts[0m:[93m98[0m:[93m13[0m - [91merror[0m[90m TS2694: [0mNamespace '"D:/Web/full-projects/daftar-v1/dafter-api-v1/node_modules/.prisma/client/index".Prisma' has no exported member 'ExpenseWhereInput'.

[7m98[0m   ): Prisma.ExpenseWhereInput {
[7m  [0m [91m            ~~~~~~~~~~~~~~~~~[0m

[96msrc/modules/expenses/expenses.repository.ts[0m:[93m99[0m:[93m25[0m - [91merror[0m[90m TS2694: [0mNamespace '"D:/Web/full-projects/daftar-v1/dafter-api-v1/node_modules/.prisma/client/index".Prisma' has no exported member 'ExpenseWhereInput'.

[7m99[0m     const where: Prisma.ExpenseWhereInput = {
[7m  [0m [91m                        ~~~~~~~~~~~~~~~~~[0m

[96msrc/modules/expenses/expenses.repository.ts[0m:[93m131[0m:[93m15[0m - [91merror[0m[90m TS2339: [0mProperty 'expense' does not exist on type 'TransactionClient'.

[7m131[0m     return db.expense.create({
[7m   [0m [91m              ~~~~~~~[0m

[96msrc/modules/expenses/expenses.repository.ts[0m:[93m159[0m:[93m19[0m - [91merror[0m[90m TS2339: [0mProperty 'expense' does not exist on type 'PrismaService'.

[7m159[0m       this.prisma.expense.findMany({
[7m   [0m [91m                  ~~~~~~~[0m

[96msrc/modules/expenses/expenses.repository.ts[0m:[93m166[0m:[93m19[0m - [91merror[0m[90m TS2339: [0mProperty 'expense' does not exist on type 'PrismaService'.

[7m166[0m       this.prisma.expense.count({ where }),
[7m   [0m [91m                  ~~~~~~~[0m

[96msrc/modules/expenses/expenses.repository.ts[0m:[93m188[0m:[93m24[0m - [91merror[0m[90m TS2339: [0mProperty 'expense' does not exist on type 'PrismaService'.

[7m188[0m     return this.prisma.expense.findFirst({
[7m   [0m [91m                       ~~~~~~~[0m

[96msrc/modules/expenses/expenses.repository.ts[0m:[93m202[0m:[93m14[0m - [91merror[0m[90m TS2339: [0mProperty 'expense' does not exist on type 'TransactionClient'.

[7m202[0m     await db.expense.updateMany({
[7m   [0m [91m             ~~~~~~~[0m

[96msrc/modules/expenses/expenses.repository.ts[0m:[93m206[0m:[93m15[0m - [91merror[0m[90m TS2339: [0mProperty 'expense' does not exist on type 'TransactionClient'.

[7m206[0m     return db.expense.findFirstOrThrow({
[7m   [0m [91m              ~~~~~~~[0m

[96msrc/modules/expenses/expenses.repository.ts[0m:[93m218[0m:[93m14[0m - [91merror[0m[90m TS2339: [0mProperty 'expense' does not exist on type 'TransactionClient'.

[7m218[0m     await db.expense.updateMany({
[7m   [0m [91m             ~~~~~~~[0m

[96msrc/modules/expenses/expenses.repository.ts[0m:[93m225[0m:[93m37[0m - [91merror[0m[90m TS2339: [0mProperty 'expense' does not exist on type 'PrismaService'.

[7m225[0m     const count = await this.prisma.expense.count({
[7m   [0m [91m                                    ~~~~~~~[0m

[96msrc/modules/expenses/expenses.repository.ts[0m:[93m253[0m:[93m9[0m - [91merror[0m[90m TS2322: [0mType 'Record<string, unknown>' is not assignable to type 'JsonNull | InputJsonValue | undefined'.
  Type 'Record<string, unknown>' is missing the following properties from type 'readonly (InputJsonValue | null)[]': length, concat, join, slice, and 26 more.

[7m253[0m         metadata: data.metadata ?? {},
[7m   [0m [91m        ~~~~~~~~[0m

  [96mnode_modules/.prisma/client/index.d.ts[0m:[93m32435[0m:[93m5[0m
    [7m32435[0m     metadata?: JsonNullValueInput | InputJsonValue
    [7m     [0m [96m    ~~~~~~~~[0m
    The expected type comes from property 'metadata' which is declared here on type '(Without<AuditLogCreateInput, AuditLogUncheckedCreateInput> & AuditLogUncheckedCreateInput) | (Without<...> & AuditLogCreateInput)'

[96msrc/modules/expenses/expenses.repository.ts[0m:[93m267[0m:[93m41[0m - [91merror[0m[90m TS2339: [0mProperty 'expense' does not exist on type 'PrismaService'.

[7m267[0m     const aggregate = await this.prisma.expense.aggregate({
[7m   [0m [91m                                        ~~~~~~~[0m

[96msrc/modules/expenses/expenses.repository.ts[0m:[93m274[0m:[93m39[0m - [91merror[0m[90m TS2339: [0mProperty 'expense' does not exist on type 'PrismaService'.

[7m274[0m     const grouped = await this.prisma.expense.groupBy({
[7m   [0m [91m                                      ~~~~~~~[0m

[96msrc/modules/expenses/use-cases/create-expense.use-case.ts[0m:[93m78[0m:[93m27[0m - [91merror[0m[90m TS2339: [0mProperty 'id' does not exist on type 'ExpenseWithSupplier'.

[7m78[0m         entityId: created.id,
[7m  [0m [91m                          ~~[0m

[96msrc/modules/expenses/use-cases/create-expense.use-case.ts[0m:[93m88[0m:[93m37[0m - [91merror[0m[90m TS2339: [0mProperty 'id' does not exist on type 'ExpenseWithSupplier'.

[7m88[0m         `Expense created: ${created.id} | category: ${dto.category} | ` +
[7m  [0m [91m                                    ~~[0m

[96msrc/modules/expenses/use-cases/delete-expense.use-case.ts[0m:[93m42[0m:[93m30[0m - [91merror[0m[90m TS2339: [0mProperty 'category' does not exist on type 'ExpenseWithSupplier'.

[7m42[0m           category: existing.category,
[7m  [0m [91m                             ~~~~~~~~[0m

[96msrc/modules/expenses/use-cases/delete-expense.use-case.ts[0m:[93m43[0m:[93m28[0m - [91merror[0m[90m TS2339: [0mProperty 'amount' does not exist on type 'ExpenseWithSupplier'.

[7m43[0m           amount: existing.amount.toString(),
[7m  [0m [91m                           ~~~~~~[0m

[96msrc/modules/expenses/use-cases/delete-expense.use-case.ts[0m:[93m44[0m:[93m33[0m - [91merror[0m[90m TS2339: [0mProperty 'expenseDate' does not exist on type 'ExpenseWithSupplier'.

[7m44[0m           expenseDate: existing.expenseDate,
[7m  [0m [91m                                ~~~~~~~~~~~[0m

[96msrc/modules/expenses/use-cases/update-expense.use-case.ts[0m:[93m42[0m:[93m13[0m - [91merror[0m[90m TS2339: [0mProperty 'supplierId' does not exist on type 'UpdateExpenseDto'.

[7m42[0m     if (dto.supplierId !== undefined) {
[7m  [0m [91m            ~~~~~~~~~~[0m

[96msrc/modules/expenses/use-cases/update-expense.use-case.ts[0m:[93m43[0m:[93m15[0m - [91merror[0m[90m TS2339: [0mProperty 'supplierId' does not exist on type 'UpdateExpenseDto'.

[7m43[0m       if (dto.supplierId !== null) {
[7m  [0m [91m              ~~~~~~~~~~[0m

[96msrc/modules/expenses/use-cases/update-expense.use-case.ts[0m:[93m45[0m:[93m28[0m - [91merror[0m[90m TS2339: [0mProperty 'supplierId' does not exist on type 'UpdateExpenseDto'.

[7m45[0m           where: { id: dto.supplierId, companyId, isDeleted: false },
[7m  [0m [91m                           ~~~~~~~~~~[0m

[96msrc/modules/expenses/use-cases/update-expense.use-case.ts[0m:[93m59[0m:[93m13[0m - [91merror[0m[90m TS2339: [0mProperty 'category' does not exist on type 'UpdateExpenseDto'.

[7m59[0m     if (dto.category !== undefined) updateData.category = dto.category;
[7m  [0m [91m            ~~~~~~~~[0m

[96msrc/modules/expenses/use-cases/update-expense.use-case.ts[0m:[93m59[0m:[93m63[0m - [91merror[0m[90m TS2339: [0mProperty 'category' does not exist on type 'UpdateExpenseDto'.

[7m59[0m     if (dto.category !== undefined) updateData.category = dto.category;
[7m  [0m [91m                                                              ~~~~~~~~[0m

[96msrc/modules/expenses/use-cases/update-expense.use-case.ts[0m:[93m60[0m:[93m13[0m - [91merror[0m[90m TS2339: [0mProperty 'amount' does not exist on type 'UpdateExpenseDto'.

[7m60[0m     if (dto.amount !== undefined)
[7m  [0m [91m            ~~~~~~[0m

[96msrc/modules/expenses/use-cases/update-expense.use-case.ts[0m:[93m61[0m:[93m50[0m - [91merror[0m[90m TS2339: [0mProperty 'amount' does not exist on type 'UpdateExpenseDto'.

[7m61[0m       updateData.amount = new Prisma.Decimal(dto.amount);
[7m  [0m [91m                                                 ~~~~~~[0m

[96msrc/modules/expenses/use-cases/update-expense.use-case.ts[0m:[93m62[0m:[93m13[0m - [91merror[0m[90m TS2339: [0mProperty 'expenseDate' does not exist on type 'UpdateExpenseDto'.

[7m62[0m     if (dto.expenseDate !== undefined) {
[7m  [0m [91m            ~~~~~~~~~~~[0m

[96msrc/modules/expenses/use-cases/update-expense.use-case.ts[0m:[93m63[0m:[93m30[0m - [91merror[0m[90m TS2339: [0mProperty 'expenseDate' does not exist on type 'UpdateExpenseDto'.

[7m63[0m       const d = new Date(dto.expenseDate);
[7m  [0m [91m                             ~~~~~~~~~~~[0m

[96msrc/modules/expenses/use-cases/update-expense.use-case.ts[0m:[93m67[0m:[93m13[0m - [91merror[0m[90m TS2339: [0mProperty 'description' does not exist on type 'UpdateExpenseDto'.

[7m67[0m     if (dto.description !== undefined) updateData.description = dto.description;
[7m  [0m [91m            ~~~~~~~~~~~[0m

[96msrc/modules/expenses/use-cases/update-expense.use-case.ts[0m:[93m67[0m:[93m69[0m - [91merror[0m[90m TS2339: [0mProperty 'description' does not exist on type 'UpdateExpenseDto'.

[7m67[0m     if (dto.description !== undefined) updateData.description = dto.description;
[7m  [0m [91m                                                                    ~~~~~~~~~~~[0m

[96msrc/modules/expenses/use-cases/update-expense.use-case.ts[0m:[93m68[0m:[93m13[0m - [91merror[0m[90m TS2339: [0mProperty 'supplierId' does not exist on type 'UpdateExpenseDto'.

[7m68[0m     if (dto.supplierId !== undefined) updateData.supplierId = dto.supplierId;
[7m  [0m [91m            ~~~~~~~~~~[0m

[96msrc/modules/expenses/use-cases/update-expense.use-case.ts[0m:[93m68[0m:[93m67[0m - [91merror[0m[90m TS2339: [0mProperty 'supplierId' does not exist on type 'UpdateExpenseDto'.

[7m68[0m     if (dto.supplierId !== undefined) updateData.supplierId = dto.supplierId;
[7m  [0m [91m                                                                  ~~~~~~~~~~[0m

[96msrc/modules/expenses/use-cases/update-expense.use-case.ts[0m:[93m69[0m:[93m13[0m - [91merror[0m[90m TS2339: [0mProperty 'referenceNumber' does not exist on type 'UpdateExpenseDto'.

[7m69[0m     if (dto.referenceNumber !== undefined)
[7m  [0m [91m            ~~~~~~~~~~~~~~~[0m

[96msrc/modules/expenses/use-cases/update-expense.use-case.ts[0m:[93m70[0m:[93m40[0m - [91merror[0m[90m TS2339: [0mProperty 'referenceNumber' does not exist on type 'UpdateExpenseDto'.

[7m70[0m       updateData.referenceNumber = dto.referenceNumber;
[7m  [0m [91m                                       ~~~~~~~~~~~~~~~[0m

[96msrc/modules/expenses/use-cases/update-expense.use-case.ts[0m:[93m71[0m:[93m13[0m - [91merror[0m[90m TS2339: [0mProperty 'paymentMethod' does not exist on type 'UpdateExpenseDto'.

[7m71[0m     if (dto.paymentMethod !== undefined)
[7m  [0m [91m            ~~~~~~~~~~~~~[0m

[96msrc/modules/expenses/use-cases/update-expense.use-case.ts[0m:[93m72[0m:[93m38[0m - [91merror[0m[90m TS2339: [0mProperty 'paymentMethod' does not exist on type 'UpdateExpenseDto'.

[7m72[0m       updateData.paymentMethod = dto.paymentMethod;
[7m  [0m [91m                                     ~~~~~~~~~~~~~[0m

[96msrc/modules/expenses/use-cases/update-expense.use-case.ts[0m:[93m73[0m:[93m13[0m - [91merror[0m[90m TS2339: [0mProperty 'notes' does not exist on type 'UpdateExpenseDto'.

[7m73[0m     if (dto.notes !== undefined) updateData.notes = dto.notes;
[7m  [0m [91m            ~~~~~[0m

[96msrc/modules/expenses/use-cases/update-expense.use-case.ts[0m:[93m73[0m:[93m57[0m - [91merror[0m[90m TS2339: [0mProperty 'notes' does not exist on type 'UpdateExpenseDto'.

[7m73[0m     if (dto.notes !== undefined) updateData.notes = dto.notes;
[7m  [0m [91m                                                        ~~~~~[0m

[[90m2:43:47 PM[0m] Found 42 errors. Watching for file changes.

[2J[3J[H[[90m2:44:03 PM[0m] File change detected. Starting incremental compilation...

[96msrc/modules/expenses/dto/create-expense.dto.ts[0m:[93m12[0m:[93m10[0m - [91merror[0m[90m TS2305: [0mModule '"@prisma/client"' has no exported member 'ExpenseCategory'.

[7m12[0m import { ExpenseCategory } from '@prisma/client';
[7m  [0m [91m         ~~~~~~~~~~~~~~~[0m

[96msrc/modules/expenses/dto/query-expense.dto.ts[0m:[93m11[0m:[93m10[0m - [91merror[0m[90m TS2305: [0mModule '"@prisma/client"' has no exported member 'ExpenseCategory'.

[7m11[0m import { ExpenseCategory } from '@prisma/client';
[7m  [0m [91m         ~~~~~~~~~~~~~~~[0m

[96msrc/modules/expenses/expenses.repository.ts[0m:[93m3[0m:[93m18[0m - [91merror[0m[90m TS2305: [0mModule '"@prisma/client"' has no exported member 'Expense'.

[7m3[0m import { Prisma, Expense, ExpenseCategory } from '@prisma/client';
[7m [0m [91m                 ~~~~~~~[0m

[96msrc/modules/expenses/expenses.repository.ts[0m:[93m3[0m:[93m27[0m - [91merror[0m[90m TS2305: [0mModule '"@prisma/client"' has no exported member 'ExpenseCategory'.

[7m3[0m import { Prisma, Expense, ExpenseCategory } from '@prisma/client';
[7m [0m [91m                          ~~~~~~~~~~~~~~~[0m

[96msrc/modules/expenses/expenses.repository.ts[0m:[93m75[0m:[93m20[0m - [91merror[0m[90m TS2694: [0mNamespace '"D:/Web/full-projects/daftar-v1/dafter-api-v1/node_modules/.prisma/client/index".Prisma' has no exported member 'ExpenseSelect'.

[7m75[0m } satisfies Prisma.ExpenseSelect;
[7m  [0m [91m                   ~~~~~~~~~~~~~[0m

[96msrc/modules/expenses/expenses.repository.ts[0m:[93m98[0m:[93m13[0m - [91merror[0m[90m TS2694: [0mNamespace '"D:/Web/full-projects/daftar-v1/dafter-api-v1/node_modules/.prisma/client/index".Prisma' has no exported member 'ExpenseWhereInput'.

[7m98[0m   ): Prisma.ExpenseWhereInput {
[7m  [0m [91m            ~~~~~~~~~~~~~~~~~[0m

[96msrc/modules/expenses/expenses.repository.ts[0m:[93m99[0m:[93m25[0m - [91merror[0m[90m TS2694: [0mNamespace '"D:/Web/full-projects/daftar-v1/dafter-api-v1/node_modules/.prisma/client/index".Prisma' has no exported member 'ExpenseWhereInput'.

[7m99[0m     const where: Prisma.ExpenseWhereInput = {
[7m  [0m [91m                        ~~~~~~~~~~~~~~~~~[0m

[96msrc/modules/expenses/expenses.repository.ts[0m:[93m131[0m:[93m15[0m - [91merror[0m[90m TS2339: [0mProperty 'expense' does not exist on type 'TransactionClient'.

[7m131[0m     return db.expense.create({
[7m   [0m [91m              ~~~~~~~[0m

[96msrc/modules/expenses/expenses.repository.ts[0m:[93m159[0m:[93m19[0m - [91merror[0m[90m TS2339: [0mProperty 'expense' does not exist on type 'PrismaService'.

[7m159[0m       this.prisma.expense.findMany({
[7m   [0m [91m                  ~~~~~~~[0m

[96msrc/modules/expenses/expenses.repository.ts[0m:[93m166[0m:[93m19[0m - [91merror[0m[90m TS2339: [0mProperty 'expense' does not exist on type 'PrismaService'.

[7m166[0m       this.prisma.expense.count({ where }),
[7m   [0m [91m                  ~~~~~~~[0m

[96msrc/modules/expenses/expenses.repository.ts[0m:[93m188[0m:[93m24[0m - [91merror[0m[90m TS2339: [0mProperty 'expense' does not exist on type 'PrismaService'.

[7m188[0m     return this.prisma.expense.findFirst({
[7m   [0m [91m                       ~~~~~~~[0m

[96msrc/modules/expenses/expenses.repository.ts[0m:[93m202[0m:[93m14[0m - [91merror[0m[90m TS2339: [0mProperty 'expense' does not exist on type 'TransactionClient'.

[7m202[0m     await db.expense.updateMany({
[7m   [0m [91m             ~~~~~~~[0m

[96msrc/modules/expenses/expenses.repository.ts[0m:[93m206[0m:[93m15[0m - [91merror[0m[90m TS2339: [0mProperty 'expense' does not exist on type 'TransactionClient'.

[7m206[0m     return db.expense.findFirstOrThrow({
[7m   [0m [91m              ~~~~~~~[0m

[96msrc/modules/expenses/expenses.repository.ts[0m:[93m218[0m:[93m14[0m - [91merror[0m[90m TS2339: [0mProperty 'expense' does not exist on type 'TransactionClient'.

[7m218[0m     await db.expense.updateMany({
[7m   [0m [91m             ~~~~~~~[0m

[96msrc/modules/expenses/expenses.repository.ts[0m:[93m225[0m:[93m37[0m - [91merror[0m[90m TS2339: [0mProperty 'expense' does not exist on type 'PrismaService'.

[7m225[0m     const count = await this.prisma.expense.count({
[7m   [0m [91m                                    ~~~~~~~[0m

[96msrc/modules/expenses/expenses.repository.ts[0m:[93m253[0m:[93m9[0m - [91merror[0m[90m TS2322: [0mType 'Record<string, unknown>' is not assignable to type 'JsonNull | InputJsonValue | undefined'.
  Type 'Record<string, unknown>' is missing the following properties from type 'readonly (InputJsonValue | null)[]': length, concat, join, slice, and 26 more.

[7m253[0m         metadata: data.metadata ?? {},
[7m   [0m [91m        ~~~~~~~~[0m

  [96mnode_modules/.prisma/client/index.d.ts[0m:[93m32435[0m:[93m5[0m
    [7m32435[0m     metadata?: JsonNullValueInput | InputJsonValue
    [7m     [0m [96m    ~~~~~~~~[0m
    The expected type comes from property 'metadata' which is declared here on type '(Without<AuditLogCreateInput, AuditLogUncheckedCreateInput> & AuditLogUncheckedCreateInput) | (Without<...> & AuditLogCreateInput)'

[96msrc/modules/expenses/expenses.repository.ts[0m:[93m267[0m:[93m41[0m - [91merror[0m[90m TS2339: [0mProperty 'expense' does not exist on type 'PrismaService'.

[7m267[0m     const aggregate = await this.prisma.expense.aggregate({
[7m   [0m [91m                                        ~~~~~~~[0m

[96msrc/modules/expenses/expenses.repository.ts[0m:[93m274[0m:[93m39[0m - [91merror[0m[90m TS2339: [0mProperty 'expense' does not exist on type 'PrismaService'.

[7m274[0m     const grouped = await this.prisma.expense.groupBy({
[7m   [0m [91m                                      ~~~~~~~[0m

[96msrc/modules/expenses/use-cases/create-expense.use-case.ts[0m:[93m78[0m:[93m27[0m - [91merror[0m[90m TS2339: [0mProperty 'id' does not exist on type 'ExpenseWithSupplier'.

[7m78[0m         entityId: created.id,
[7m  [0m [91m                          ~~[0m

[96msrc/modules/expenses/use-cases/create-expense.use-case.ts[0m:[93m88[0m:[93m37[0m - [91merror[0m[90m TS2339: [0mProperty 'id' does not exist on type 'ExpenseWithSupplier'.

[7m88[0m         `Expense created: ${created.id} | category: ${dto.category} | ` +
[7m  [0m [91m                                    ~~[0m

[96msrc/modules/expenses/use-cases/delete-expense.use-case.ts[0m:[93m42[0m:[93m30[0m - [91merror[0m[90m TS2339: [0mProperty 'category' does not exist on type 'ExpenseWithSupplier'.

[7m42[0m           category: existing.category,
[7m  [0m [91m                             ~~~~~~~~[0m

[96msrc/modules/expenses/use-cases/delete-expense.use-case.ts[0m:[93m43[0m:[93m28[0m - [91merror[0m[90m TS2339: [0mProperty 'amount' does not exist on type 'ExpenseWithSupplier'.

[7m43[0m           amount: existing.amount.toString(),
[7m  [0m [91m                           ~~~~~~[0m

[96msrc/modules/expenses/use-cases/delete-expense.use-case.ts[0m:[93m44[0m:[93m33[0m - [91merror[0m[90m TS2339: [0mProperty 'expenseDate' does not exist on type 'ExpenseWithSupplier'.

[7m44[0m           expenseDate: existing.expenseDate,
[7m  [0m [91m                                ~~~~~~~~~~~[0m

[96msrc/modules/expenses/use-cases/update-expense.use-case.ts[0m:[93m42[0m:[93m13[0m - [91merror[0m[90m TS2339: [0mProperty 'supplierId' does not exist on type 'UpdateExpenseDto'.

[7m42[0m     if (dto.supplierId !== undefined) {
[7m  [0m [91m            ~~~~~~~~~~[0m

[96msrc/modules/expenses/use-cases/update-expense.use-case.ts[0m:[93m43[0m:[93m15[0m - [91merror[0m[90m TS2339: [0mProperty 'supplierId' does not exist on type 'UpdateExpenseDto'.

[7m43[0m       if (dto.supplierId !== null) {
[7m  [0m [91m              ~~~~~~~~~~[0m

[96msrc/modules/expenses/use-cases/update-expense.use-case.ts[0m:[93m45[0m:[93m28[0m - [91merror[0m[90m TS2339: [0mProperty 'supplierId' does not exist on type 'UpdateExpenseDto'.

[7m45[0m           where: { id: dto.supplierId, companyId, isDeleted: false },
[7m  [0m [91m                           ~~~~~~~~~~[0m

[96msrc/modules/expenses/use-cases/update-expense.use-case.ts[0m:[93m59[0m:[93m13[0m - [91merror[0m[90m TS2339: [0mProperty 'category' does not exist on type 'UpdateExpenseDto'.

[7m59[0m     if (dto.category !== undefined) updateData.category = dto.category;
[7m  [0m [91m            ~~~~~~~~[0m

[96msrc/modules/expenses/use-cases/update-expense.use-case.ts[0m:[93m59[0m:[93m63[0m - [91merror[0m[90m TS2339: [0mProperty 'category' does not exist on type 'UpdateExpenseDto'.

[7m59[0m     if (dto.category !== undefined) updateData.category = dto.category;
[7m  [0m [91m                                                              ~~~~~~~~[0m

[96msrc/modules/expenses/use-cases/update-expense.use-case.ts[0m:[93m60[0m:[93m13[0m - [91merror[0m[90m TS2339: [0mProperty 'amount' does not exist on type 'UpdateExpenseDto'.

[7m60[0m     if (dto.amount !== undefined)
[7m  [0m [91m            ~~~~~~[0m

[96msrc/modules/expenses/use-cases/update-expense.use-case.ts[0m:[93m61[0m:[93m50[0m - [91merror[0m[90m TS2339: [0mProperty 'amount' does not exist on type 'UpdateExpenseDto'.

[7m61[0m       updateData.amount = new Prisma.Decimal(dto.amount);
[7m  [0m [91m                                                 ~~~~~~[0m

[96msrc/modules/expenses/use-cases/update-expense.use-case.ts[0m:[93m62[0m:[93m13[0m - [91merror[0m[90m TS2339: [0mProperty 'expenseDate' does not exist on type 'UpdateExpenseDto'.

[7m62[0m     if (dto.expenseDate !== undefined) {
[7m  [0m [91m            ~~~~~~~~~~~[0m

[96msrc/modules/expenses/use-cases/update-expense.use-case.ts[0m:[93m63[0m:[93m30[0m - [91merror[0m[90m TS2339: [0mProperty 'expenseDate' does not exist on type 'UpdateExpenseDto'.

[7m63[0m       const d = new Date(dto.expenseDate);
[7m  [0m [91m                             ~~~~~~~~~~~[0m

[96msrc/modules/expenses/use-cases/update-expense.use-case.ts[0m:[93m67[0m:[93m13[0m - [91merror[0m[90m TS2339: [0mProperty 'description' does not exist on type 'UpdateExpenseDto'.

[7m67[0m     if (dto.description !== undefined) updateData.description = dto.description;
[7m  [0m [91m            ~~~~~~~~~~~[0m

[96msrc/modules/expenses/use-cases/update-expense.use-case.ts[0m:[93m67[0m:[93m69[0m - [91merror[0m[90m TS2339: [0mProperty 'description' does not exist on type 'UpdateExpenseDto'.

[7m67[0m     if (dto.description !== undefined) updateData.description = dto.description;
[7m  [0m [91m                                                                    ~~~~~~~~~~~[0m

[96msrc/modules/expenses/use-cases/update-expense.use-case.ts[0m:[93m68[0m:[93m13[0m - [91merror[0m[90m TS2339: [0mProperty 'supplierId' does not exist on type 'UpdateExpenseDto'.

[7m68[0m     if (dto.supplierId !== undefined) updateData.supplierId = dto.supplierId;
[7m  [0m [91m            ~~~~~~~~~~[0m

[96msrc/modules/expenses/use-cases/update-expense.use-case.ts[0m:[93m68[0m:[93m67[0m - [91merror[0m[90m TS2339: [0mProperty 'supplierId' does not exist on type 'UpdateExpenseDto'.

[7m68[0m     if (dto.supplierId !== undefined) updateData.supplierId = dto.supplierId;
[7m  [0m [91m                                                                  ~~~~~~~~~~[0m

[96msrc/modules/expenses/use-cases/update-expense.use-case.ts[0m:[93m69[0m:[93m13[0m - [91merror[0m[90m TS2339: [0mProperty 'referenceNumber' does not exist on type 'UpdateExpenseDto'.

[7m69[0m     if (dto.referenceNumber !== undefined)
[7m  [0m [91m            ~~~~~~~~~~~~~~~[0m

[96msrc/modules/expenses/use-cases/update-expense.use-case.ts[0m:[93m70[0m:[93m40[0m - [91merror[0m[90m TS2339: [0mProperty 'referenceNumber' does not exist on type 'UpdateExpenseDto'.

[7m70[0m       updateData.referenceNumber = dto.referenceNumber;
[7m  [0m [91m                                       ~~~~~~~~~~~~~~~[0m

[96msrc/modules/expenses/use-cases/update-expense.use-case.ts[0m:[93m71[0m:[93m13[0m - [91merror[0m[90m TS2339: [0mProperty 'paymentMethod' does not exist on type 'UpdateExpenseDto'.

[7m71[0m     if (dto.paymentMethod !== undefined)
[7m  [0m [91m            ~~~~~~~~~~~~~[0m

[96msrc/modules/expenses/use-cases/update-expense.use-case.ts[0m:[93m72[0m:[93m38[0m - [91merror[0m[90m TS2339: [0mProperty 'paymentMethod' does not exist on type 'UpdateExpenseDto'.

[7m72[0m       updateData.paymentMethod = dto.paymentMethod;
[7m  [0m [91m                                     ~~~~~~~~~~~~~[0m

[96msrc/modules/expenses/use-cases/update-expense.use-case.ts[0m:[93m73[0m:[93m13[0m - [91merror[0m[90m TS2339: [0mProperty 'notes' does not exist on type 'UpdateExpenseDto'.

[7m73[0m     if (dto.notes !== undefined) updateData.notes = dto.notes;
[7m  [0m [91m            ~~~~~[0m

[96msrc/modules/expenses/use-cases/update-expense.use-case.ts[0m:[93m73[0m:[93m57[0m - [91merror[0m[90m TS2339: [0mProperty 'notes' does not exist on type 'UpdateExpenseDto'.

[7m73[0m     if (dto.notes !== undefined) updateData.notes = dto.notes;
[7m  [0m [91m                                                        ~~~~~[0m

[[90m2:44:03 PM[0m] Found 42 errors. Watching for file changes.

[2J[3J[H[[90m2:45:06 PM[0m] File change detected. Starting incremental compilation...

[96msrc/modules/expenses/dto/create-expense.dto.ts[0m:[93m12[0m:[93m10[0m - [91merror[0m[90m TS2305: [0mModule '"@prisma/client"' has no exported member 'ExpenseCategory'.

[7m12[0m import { ExpenseCategory } from '@prisma/client';
[7m  [0m [91m         ~~~~~~~~~~~~~~~[0m

[96msrc/modules/expenses/dto/query-expense.dto.ts[0m:[93m11[0m:[93m10[0m - [91merror[0m[90m TS2305: [0mModule '"@prisma/client"' has no exported member 'ExpenseCategory'.

[7m11[0m import { ExpenseCategory } from '@prisma/client';
[7m  [0m [91m         ~~~~~~~~~~~~~~~[0m

[96msrc/modules/expenses/expenses.repository.ts[0m:[93m3[0m:[93m18[0m - [91merror[0m[90m TS2305: [0mModule '"@prisma/client"' has no exported member 'Expense'.

[7m3[0m import { Prisma, Expense, ExpenseCategory } from '@prisma/client';
[7m [0m [91m                 ~~~~~~~[0m

[96msrc/modules/expenses/expenses.repository.ts[0m:[93m3[0m:[93m27[0m - [91merror[0m[90m TS2305: [0mModule '"@prisma/client"' has no exported member 'ExpenseCategory'.

[7m3[0m import { Prisma, Expense, ExpenseCategory } from '@prisma/client';
[7m [0m [91m                          ~~~~~~~~~~~~~~~[0m

[96msrc/modules/expenses/expenses.repository.ts[0m:[93m75[0m:[93m20[0m - [91merror[0m[90m TS2694: [0mNamespace '"D:/Web/full-projects/daftar-v1/dafter-api-v1/node_modules/.prisma/client/index".Prisma' has no exported member 'ExpenseSelect'.

[7m75[0m } satisfies Prisma.ExpenseSelect;
[7m  [0m [91m                   ~~~~~~~~~~~~~[0m

[96msrc/modules/expenses/expenses.repository.ts[0m:[93m98[0m:[93m13[0m - [91merror[0m[90m TS2694: [0mNamespace '"D:/Web/full-projects/daftar-v1/dafter-api-v1/node_modules/.prisma/client/index".Prisma' has no exported member 'ExpenseWhereInput'.

[7m98[0m   ): Prisma.ExpenseWhereInput {
[7m  [0m [91m            ~~~~~~~~~~~~~~~~~[0m

[96msrc/modules/expenses/expenses.repository.ts[0m:[93m99[0m:[93m25[0m - [91merror[0m[90m TS2694: [0mNamespace '"D:/Web/full-projects/daftar-v1/dafter-api-v1/node_modules/.prisma/client/index".Prisma' has no exported member 'ExpenseWhereInput'.

[7m99[0m     const where: Prisma.ExpenseWhereInput = {
[7m  [0m [91m                        ~~~~~~~~~~~~~~~~~[0m

[96msrc/modules/expenses/expenses.repository.ts[0m:[93m131[0m:[93m15[0m - [91merror[0m[90m TS2339: [0mProperty 'expense' does not exist on type 'TransactionClient'.

[7m131[0m     return db.expense.create({
[7m   [0m [91m              ~~~~~~~[0m

[96msrc/modules/expenses/expenses.repository.ts[0m:[93m159[0m:[93m19[0m - [91merror[0m[90m TS2339: [0mProperty 'expense' does not exist on type 'PrismaService'.

[7m159[0m       this.prisma.expense.findMany({
[7m   [0m [91m                  ~~~~~~~[0m

[96msrc/modules/expenses/expenses.repository.ts[0m:[93m166[0m:[93m19[0m - [91merror[0m[90m TS2339: [0mProperty 'expense' does not exist on type 'PrismaService'.

[7m166[0m       this.prisma.expense.count({ where }),
[7m   [0m [91m                  ~~~~~~~[0m

[96msrc/modules/expenses/expenses.repository.ts[0m:[93m188[0m:[93m24[0m - [91merror[0m[90m TS2339: [0mProperty 'expense' does not exist on type 'PrismaService'.

[7m188[0m     return this.prisma.expense.findFirst({
[7m   [0m [91m                       ~~~~~~~[0m

[96msrc/modules/expenses/expenses.repository.ts[0m:[93m202[0m:[93m14[0m - [91merror[0m[90m TS2339: [0mProperty 'expense' does not exist on type 'TransactionClient'.

[7m202[0m     await db.expense.updateMany({
[7m   [0m [91m             ~~~~~~~[0m

[96msrc/modules/expenses/expenses.repository.ts[0m:[93m206[0m:[93m15[0m - [91merror[0m[90m TS2339: [0mProperty 'expense' does not exist on type 'TransactionClient'.

[7m206[0m     return db.expense.findFirstOrThrow({
[7m   [0m [91m              ~~~~~~~[0m

[96msrc/modules/expenses/expenses.repository.ts[0m:[93m218[0m:[93m14[0m - [91merror[0m[90m TS2339: [0mProperty 'expense' does not exist on type 'TransactionClient'.

[7m218[0m     await db.expense.updateMany({
[7m   [0m [91m             ~~~~~~~[0m

[96msrc/modules/expenses/expenses.repository.ts[0m:[93m225[0m:[93m37[0m - [91merror[0m[90m TS2339: [0mProperty 'expense' does not exist on type 'PrismaService'.

[7m225[0m     const count = await this.prisma.expense.count({
[7m   [0m [91m                                    ~~~~~~~[0m

[96msrc/modules/expenses/expenses.repository.ts[0m:[93m253[0m:[93m9[0m - [91merror[0m[90m TS2322: [0mType 'Record<string, unknown>' is not assignable to type 'JsonNull | InputJsonValue | undefined'.
  Type 'Record<string, unknown>' is missing the following properties from type 'readonly (InputJsonValue | null)[]': length, concat, join, slice, and 26 more.

[7m253[0m         metadata: data.metadata ?? {},
[7m   [0m [91m        ~~~~~~~~[0m

  [96mnode_modules/.prisma/client/index.d.ts[0m:[93m32435[0m:[93m5[0m
    [7m32435[0m     metadata?: JsonNullValueInput | InputJsonValue
    [7m     [0m [96m    ~~~~~~~~[0m
    The expected type comes from property 'metadata' which is declared here on type '(Without<AuditLogCreateInput, AuditLogUncheckedCreateInput> & AuditLogUncheckedCreateInput) | (Without<...> & AuditLogCreateInput)'

[96msrc/modules/expenses/expenses.repository.ts[0m:[93m267[0m:[93m41[0m - [91merror[0m[90m TS2339: [0mProperty 'expense' does not exist on type 'PrismaService'.

[7m267[0m     const aggregate = await this.prisma.expense.aggregate({
[7m   [0m [91m                                        ~~~~~~~[0m

[96msrc/modules/expenses/expenses.repository.ts[0m:[93m274[0m:[93m39[0m - [91merror[0m[90m TS2339: [0mProperty 'expense' does not exist on type 'PrismaService'.

[7m274[0m     const grouped = await this.prisma.expense.groupBy({
[7m   [0m [91m                                      ~~~~~~~[0m

[96msrc/modules/expenses/swagger/expenses.swagger.ts[0m:[93m19[0m:[93m10[0m - [91merror[0m[90m TS2305: [0mModule '"@prisma/client"' has no exported member 'ExpenseCategory'.

[7m19[0m import { ExpenseCategory } from '@prisma/client';
[7m  [0m [91m         ~~~~~~~~~~~~~~~[0m

[96msrc/modules/expenses/use-cases/create-expense.use-case.ts[0m:[93m78[0m:[93m27[0m - [91merror[0m[90m TS2339: [0mProperty 'id' does not exist on type 'ExpenseWithSupplier'.

[7m78[0m         entityId: created.id,
[7m  [0m [91m                          ~~[0m

[96msrc/modules/expenses/use-cases/create-expense.use-case.ts[0m:[93m88[0m:[93m37[0m - [91merror[0m[90m TS2339: [0mProperty 'id' does not exist on type 'ExpenseWithSupplier'.

[7m88[0m         `Expense created: ${created.id} | category: ${dto.category} | ` +
[7m  [0m [91m                                    ~~[0m

[96msrc/modules/expenses/use-cases/delete-expense.use-case.ts[0m:[93m42[0m:[93m30[0m - [91merror[0m[90m TS2339: [0mProperty 'category' does not exist on type 'ExpenseWithSupplier'.

[7m42[0m           category: existing.category,
[7m  [0m [91m                             ~~~~~~~~[0m

[96msrc/modules/expenses/use-cases/delete-expense.use-case.ts[0m:[93m43[0m:[93m28[0m - [91merror[0m[90m TS2339: [0mProperty 'amount' does not exist on type 'ExpenseWithSupplier'.

[7m43[0m           amount: existing.amount.toString(),
[7m  [0m [91m                           ~~~~~~[0m

[96msrc/modules/expenses/use-cases/delete-expense.use-case.ts[0m:[93m44[0m:[93m33[0m - [91merror[0m[90m TS2339: [0mProperty 'expenseDate' does not exist on type 'ExpenseWithSupplier'.

[7m44[0m           expenseDate: existing.expenseDate,
[7m  [0m [91m                                ~~~~~~~~~~~[0m

[96msrc/modules/expenses/use-cases/update-expense.use-case.ts[0m:[93m42[0m:[93m13[0m - [91merror[0m[90m TS2339: [0mProperty 'supplierId' does not exist on type 'UpdateExpenseDto'.

[7m42[0m     if (dto.supplierId !== undefined) {
[7m  [0m [91m            ~~~~~~~~~~[0m

[96msrc/modules/expenses/use-cases/update-expense.use-case.ts[0m:[93m43[0m:[93m15[0m - [91merror[0m[90m TS2339: [0mProperty 'supplierId' does not exist on type 'UpdateExpenseDto'.

[7m43[0m       if (dto.supplierId !== null) {
[7m  [0m [91m              ~~~~~~~~~~[0m

[96msrc/modules/expenses/use-cases/update-expense.use-case.ts[0m:[93m45[0m:[93m28[0m - [91merror[0m[90m TS2339: [0mProperty 'supplierId' does not exist on type 'UpdateExpenseDto'.

[7m45[0m           where: { id: dto.supplierId, companyId, isDeleted: false },
[7m  [0m [91m                           ~~~~~~~~~~[0m

[96msrc/modules/expenses/use-cases/update-expense.use-case.ts[0m:[93m59[0m:[93m13[0m - [91merror[0m[90m TS2339: [0mProperty 'category' does not exist on type 'UpdateExpenseDto'.

[7m59[0m     if (dto.category !== undefined) updateData.category = dto.category;
[7m  [0m [91m            ~~~~~~~~[0m

[96msrc/modules/expenses/use-cases/update-expense.use-case.ts[0m:[93m59[0m:[93m63[0m - [91merror[0m[90m TS2339: [0mProperty 'category' does not exist on type 'UpdateExpenseDto'.

[7m59[0m     if (dto.category !== undefined) updateData.category = dto.category;
[7m  [0m [91m                                                              ~~~~~~~~[0m

[96msrc/modules/expenses/use-cases/update-expense.use-case.ts[0m:[93m60[0m:[93m13[0m - [91merror[0m[90m TS2339: [0mProperty 'amount' does not exist on type 'UpdateExpenseDto'.

[7m60[0m     if (dto.amount !== undefined)
[7m  [0m [91m            ~~~~~~[0m

[96msrc/modules/expenses/use-cases/update-expense.use-case.ts[0m:[93m61[0m:[93m50[0m - [91merror[0m[90m TS2339: [0mProperty 'amount' does not exist on type 'UpdateExpenseDto'.

[7m61[0m       updateData.amount = new Prisma.Decimal(dto.amount);
[7m  [0m [91m                                                 ~~~~~~[0m

[96msrc/modules/expenses/use-cases/update-expense.use-case.ts[0m:[93m62[0m:[93m13[0m - [91merror[0m[90m TS2339: [0mProperty 'expenseDate' does not exist on type 'UpdateExpenseDto'.

[7m62[0m     if (dto.expenseDate !== undefined) {
[7m  [0m [91m            ~~~~~~~~~~~[0m

[96msrc/modules/expenses/use-cases/update-expense.use-case.ts[0m:[93m63[0m:[93m30[0m - [91merror[0m[90m TS2339: [0mProperty 'expenseDate' does not exist on type 'UpdateExpenseDto'.

[7m63[0m       const d = new Date(dto.expenseDate);
[7m  [0m [91m                             ~~~~~~~~~~~[0m

[96msrc/modules/expenses/use-cases/update-expense.use-case.ts[0m:[93m67[0m:[93m13[0m - [91merror[0m[90m TS2339: [0mProperty 'description' does not exist on type 'UpdateExpenseDto'.

[7m67[0m     if (dto.description !== undefined) updateData.description = dto.description;
[7m  [0m [91m            ~~~~~~~~~~~[0m

[96msrc/modules/expenses/use-cases/update-expense.use-case.ts[0m:[93m67[0m:[93m69[0m - [91merror[0m[90m TS2339: [0mProperty 'description' does not exist on type 'UpdateExpenseDto'.

[7m67[0m     if (dto.description !== undefined) updateData.description = dto.description;
[7m  [0m [91m                                                                    ~~~~~~~~~~~[0m

[96msrc/modules/expenses/use-cases/update-expense.use-case.ts[0m:[93m68[0m:[93m13[0m - [91merror[0m[90m TS2339: [0mProperty 'supplierId' does not exist on type 'UpdateExpenseDto'.

[7m68[0m     if (dto.supplierId !== undefined) updateData.supplierId = dto.supplierId;
[7m  [0m [91m            ~~~~~~~~~~[0m

[96msrc/modules/expenses/use-cases/update-expense.use-case.ts[0m:[93m68[0m:[93m67[0m - [91merror[0m[90m TS2339: [0mProperty 'supplierId' does not exist on type 'UpdateExpenseDto'.

[7m68[0m     if (dto.supplierId !== undefined) updateData.supplierId = dto.supplierId;
[7m  [0m [91m                                                                  ~~~~~~~~~~[0m

[96msrc/modules/expenses/use-cases/update-expense.use-case.ts[0m:[93m69[0m:[93m13[0m - [91merror[0m[90m TS2339: [0mProperty 'referenceNumber' does not exist on type 'UpdateExpenseDto'.

[7m69[0m     if (dto.referenceNumber !== undefined)
[7m  [0m [91m            ~~~~~~~~~~~~~~~[0m

[96msrc/modules/expenses/use-cases/update-expense.use-case.ts[0m:[93m70[0m:[93m40[0m - [91merror[0m[90m TS2339: [0mProperty 'referenceNumber' does not exist on type 'UpdateExpenseDto'.

[7m70[0m       updateData.referenceNumber = dto.referenceNumber;
[7m  [0m [91m                                       ~~~~~~~~~~~~~~~[0m

[96msrc/modules/expenses/use-cases/update-expense.use-case.ts[0m:[93m71[0m:[93m13[0m - [91merror[0m[90m TS2339: [0mProperty 'paymentMethod' does not exist on type 'UpdateExpenseDto'.

[7m71[0m     if (dto.paymentMethod !== undefined)
[7m  [0m [91m            ~~~~~~~~~~~~~[0m

[96msrc/modules/expenses/use-cases/update-expense.use-case.ts[0m:[93m72[0m:[93m38[0m - [91merror[0m[90m TS2339: [0mProperty 'paymentMethod' does not exist on type 'UpdateExpenseDto'.

[7m72[0m       updateData.paymentMethod = dto.paymentMethod;
[7m  [0m [91m                                     ~~~~~~~~~~~~~[0m

[96msrc/modules/expenses/use-cases/update-expense.use-case.ts[0m:[93m73[0m:[93m13[0m - [91merror[0m[90m TS2339: [0mProperty 'notes' does not exist on type 'UpdateExpenseDto'.

[7m73[0m     if (dto.notes !== undefined) updateData.notes = dto.notes;
[7m  [0m [91m            ~~~~~[0m

[96msrc/modules/expenses/use-cases/update-expense.use-case.ts[0m:[93m73[0m:[93m57[0m - [91merror[0m[90m TS2339: [0mProperty 'notes' does not exist on type 'UpdateExpenseDto'.

[7m73[0m     if (dto.notes !== undefined) updateData.notes = dto.notes;
[7m  [0m [91m                                                        ~~~~~[0m

[[90m2:45:06 PM[0m] Found 43 errors. Watching for file changes.

[2J[3J[H[[90m2:45:46 PM[0m] File change detected. Starting incremental compilation...

[96msrc/modules/expenses/dto/create-expense.dto.ts[0m:[93m12[0m:[93m10[0m - [91merror[0m[90m TS2305: [0mModule '"@prisma/client"' has no exported member 'ExpenseCategory'.

[7m12[0m import { ExpenseCategory } from '@prisma/client';
[7m  [0m [91m         ~~~~~~~~~~~~~~~[0m

[96msrc/modules/expenses/dto/query-expense.dto.ts[0m:[93m11[0m:[93m10[0m - [91merror[0m[90m TS2305: [0mModule '"@prisma/client"' has no exported member 'ExpenseCategory'.

[7m11[0m import { ExpenseCategory } from '@prisma/client';
[7m  [0m [91m         ~~~~~~~~~~~~~~~[0m

[96msrc/modules/expenses/expenses.repository.ts[0m:[93m3[0m:[93m18[0m - [91merror[0m[90m TS2305: [0mModule '"@prisma/client"' has no exported member 'Expense'.

[7m3[0m import { Prisma, Expense, ExpenseCategory } from '@prisma/client';
[7m [0m [91m                 ~~~~~~~[0m

[96msrc/modules/expenses/expenses.repository.ts[0m:[93m3[0m:[93m27[0m - [91merror[0m[90m TS2305: [0mModule '"@prisma/client"' has no exported member 'ExpenseCategory'.

[7m3[0m import { Prisma, Expense, ExpenseCategory } from '@prisma/client';
[7m [0m [91m                          ~~~~~~~~~~~~~~~[0m

[96msrc/modules/expenses/expenses.repository.ts[0m:[93m75[0m:[93m20[0m - [91merror[0m[90m TS2694: [0mNamespace '"D:/Web/full-projects/daftar-v1/dafter-api-v1/node_modules/.prisma/client/index".Prisma' has no exported member 'ExpenseSelect'.

[7m75[0m } satisfies Prisma.ExpenseSelect;
[7m  [0m [91m                   ~~~~~~~~~~~~~[0m

[96msrc/modules/expenses/expenses.repository.ts[0m:[93m98[0m:[93m13[0m - [91merror[0m[90m TS2694: [0mNamespace '"D:/Web/full-projects/daftar-v1/dafter-api-v1/node_modules/.prisma/client/index".Prisma' has no exported member 'ExpenseWhereInput'.

[7m98[0m   ): Prisma.ExpenseWhereInput {
[7m  [0m [91m            ~~~~~~~~~~~~~~~~~[0m

[96msrc/modules/expenses/expenses.repository.ts[0m:[93m99[0m:[93m25[0m - [91merror[0m[90m TS2694: [0mNamespace '"D:/Web/full-projects/daftar-v1/dafter-api-v1/node_modules/.prisma/client/index".Prisma' has no exported member 'ExpenseWhereInput'.

[7m99[0m     const where: Prisma.ExpenseWhereInput = {
[7m  [0m [91m                        ~~~~~~~~~~~~~~~~~[0m

[96msrc/modules/expenses/expenses.repository.ts[0m:[93m131[0m:[93m15[0m - [91merror[0m[90m TS2339: [0mProperty 'expense' does not exist on type 'TransactionClient'.

[7m131[0m     return db.expense.create({
[7m   [0m [91m              ~~~~~~~[0m

[96msrc/modules/expenses/expenses.repository.ts[0m:[93m159[0m:[93m19[0m - [91merror[0m[90m TS2339: [0mProperty 'expense' does not exist on type 'PrismaService'.

[7m159[0m       this.prisma.expense.findMany({
[7m   [0m [91m                  ~~~~~~~[0m

[96msrc/modules/expenses/expenses.repository.ts[0m:[93m166[0m:[93m19[0m - [91merror[0m[90m TS2339: [0mProperty 'expense' does not exist on type 'PrismaService'.

[7m166[0m       this.prisma.expense.count({ where }),
[7m   [0m [91m                  ~~~~~~~[0m

[96msrc/modules/expenses/expenses.repository.ts[0m:[93m188[0m:[93m24[0m - [91merror[0m[90m TS2339: [0mProperty 'expense' does not exist on type 'PrismaService'.

[7m188[0m     return this.prisma.expense.findFirst({
[7m   [0m [91m                       ~~~~~~~[0m

[96msrc/modules/expenses/expenses.repository.ts[0m:[93m202[0m:[93m14[0m - [91merror[0m[90m TS2339: [0mProperty 'expense' does not exist on type 'TransactionClient'.

[7m202[0m     await db.expense.updateMany({
[7m   [0m [91m             ~~~~~~~[0m

[96msrc/modules/expenses/expenses.repository.ts[0m:[93m206[0m:[93m15[0m - [91merror[0m[90m TS2339: [0mProperty 'expense' does not exist on type 'TransactionClient'.

[7m206[0m     return db.expense.findFirstOrThrow({
[7m   [0m [91m              ~~~~~~~[0m

[96msrc/modules/expenses/expenses.repository.ts[0m:[93m218[0m:[93m14[0m - [91merror[0m[90m TS2339: [0mProperty 'expense' does not exist on type 'TransactionClient'.

[7m218[0m     await db.expense.updateMany({
[7m   [0m [91m             ~~~~~~~[0m

[96msrc/modules/expenses/expenses.repository.ts[0m:[93m225[0m:[93m37[0m - [91merror[0m[90m TS2339: [0mProperty 'expense' does not exist on type 'PrismaService'.

[7m225[0m     const count = await this.prisma.expense.count({
[7m   [0m [91m                                    ~~~~~~~[0m

[96msrc/modules/expenses/expenses.repository.ts[0m:[93m253[0m:[93m9[0m - [91merror[0m[90m TS2322: [0mType 'Record<string, unknown>' is not assignable to type 'JsonNull | InputJsonValue | undefined'.
  Type 'Record<string, unknown>' is missing the following properties from type 'readonly (InputJsonValue | null)[]': length, concat, join, slice, and 26 more.

[7m253[0m         metadata: data.metadata ?? {},
[7m   [0m [91m        ~~~~~~~~[0m

  [96mnode_modules/.prisma/client/index.d.ts[0m:[93m32435[0m:[93m5[0m
    [7m32435[0m     metadata?: JsonNullValueInput | InputJsonValue
    [7m     [0m [96m    ~~~~~~~~[0m
    The expected type comes from property 'metadata' which is declared here on type '(Without<AuditLogCreateInput, AuditLogUncheckedCreateInput> & AuditLogUncheckedCreateInput) | (Without<...> & AuditLogCreateInput)'

[96msrc/modules/expenses/expenses.repository.ts[0m:[93m267[0m:[93m41[0m - [91merror[0m[90m TS2339: [0mProperty 'expense' does not exist on type 'PrismaService'.

[7m267[0m     const aggregate = await this.prisma.expense.aggregate({
[7m   [0m [91m                                        ~~~~~~~[0m

[96msrc/modules/expenses/expenses.repository.ts[0m:[93m274[0m:[93m39[0m - [91merror[0m[90m TS2339: [0mProperty 'expense' does not exist on type 'PrismaService'.

[7m274[0m     const grouped = await this.prisma.expense.groupBy({
[7m   [0m [91m                                      ~~~~~~~[0m

[96msrc/modules/expenses/swagger/expenses.swagger.ts[0m:[93m19[0m:[93m10[0m - [91merror[0m[90m TS2305: [0mModule '"@prisma/client"' has no exported member 'ExpenseCategory'.

[7m19[0m import { ExpenseCategory } from '@prisma/client';
[7m  [0m [91m         ~~~~~~~~~~~~~~~[0m

[96msrc/modules/expenses/use-cases/create-expense.use-case.ts[0m:[93m78[0m:[93m27[0m - [91merror[0m[90m TS2339: [0mProperty 'id' does not exist on type 'ExpenseWithSupplier'.

[7m78[0m         entityId: created.id,
[7m  [0m [91m                          ~~[0m

[96msrc/modules/expenses/use-cases/create-expense.use-case.ts[0m:[93m88[0m:[93m37[0m - [91merror[0m[90m TS2339: [0mProperty 'id' does not exist on type 'ExpenseWithSupplier'.

[7m88[0m         `Expense created: ${created.id} | category: ${dto.category} | ` +
[7m  [0m [91m                                    ~~[0m

[96msrc/modules/expenses/use-cases/delete-expense.use-case.ts[0m:[93m42[0m:[93m30[0m - [91merror[0m[90m TS2339: [0mProperty 'category' does not exist on type 'ExpenseWithSupplier'.

[7m42[0m           category: existing.category,
[7m  [0m [91m                             ~~~~~~~~[0m

[96msrc/modules/expenses/use-cases/delete-expense.use-case.ts[0m:[93m43[0m:[93m28[0m - [91merror[0m[90m TS2339: [0mProperty 'amount' does not exist on type 'ExpenseWithSupplier'.

[7m43[0m           amount: existing.amount.toString(),
[7m  [0m [91m                           ~~~~~~[0m

[96msrc/modules/expenses/use-cases/delete-expense.use-case.ts[0m:[93m44[0m:[93m33[0m - [91merror[0m[90m TS2339: [0mProperty 'expenseDate' does not exist on type 'ExpenseWithSupplier'.

[7m44[0m           expenseDate: existing.expenseDate,
[7m  [0m [91m                                ~~~~~~~~~~~[0m

[96msrc/modules/expenses/use-cases/update-expense.use-case.ts[0m:[93m42[0m:[93m13[0m - [91merror[0m[90m TS2339: [0mProperty 'supplierId' does not exist on type 'UpdateExpenseDto'.

[7m42[0m     if (dto.supplierId !== undefined) {
[7m  [0m [91m            ~~~~~~~~~~[0m

[96msrc/modules/expenses/use-cases/update-expense.use-case.ts[0m:[93m43[0m:[93m15[0m - [91merror[0m[90m TS2339: [0mProperty 'supplierId' does not exist on type 'UpdateExpenseDto'.

[7m43[0m       if (dto.supplierId !== null) {
[7m  [0m [91m              ~~~~~~~~~~[0m

[96msrc/modules/expenses/use-cases/update-expense.use-case.ts[0m:[93m45[0m:[93m28[0m - [91merror[0m[90m TS2339: [0mProperty 'supplierId' does not exist on type 'UpdateExpenseDto'.

[7m45[0m           where: { id: dto.supplierId, companyId, isDeleted: false },
[7m  [0m [91m                           ~~~~~~~~~~[0m

[96msrc/modules/expenses/use-cases/update-expense.use-case.ts[0m:[93m59[0m:[93m13[0m - [91merror[0m[90m TS2339: [0mProperty 'category' does not exist on type 'UpdateExpenseDto'.

[7m59[0m     if (dto.category !== undefined) updateData.category = dto.category;
[7m  [0m [91m            ~~~~~~~~[0m

[96msrc/modules/expenses/use-cases/update-expense.use-case.ts[0m:[93m59[0m:[93m63[0m - [91merror[0m[90m TS2339: [0mProperty 'category' does not exist on type 'UpdateExpenseDto'.

[7m59[0m     if (dto.category !== undefined) updateData.category = dto.category;
[7m  [0m [91m                                                              ~~~~~~~~[0m

[96msrc/modules/expenses/use-cases/update-expense.use-case.ts[0m:[93m60[0m:[93m13[0m - [91merror[0m[90m TS2339: [0mProperty 'amount' does not exist on type 'UpdateExpenseDto'.

[7m60[0m     if (dto.amount !== undefined)
[7m  [0m [91m            ~~~~~~[0m

[96msrc/modules/expenses/use-cases/update-expense.use-case.ts[0m:[93m61[0m:[93m50[0m - [91merror[0m[90m TS2339: [0mProperty 'amount' does not exist on type 'UpdateExpenseDto'.

[7m61[0m       updateData.amount = new Prisma.Decimal(dto.amount);
[7m  [0m [91m                                                 ~~~~~~[0m

[96msrc/modules/expenses/use-cases/update-expense.use-case.ts[0m:[93m62[0m:[93m13[0m - [91merror[0m[90m TS2339: [0mProperty 'expenseDate' does not exist on type 'UpdateExpenseDto'.

[7m62[0m     if (dto.expenseDate !== undefined) {
[7m  [0m [91m            ~~~~~~~~~~~[0m

[96msrc/modules/expenses/use-cases/update-expense.use-case.ts[0m:[93m63[0m:[93m30[0m - [91merror[0m[90m TS2339: [0mProperty 'expenseDate' does not exist on type 'UpdateExpenseDto'.

[7m63[0m       const d = new Date(dto.expenseDate);
[7m  [0m [91m                             ~~~~~~~~~~~[0m

[96msrc/modules/expenses/use-cases/update-expense.use-case.ts[0m:[93m67[0m:[93m13[0m - [91merror[0m[90m TS2339: [0mProperty 'description' does not exist on type 'UpdateExpenseDto'.

[7m67[0m     if (dto.description !== undefined) updateData.description = dto.description;
[7m  [0m [91m            ~~~~~~~~~~~[0m

[96msrc/modules/expenses/use-cases/update-expense.use-case.ts[0m:[93m67[0m:[93m69[0m - [91merror[0m[90m TS2339: [0mProperty 'description' does not exist on type 'UpdateExpenseDto'.

[7m67[0m     if (dto.description !== undefined) updateData.description = dto.description;
[7m  [0m [91m                                                                    ~~~~~~~~~~~[0m

[96msrc/modules/expenses/use-cases/update-expense.use-case.ts[0m:[93m68[0m:[93m13[0m - [91merror[0m[90m TS2339: [0mProperty 'supplierId' does not exist on type 'UpdateExpenseDto'.

[7m68[0m     if (dto.supplierId !== undefined) updateData.supplierId = dto.supplierId;
[7m  [0m [91m            ~~~~~~~~~~[0m

[96msrc/modules/expenses/use-cases/update-expense.use-case.ts[0m:[93m68[0m:[93m67[0m - [91merror[0m[90m TS2339: [0mProperty 'supplierId' does not exist on type 'UpdateExpenseDto'.

[7m68[0m     if (dto.supplierId !== undefined) updateData.supplierId = dto.supplierId;
[7m  [0m [91m                                                                  ~~~~~~~~~~[0m

[96msrc/modules/expenses/use-cases/update-expense.use-case.ts[0m:[93m69[0m:[93m13[0m - [91merror[0m[90m TS2339: [0mProperty 'referenceNumber' does not exist on type 'UpdateExpenseDto'.

[7m69[0m     if (dto.referenceNumber !== undefined)
[7m  [0m [91m            ~~~~~~~~~~~~~~~[0m

[96msrc/modules/expenses/use-cases/update-expense.use-case.ts[0m:[93m70[0m:[93m40[0m - [91merror[0m[90m TS2339: [0mProperty 'referenceNumber' does not exist on type 'UpdateExpenseDto'.

[7m70[0m       updateData.referenceNumber = dto.referenceNumber;
[7m  [0m [91m                                       ~~~~~~~~~~~~~~~[0m

[96msrc/modules/expenses/use-cases/update-expense.use-case.ts[0m:[93m71[0m:[93m13[0m - [91merror[0m[90m TS2339: [0mProperty 'paymentMethod' does not exist on type 'UpdateExpenseDto'.

[7m71[0m     if (dto.paymentMethod !== undefined)
[7m  [0m [91m            ~~~~~~~~~~~~~[0m

[96msrc/modules/expenses/use-cases/update-expense.use-case.ts[0m:[93m72[0m:[93m38[0m - [91merror[0m[90m TS2339: [0mProperty 'paymentMethod' does not exist on type 'UpdateExpenseDto'.

[7m72[0m       updateData.paymentMethod = dto.paymentMethod;
[7m  [0m [91m                                     ~~~~~~~~~~~~~[0m

[96msrc/modules/expenses/use-cases/update-expense.use-case.ts[0m:[93m73[0m:[93m13[0m - [91merror[0m[90m TS2339: [0mProperty 'notes' does not exist on type 'UpdateExpenseDto'.

[7m73[0m     if (dto.notes !== undefined) updateData.notes = dto.notes;
[7m  [0m [91m            ~~~~~[0m

[96msrc/modules/expenses/use-cases/update-expense.use-case.ts[0m:[93m73[0m:[93m57[0m - [91merror[0m[90m TS2339: [0mProperty 'notes' does not exist on type 'UpdateExpenseDto'.

[7m73[0m     if (dto.notes !== undefined) updateData.notes = dto.notes;
[7m  [0m [91m                                                        ~~~~~[0m

[[90m2:45:47 PM[0m] Found 43 errors. Watching for file changes.

[2J[3J[H[[90m2:46:12 PM[0m] File change detected. Starting incremental compilation...

[96msrc/modules/expenses/dto/create-expense.dto.ts[0m:[93m12[0m:[93m10[0m - [91merror[0m[90m TS2305: [0mModule '"@prisma/client"' has no exported member 'ExpenseCategory'.

[7m12[0m import { ExpenseCategory } from '@prisma/client';
[7m  [0m [91m         ~~~~~~~~~~~~~~~[0m

[96msrc/modules/expenses/dto/query-expense.dto.ts[0m:[93m11[0m:[93m10[0m - [91merror[0m[90m TS2305: [0mModule '"@prisma/client"' has no exported member 'ExpenseCategory'.

[7m11[0m import { ExpenseCategory } from '@prisma/client';
[7m  [0m [91m         ~~~~~~~~~~~~~~~[0m

[96msrc/modules/expenses/expenses.repository.ts[0m:[93m3[0m:[93m18[0m - [91merror[0m[90m TS2305: [0mModule '"@prisma/client"' has no exported member 'Expense'.

[7m3[0m import { Prisma, Expense, ExpenseCategory } from '@prisma/client';
[7m [0m [91m                 ~~~~~~~[0m

[96msrc/modules/expenses/expenses.repository.ts[0m:[93m3[0m:[93m27[0m - [91merror[0m[90m TS2305: [0mModule '"@prisma/client"' has no exported member 'ExpenseCategory'.

[7m3[0m import { Prisma, Expense, ExpenseCategory } from '@prisma/client';
[7m [0m [91m                          ~~~~~~~~~~~~~~~[0m

[96msrc/modules/expenses/expenses.repository.ts[0m:[93m75[0m:[93m20[0m - [91merror[0m[90m TS2694: [0mNamespace '"D:/Web/full-projects/daftar-v1/dafter-api-v1/node_modules/.prisma/client/index".Prisma' has no exported member 'ExpenseSelect'.

[7m75[0m } satisfies Prisma.ExpenseSelect;
[7m  [0m [91m                   ~~~~~~~~~~~~~[0m

[96msrc/modules/expenses/expenses.repository.ts[0m:[93m98[0m:[93m13[0m - [91merror[0m[90m TS2694: [0mNamespace '"D:/Web/full-projects/daftar-v1/dafter-api-v1/node_modules/.prisma/client/index".Prisma' has no exported member 'ExpenseWhereInput'.

[7m98[0m   ): Prisma.ExpenseWhereInput {
[7m  [0m [91m            ~~~~~~~~~~~~~~~~~[0m

[96msrc/modules/expenses/expenses.repository.ts[0m:[93m99[0m:[93m25[0m - [91merror[0m[90m TS2694: [0mNamespace '"D:/Web/full-projects/daftar-v1/dafter-api-v1/node_modules/.prisma/client/index".Prisma' has no exported member 'ExpenseWhereInput'.

[7m99[0m     const where: Prisma.ExpenseWhereInput = {
[7m  [0m [91m                        ~~~~~~~~~~~~~~~~~[0m

[96msrc/modules/expenses/expenses.repository.ts[0m:[93m131[0m:[93m15[0m - [91merror[0m[90m TS2339: [0mProperty 'expense' does not exist on type 'TransactionClient'.

[7m131[0m     return db.expense.create({
[7m   [0m [91m              ~~~~~~~[0m

[96msrc/modules/expenses/expenses.repository.ts[0m:[93m159[0m:[93m19[0m - [91merror[0m[90m TS2339: [0mProperty 'expense' does not exist on type 'PrismaService'.

[7m159[0m       this.prisma.expense.findMany({
[7m   [0m [91m                  ~~~~~~~[0m

[96msrc/modules/expenses/expenses.repository.ts[0m:[93m166[0m:[93m19[0m - [91merror[0m[90m TS2339: [0mProperty 'expense' does not exist on type 'PrismaService'.

[7m166[0m       this.prisma.expense.count({ where }),
[7m   [0m [91m                  ~~~~~~~[0m

[96msrc/modules/expenses/expenses.repository.ts[0m:[93m188[0m:[93m24[0m - [91merror[0m[90m TS2339: [0mProperty 'expense' does not exist on type 'PrismaService'.

[7m188[0m     return this.prisma.expense.findFirst({
[7m   [0m [91m                       ~~~~~~~[0m

[96msrc/modules/expenses/expenses.repository.ts[0m:[93m202[0m:[93m14[0m - [91merror[0m[90m TS2339: [0mProperty 'expense' does not exist on type 'TransactionClient'.

[7m202[0m     await db.expense.updateMany({
[7m   [0m [91m             ~~~~~~~[0m

[96msrc/modules/expenses/expenses.repository.ts[0m:[93m206[0m:[93m15[0m - [91merror[0m[90m TS2339: [0mProperty 'expense' does not exist on type 'TransactionClient'.

[7m206[0m     return db.expense.findFirstOrThrow({
[7m   [0m [91m              ~~~~~~~[0m

[96msrc/modules/expenses/expenses.repository.ts[0m:[93m218[0m:[93m14[0m - [91merror[0m[90m TS2339: [0mProperty 'expense' does not exist on type 'TransactionClient'.

[7m218[0m     await db.expense.updateMany({
[7m   [0m [91m             ~~~~~~~[0m

[96msrc/modules/expenses/expenses.repository.ts[0m:[93m225[0m:[93m37[0m - [91merror[0m[90m TS2339: [0mProperty 'expense' does not exist on type 'PrismaService'.

[7m225[0m     const count = await this.prisma.expense.count({
[7m   [0m [91m                                    ~~~~~~~[0m

[96msrc/modules/expenses/expenses.repository.ts[0m:[93m253[0m:[93m9[0m - [91merror[0m[90m TS2322: [0mType 'Record<string, unknown>' is not assignable to type 'JsonNull | InputJsonValue | undefined'.
  Type 'Record<string, unknown>' is missing the following properties from type 'readonly (InputJsonValue | null)[]': length, concat, join, slice, and 26 more.

[7m253[0m         metadata: data.metadata ?? {},
[7m   [0m [91m        ~~~~~~~~[0m

  [96mnode_modules/.prisma/client/index.d.ts[0m:[93m32435[0m:[93m5[0m
    [7m32435[0m     metadata?: JsonNullValueInput | InputJsonValue
    [7m     [0m [96m    ~~~~~~~~[0m
    The expected type comes from property 'metadata' which is declared here on type '(Without<AuditLogCreateInput, AuditLogUncheckedCreateInput> & AuditLogUncheckedCreateInput) | (Without<...> & AuditLogCreateInput)'

[96msrc/modules/expenses/expenses.repository.ts[0m:[93m267[0m:[93m41[0m - [91merror[0m[90m TS2339: [0mProperty 'expense' does not exist on type 'PrismaService'.

[7m267[0m     const aggregate = await this.prisma.expense.aggregate({
[7m   [0m [91m                                        ~~~~~~~[0m

[96msrc/modules/expenses/expenses.repository.ts[0m:[93m274[0m:[93m39[0m - [91merror[0m[90m TS2339: [0mProperty 'expense' does not exist on type 'PrismaService'.

[7m274[0m     const grouped = await this.prisma.expense.groupBy({
[7m   [0m [91m                                      ~~~~~~~[0m

[96msrc/modules/expenses/swagger/expenses.swagger.ts[0m:[93m19[0m:[93m10[0m - [91merror[0m[90m TS2305: [0mModule '"@prisma/client"' has no exported member 'ExpenseCategory'.

[7m19[0m import { ExpenseCategory } from '@prisma/client';
[7m  [0m [91m         ~~~~~~~~~~~~~~~[0m

[96msrc/modules/expenses/use-cases/create-expense.use-case.ts[0m:[93m78[0m:[93m27[0m - [91merror[0m[90m TS2339: [0mProperty 'id' does not exist on type 'ExpenseWithSupplier'.

[7m78[0m         entityId: created.id,
[7m  [0m [91m                          ~~[0m

[96msrc/modules/expenses/use-cases/create-expense.use-case.ts[0m:[93m88[0m:[93m37[0m - [91merror[0m[90m TS2339: [0mProperty 'id' does not exist on type 'ExpenseWithSupplier'.

[7m88[0m         `Expense created: ${created.id} | category: ${dto.category} | ` +
[7m  [0m [91m                                    ~~[0m

[96msrc/modules/expenses/use-cases/delete-expense.use-case.ts[0m:[93m42[0m:[93m30[0m - [91merror[0m[90m TS2339: [0mProperty 'category' does not exist on type 'ExpenseWithSupplier'.

[7m42[0m           category: existing.category,
[7m  [0m [91m                             ~~~~~~~~[0m

[96msrc/modules/expenses/use-cases/delete-expense.use-case.ts[0m:[93m43[0m:[93m28[0m - [91merror[0m[90m TS2339: [0mProperty 'amount' does not exist on type 'ExpenseWithSupplier'.

[7m43[0m           amount: existing.amount.toString(),
[7m  [0m [91m                           ~~~~~~[0m

[96msrc/modules/expenses/use-cases/delete-expense.use-case.ts[0m:[93m44[0m:[93m33[0m - [91merror[0m[90m TS2339: [0mProperty 'expenseDate' does not exist on type 'ExpenseWithSupplier'.

[7m44[0m           expenseDate: existing.expenseDate,
[7m  [0m [91m                                ~~~~~~~~~~~[0m

[96msrc/modules/expenses/use-cases/update-expense.use-case.ts[0m:[93m42[0m:[93m13[0m - [91merror[0m[90m TS2339: [0mProperty 'supplierId' does not exist on type 'UpdateExpenseDto'.

[7m42[0m     if (dto.supplierId !== undefined) {
[7m  [0m [91m            ~~~~~~~~~~[0m

[96msrc/modules/expenses/use-cases/update-expense.use-case.ts[0m:[93m43[0m:[93m15[0m - [91merror[0m[90m TS2339: [0mProperty 'supplierId' does not exist on type 'UpdateExpenseDto'.

[7m43[0m       if (dto.supplierId !== null) {
[7m  [0m [91m              ~~~~~~~~~~[0m

[96msrc/modules/expenses/use-cases/update-expense.use-case.ts[0m:[93m45[0m:[93m28[0m - [91merror[0m[90m TS2339: [0mProperty 'supplierId' does not exist on type 'UpdateExpenseDto'.

[7m45[0m           where: { id: dto.supplierId, companyId, isDeleted: false },
[7m  [0m [91m                           ~~~~~~~~~~[0m

[96msrc/modules/expenses/use-cases/update-expense.use-case.ts[0m:[93m59[0m:[93m13[0m - [91merror[0m[90m TS2339: [0mProperty 'category' does not exist on type 'UpdateExpenseDto'.

[7m59[0m     if (dto.category !== undefined) updateData.category = dto.category;
[7m  [0m [91m            ~~~~~~~~[0m

[96msrc/modules/expenses/use-cases/update-expense.use-case.ts[0m:[93m59[0m:[93m63[0m - [91merror[0m[90m TS2339: [0mProperty 'category' does not exist on type 'UpdateExpenseDto'.

[7m59[0m     if (dto.category !== undefined) updateData.category = dto.category;
[7m  [0m [91m                                                              ~~~~~~~~[0m

[96msrc/modules/expenses/use-cases/update-expense.use-case.ts[0m:[93m60[0m:[93m13[0m - [91merror[0m[90m TS2339: [0mProperty 'amount' does not exist on type 'UpdateExpenseDto'.

[7m60[0m     if (dto.amount !== undefined)
[7m  [0m [91m            ~~~~~~[0m

[96msrc/modules/expenses/use-cases/update-expense.use-case.ts[0m:[93m61[0m:[93m50[0m - [91merror[0m[90m TS2339: [0mProperty 'amount' does not exist on type 'UpdateExpenseDto'.

[7m61[0m       updateData.amount = new Prisma.Decimal(dto.amount);
[7m  [0m [91m                                                 ~~~~~~[0m

[96msrc/modules/expenses/use-cases/update-expense.use-case.ts[0m:[93m62[0m:[93m13[0m - [91merror[0m[90m TS2339: [0mProperty 'expenseDate' does not exist on type 'UpdateExpenseDto'.

[7m62[0m     if (dto.expenseDate !== undefined) {
[7m  [0m [91m            ~~~~~~~~~~~[0m

[96msrc/modules/expenses/use-cases/update-expense.use-case.ts[0m:[93m63[0m:[93m30[0m - [91merror[0m[90m TS2339: [0mProperty 'expenseDate' does not exist on type 'UpdateExpenseDto'.

[7m63[0m       const d = new Date(dto.expenseDate);
[7m  [0m [91m                             ~~~~~~~~~~~[0m

[96msrc/modules/expenses/use-cases/update-expense.use-case.ts[0m:[93m67[0m:[93m13[0m - [91merror[0m[90m TS2339: [0mProperty 'description' does not exist on type 'UpdateExpenseDto'.

[7m67[0m     if (dto.description !== undefined) updateData.description = dto.description;
[7m  [0m [91m            ~~~~~~~~~~~[0m

[96msrc/modules/expenses/use-cases/update-expense.use-case.ts[0m:[93m67[0m:[93m69[0m - [91merror[0m[90m TS2339: [0mProperty 'description' does not exist on type 'UpdateExpenseDto'.

[7m67[0m     if (dto.description !== undefined) updateData.description = dto.description;
[7m  [0m [91m                                                                    ~~~~~~~~~~~[0m

[96msrc/modules/expenses/use-cases/update-expense.use-case.ts[0m:[93m68[0m:[93m13[0m - [91merror[0m[90m TS2339: [0mProperty 'supplierId' does not exist on type 'UpdateExpenseDto'.

[7m68[0m     if (dto.supplierId !== undefined) updateData.supplierId = dto.supplierId;
[7m  [0m [91m            ~~~~~~~~~~[0m

[96msrc/modules/expenses/use-cases/update-expense.use-case.ts[0m:[93m68[0m:[93m67[0m - [91merror[0m[90m TS2339: [0mProperty 'supplierId' does not exist on type 'UpdateExpenseDto'.

[7m68[0m     if (dto.supplierId !== undefined) updateData.supplierId = dto.supplierId;
[7m  [0m [91m                                                                  ~~~~~~~~~~[0m

[96msrc/modules/expenses/use-cases/update-expense.use-case.ts[0m:[93m69[0m:[93m13[0m - [91merror[0m[90m TS2339: [0mProperty 'referenceNumber' does not exist on type 'UpdateExpenseDto'.

[7m69[0m     if (dto.referenceNumber !== undefined)
[7m  [0m [91m            ~~~~~~~~~~~~~~~[0m

[96msrc/modules/expenses/use-cases/update-expense.use-case.ts[0m:[93m70[0m:[93m40[0m - [91merror[0m[90m TS2339: [0mProperty 'referenceNumber' does not exist on type 'UpdateExpenseDto'.

[7m70[0m       updateData.referenceNumber = dto.referenceNumber;
[7m  [0m [91m                                       ~~~~~~~~~~~~~~~[0m

[96msrc/modules/expenses/use-cases/update-expense.use-case.ts[0m:[93m71[0m:[93m13[0m - [91merror[0m[90m TS2339: [0mProperty 'paymentMethod' does not exist on type 'UpdateExpenseDto'.

[7m71[0m     if (dto.paymentMethod !== undefined)
[7m  [0m [91m            ~~~~~~~~~~~~~[0m

[96msrc/modules/expenses/use-cases/update-expense.use-case.ts[0m:[93m72[0m:[93m38[0m - [91merror[0m[90m TS2339: [0mProperty 'paymentMethod' does not exist on type 'UpdateExpenseDto'.

[7m72[0m       updateData.paymentMethod = dto.paymentMethod;
[7m  [0m [91m                                     ~~~~~~~~~~~~~[0m

[96msrc/modules/expenses/use-cases/update-expense.use-case.ts[0m:[93m73[0m:[93m13[0m - [91merror[0m[90m TS2339: [0mProperty 'notes' does not exist on type 'UpdateExpenseDto'.

[7m73[0m     if (dto.notes !== undefined) updateData.notes = dto.notes;
[7m  [0m [91m            ~~~~~[0m

[96msrc/modules/expenses/use-cases/update-expense.use-case.ts[0m:[93m73[0m:[93m57[0m - [91merror[0m[90m TS2339: [0mProperty 'notes' does not exist on type 'UpdateExpenseDto'.

[7m73[0m     if (dto.notes !== undefined) updateData.notes = dto.notes;
[7m  [0m [91m                                                        ~~~~~[0m

[[90m2:46:12 PM[0m] Found 43 errors. Watching for file changes.

[2J[3J[H[[90m2:46:28 PM[0m] File change detected. Starting incremental compilation...

[96msrc/modules/expenses/dto/create-expense.dto.ts[0m:[93m12[0m:[93m10[0m - [91merror[0m[90m TS2305: [0mModule '"@prisma/client"' has no exported member 'ExpenseCategory'.

[7m12[0m import { ExpenseCategory } from '@prisma/client';
[7m  [0m [91m         ~~~~~~~~~~~~~~~[0m

[96msrc/modules/expenses/dto/query-expense.dto.ts[0m:[93m11[0m:[93m10[0m - [91merror[0m[90m TS2305: [0mModule '"@prisma/client"' has no exported member 'ExpenseCategory'.

[7m11[0m import { ExpenseCategory } from '@prisma/client';
[7m  [0m [91m         ~~~~~~~~~~~~~~~[0m

[96msrc/modules/expenses/expenses.repository.ts[0m:[93m3[0m:[93m18[0m - [91merror[0m[90m TS2305: [0mModule '"@prisma/client"' has no exported member 'Expense'.

[7m3[0m import { Prisma, Expense, ExpenseCategory } from '@prisma/client';
[7m [0m [91m                 ~~~~~~~[0m

[96msrc/modules/expenses/expenses.repository.ts[0m:[93m3[0m:[93m27[0m - [91merror[0m[90m TS2305: [0mModule '"@prisma/client"' has no exported member 'ExpenseCategory'.

[7m3[0m import { Prisma, Expense, ExpenseCategory } from '@prisma/client';
[7m [0m [91m                          ~~~~~~~~~~~~~~~[0m

[96msrc/modules/expenses/expenses.repository.ts[0m:[93m75[0m:[93m20[0m - [91merror[0m[90m TS2694: [0mNamespace '"D:/Web/full-projects/daftar-v1/dafter-api-v1/node_modules/.prisma/client/index".Prisma' has no exported member 'ExpenseSelect'.

[7m75[0m } satisfies Prisma.ExpenseSelect;
[7m  [0m [91m                   ~~~~~~~~~~~~~[0m

[96msrc/modules/expenses/expenses.repository.ts[0m:[93m98[0m:[93m13[0m - [91merror[0m[90m TS2694: [0mNamespace '"D:/Web/full-projects/daftar-v1/dafter-api-v1/node_modules/.prisma/client/index".Prisma' has no exported member 'ExpenseWhereInput'.

[7m98[0m   ): Prisma.ExpenseWhereInput {
[7m  [0m [91m            ~~~~~~~~~~~~~~~~~[0m

[96msrc/modules/expenses/expenses.repository.ts[0m:[93m99[0m:[93m25[0m - [91merror[0m[90m TS2694: [0mNamespace '"D:/Web/full-projects/daftar-v1/dafter-api-v1/node_modules/.prisma/client/index".Prisma' has no exported member 'ExpenseWhereInput'.

[7m99[0m     const where: Prisma.ExpenseWhereInput = {
[7m  [0m [91m                        ~~~~~~~~~~~~~~~~~[0m

[96msrc/modules/expenses/expenses.repository.ts[0m:[93m131[0m:[93m15[0m - [91merror[0m[90m TS2339: [0mProperty 'expense' does not exist on type 'TransactionClient'.

[7m131[0m     return db.expense.create({
[7m   [0m [91m              ~~~~~~~[0m

[96msrc/modules/expenses/expenses.repository.ts[0m:[93m159[0m:[93m19[0m - [91merror[0m[90m TS2339: [0mProperty 'expense' does not exist on type 'PrismaService'.

[7m159[0m       this.prisma.expense.findMany({
[7m   [0m [91m                  ~~~~~~~[0m

[96msrc/modules/expenses/expenses.repository.ts[0m:[93m166[0m:[93m19[0m - [91merror[0m[90m TS2339: [0mProperty 'expense' does not exist on type 'PrismaService'.

[7m166[0m       this.prisma.expense.count({ where }),
[7m   [0m [91m                  ~~~~~~~[0m

[96msrc/modules/expenses/expenses.repository.ts[0m:[93m188[0m:[93m24[0m - [91merror[0m[90m TS2339: [0mProperty 'expense' does not exist on type 'PrismaService'.

[7m188[0m     return this.prisma.expense.findFirst({
[7m   [0m [91m                       ~~~~~~~[0m

[96msrc/modules/expenses/expenses.repository.ts[0m:[93m202[0m:[93m14[0m - [91merror[0m[90m TS2339: [0mProperty 'expense' does not exist on type 'TransactionClient'.

[7m202[0m     await db.expense.updateMany({
[7m   [0m [91m             ~~~~~~~[0m

[96msrc/modules/expenses/expenses.repository.ts[0m:[93m206[0m:[93m15[0m - [91merror[0m[90m TS2339: [0mProperty 'expense' does not exist on type 'TransactionClient'.

[7m206[0m     return db.expense.findFirstOrThrow({
[7m   [0m [91m              ~~~~~~~[0m

[96msrc/modules/expenses/expenses.repository.ts[0m:[93m218[0m:[93m14[0m - [91merror[0m[90m TS2339: [0mProperty 'expense' does not exist on type 'TransactionClient'.

[7m218[0m     await db.expense.updateMany({
[7m   [0m [91m             ~~~~~~~[0m

[96msrc/modules/expenses/expenses.repository.ts[0m:[93m225[0m:[93m37[0m - [91merror[0m[90m TS2339: [0mProperty 'expense' does not exist on type 'PrismaService'.

[7m225[0m     const count = await this.prisma.expense.count({
[7m   [0m [91m                                    ~~~~~~~[0m

[96msrc/modules/expenses/expenses.repository.ts[0m:[93m253[0m:[93m9[0m - [91merror[0m[90m TS2322: [0mType 'Record<string, unknown>' is not assignable to type 'JsonNull | InputJsonValue | undefined'.
  Type 'Record<string, unknown>' is missing the following properties from type 'readonly (InputJsonValue | null)[]': length, concat, join, slice, and 26 more.

[7m253[0m         metadata: data.metadata ?? {},
[7m   [0m [91m        ~~~~~~~~[0m

  [96mnode_modules/.prisma/client/index.d.ts[0m:[93m32435[0m:[93m5[0m
    [7m32435[0m     metadata?: JsonNullValueInput | InputJsonValue
    [7m     [0m [96m    ~~~~~~~~[0m
    The expected type comes from property 'metadata' which is declared here on type '(Without<AuditLogCreateInput, AuditLogUncheckedCreateInput> & AuditLogUncheckedCreateInput) | (Without<...> & AuditLogCreateInput)'

[96msrc/modules/expenses/expenses.repository.ts[0m:[93m267[0m:[93m41[0m - [91merror[0m[90m TS2339: [0mProperty 'expense' does not exist on type 'PrismaService'.

[7m267[0m     const aggregate = await this.prisma.expense.aggregate({
[7m   [0m [91m                                        ~~~~~~~[0m

[96msrc/modules/expenses/expenses.repository.ts[0m:[93m274[0m:[93m39[0m - [91merror[0m[90m TS2339: [0mProperty 'expense' does not exist on type 'PrismaService'.

[7m274[0m     const grouped = await this.prisma.expense.groupBy({
[7m   [0m [91m                                      ~~~~~~~[0m

[96msrc/modules/expenses/swagger/expenses.swagger.ts[0m:[93m19[0m:[93m10[0m - [91merror[0m[90m TS2305: [0mModule '"@prisma/client"' has no exported member 'ExpenseCategory'.

[7m19[0m import { ExpenseCategory } from '@prisma/client';
[7m  [0m [91m         ~~~~~~~~~~~~~~~[0m

[96msrc/modules/expenses/use-cases/create-expense.use-case.ts[0m:[93m78[0m:[93m27[0m - [91merror[0m[90m TS2339: [0mProperty 'id' does not exist on type 'ExpenseWithSupplier'.

[7m78[0m         entityId: created.id,
[7m  [0m [91m                          ~~[0m

[96msrc/modules/expenses/use-cases/create-expense.use-case.ts[0m:[93m88[0m:[93m37[0m - [91merror[0m[90m TS2339: [0mProperty 'id' does not exist on type 'ExpenseWithSupplier'.

[7m88[0m         `Expense created: ${created.id} | category: ${dto.category} | ` +
[7m  [0m [91m                                    ~~[0m

[96msrc/modules/expenses/use-cases/delete-expense.use-case.ts[0m:[93m42[0m:[93m30[0m - [91merror[0m[90m TS2339: [0mProperty 'category' does not exist on type 'ExpenseWithSupplier'.

[7m42[0m           category: existing.category,
[7m  [0m [91m                             ~~~~~~~~[0m

[96msrc/modules/expenses/use-cases/delete-expense.use-case.ts[0m:[93m43[0m:[93m28[0m - [91merror[0m[90m TS2339: [0mProperty 'amount' does not exist on type 'ExpenseWithSupplier'.

[7m43[0m           amount: existing.amount.toString(),
[7m  [0m [91m                           ~~~~~~[0m

[96msrc/modules/expenses/use-cases/delete-expense.use-case.ts[0m:[93m44[0m:[93m33[0m - [91merror[0m[90m TS2339: [0mProperty 'expenseDate' does not exist on type 'ExpenseWithSupplier'.

[7m44[0m           expenseDate: existing.expenseDate,
[7m  [0m [91m                                ~~~~~~~~~~~[0m

[96msrc/modules/expenses/use-cases/update-expense.use-case.ts[0m:[93m42[0m:[93m13[0m - [91merror[0m[90m TS2339: [0mProperty 'supplierId' does not exist on type 'UpdateExpenseDto'.

[7m42[0m     if (dto.supplierId !== undefined) {
[7m  [0m [91m            ~~~~~~~~~~[0m

[96msrc/modules/expenses/use-cases/update-expense.use-case.ts[0m:[93m43[0m:[93m15[0m - [91merror[0m[90m TS2339: [0mProperty 'supplierId' does not exist on type 'UpdateExpenseDto'.

[7m43[0m       if (dto.supplierId !== null) {
[7m  [0m [91m              ~~~~~~~~~~[0m

[96msrc/modules/expenses/use-cases/update-expense.use-case.ts[0m:[93m45[0m:[93m28[0m - [91merror[0m[90m TS2339: [0mProperty 'supplierId' does not exist on type 'UpdateExpenseDto'.

[7m45[0m           where: { id: dto.supplierId, companyId, isDeleted: false },
[7m  [0m [91m                           ~~~~~~~~~~[0m

[96msrc/modules/expenses/use-cases/update-expense.use-case.ts[0m:[93m59[0m:[93m13[0m - [91merror[0m[90m TS2339: [0mProperty 'category' does not exist on type 'UpdateExpenseDto'.

[7m59[0m     if (dto.category !== undefined) updateData.category = dto.category;
[7m  [0m [91m            ~~~~~~~~[0m

[96msrc/modules/expenses/use-cases/update-expense.use-case.ts[0m:[93m59[0m:[93m63[0m - [91merror[0m[90m TS2339: [0mProperty 'category' does not exist on type 'UpdateExpenseDto'.

[7m59[0m     if (dto.category !== undefined) updateData.category = dto.category;
[7m  [0m [91m                                                              ~~~~~~~~[0m

[96msrc/modules/expenses/use-cases/update-expense.use-case.ts[0m:[93m60[0m:[93m13[0m - [91merror[0m[90m TS2339: [0mProperty 'amount' does not exist on type 'UpdateExpenseDto'.

[7m60[0m     if (dto.amount !== undefined)
[7m  [0m [91m            ~~~~~~[0m

[96msrc/modules/expenses/use-cases/update-expense.use-case.ts[0m:[93m61[0m:[93m50[0m - [91merror[0m[90m TS2339: [0mProperty 'amount' does not exist on type 'UpdateExpenseDto'.

[7m61[0m       updateData.amount = new Prisma.Decimal(dto.amount);
[7m  [0m [91m                                                 ~~~~~~[0m

[96msrc/modules/expenses/use-cases/update-expense.use-case.ts[0m:[93m62[0m:[93m13[0m - [91merror[0m[90m TS2339: [0mProperty 'expenseDate' does not exist on type 'UpdateExpenseDto'.

[7m62[0m     if (dto.expenseDate !== undefined) {
[7m  [0m [91m            ~~~~~~~~~~~[0m

[96msrc/modules/expenses/use-cases/update-expense.use-case.ts[0m:[93m63[0m:[93m30[0m - [91merror[0m[90m TS2339: [0mProperty 'expenseDate' does not exist on type 'UpdateExpenseDto'.

[7m63[0m       const d = new Date(dto.expenseDate);
[7m  [0m [91m                             ~~~~~~~~~~~[0m

[96msrc/modules/expenses/use-cases/update-expense.use-case.ts[0m:[93m67[0m:[93m13[0m - [91merror[0m[90m TS2339: [0mProperty 'description' does not exist on type 'UpdateExpenseDto'.

[7m67[0m     if (dto.description !== undefined) updateData.description = dto.description;
[7m  [0m [91m            ~~~~~~~~~~~[0m

[96msrc/modules/expenses/use-cases/update-expense.use-case.ts[0m:[93m67[0m:[93m69[0m - [91merror[0m[90m TS2339: [0mProperty 'description' does not exist on type 'UpdateExpenseDto'.

[7m67[0m     if (dto.description !== undefined) updateData.description = dto.description;
[7m  [0m [91m                                                                    ~~~~~~~~~~~[0m

[96msrc/modules/expenses/use-cases/update-expense.use-case.ts[0m:[93m68[0m:[93m13[0m - [91merror[0m[90m TS2339: [0mProperty 'supplierId' does not exist on type 'UpdateExpenseDto'.

[7m68[0m     if (dto.supplierId !== undefined) updateData.supplierId = dto.supplierId;
[7m  [0m [91m            ~~~~~~~~~~[0m

[96msrc/modules/expenses/use-cases/update-expense.use-case.ts[0m:[93m68[0m:[93m67[0m - [91merror[0m[90m TS2339: [0mProperty 'supplierId' does not exist on type 'UpdateExpenseDto'.

[7m68[0m     if (dto.supplierId !== undefined) updateData.supplierId = dto.supplierId;
[7m  [0m [91m                                                                  ~~~~~~~~~~[0m

[96msrc/modules/expenses/use-cases/update-expense.use-case.ts[0m:[93m69[0m:[93m13[0m - [91merror[0m[90m TS2339: [0mProperty 'referenceNumber' does not exist on type 'UpdateExpenseDto'.

[7m69[0m     if (dto.referenceNumber !== undefined)
[7m  [0m [91m            ~~~~~~~~~~~~~~~[0m

[96msrc/modules/expenses/use-cases/update-expense.use-case.ts[0m:[93m70[0m:[93m40[0m - [91merror[0m[90m TS2339: [0mProperty 'referenceNumber' does not exist on type 'UpdateExpenseDto'.

[7m70[0m       updateData.referenceNumber = dto.referenceNumber;
[7m  [0m [91m                                       ~~~~~~~~~~~~~~~[0m

[96msrc/modules/expenses/use-cases/update-expense.use-case.ts[0m:[93m71[0m:[93m13[0m - [91merror[0m[90m TS2339: [0mProperty 'paymentMethod' does not exist on type 'UpdateExpenseDto'.

[7m71[0m     if (dto.paymentMethod !== undefined)
[7m  [0m [91m            ~~~~~~~~~~~~~[0m

[96msrc/modules/expenses/use-cases/update-expense.use-case.ts[0m:[93m72[0m:[93m38[0m - [91merror[0m[90m TS2339: [0mProperty 'paymentMethod' does not exist on type 'UpdateExpenseDto'.

[7m72[0m       updateData.paymentMethod = dto.paymentMethod;
[7m  [0m [91m                                     ~~~~~~~~~~~~~[0m

[96msrc/modules/expenses/use-cases/update-expense.use-case.ts[0m:[93m73[0m:[93m13[0m - [91merror[0m[90m TS2339: [0mProperty 'notes' does not exist on type 'UpdateExpenseDto'.

[7m73[0m     if (dto.notes !== undefined) updateData.notes = dto.notes;
[7m  [0m [91m            ~~~~~[0m

[96msrc/modules/expenses/use-cases/update-expense.use-case.ts[0m:[93m73[0m:[93m57[0m - [91merror[0m[90m TS2339: [0mProperty 'notes' does not exist on type 'UpdateExpenseDto'.

[7m73[0m     if (dto.notes !== undefined) updateData.notes = dto.notes;
[7m  [0m [91m                                                        ~~~~~[0m

[[90m2:46:29 PM[0m] Found 43 errors. Watching for file changes.

[2J[3J[H[[90m2:46:35 PM[0m] File change detected. Starting incremental compilation...

[96msrc/modules/expenses/dto/create-expense.dto.ts[0m:[93m12[0m:[93m10[0m - [91merror[0m[90m TS2305: [0mModule '"@prisma/client"' has no exported member 'ExpenseCategory'.

[7m12[0m import { ExpenseCategory } from '@prisma/client';
[7m  [0m [91m         ~~~~~~~~~~~~~~~[0m

[96msrc/modules/expenses/dto/query-expense.dto.ts[0m:[93m11[0m:[93m10[0m - [91merror[0m[90m TS2305: [0mModule '"@prisma/client"' has no exported member 'ExpenseCategory'.

[7m11[0m import { ExpenseCategory } from '@prisma/client';
[7m  [0m [91m         ~~~~~~~~~~~~~~~[0m

[96msrc/modules/expenses/expenses.repository.ts[0m:[93m3[0m:[93m18[0m - [91merror[0m[90m TS2305: [0mModule '"@prisma/client"' has no exported member 'Expense'.

[7m3[0m import { Prisma, Expense, ExpenseCategory } from '@prisma/client';
[7m [0m [91m                 ~~~~~~~[0m

[96msrc/modules/expenses/expenses.repository.ts[0m:[93m3[0m:[93m27[0m - [91merror[0m[90m TS2305: [0mModule '"@prisma/client"' has no exported member 'ExpenseCategory'.

[7m3[0m import { Prisma, Expense, ExpenseCategory } from '@prisma/client';
[7m [0m [91m                          ~~~~~~~~~~~~~~~[0m

[96msrc/modules/expenses/expenses.repository.ts[0m:[93m75[0m:[93m20[0m - [91merror[0m[90m TS2694: [0mNamespace '"D:/Web/full-projects/daftar-v1/dafter-api-v1/node_modules/.prisma/client/index".Prisma' has no exported member 'ExpenseSelect'.

[7m75[0m } satisfies Prisma.ExpenseSelect;
[7m  [0m [91m                   ~~~~~~~~~~~~~[0m

[96msrc/modules/expenses/expenses.repository.ts[0m:[93m98[0m:[93m13[0m - [91merror[0m[90m TS2694: [0mNamespace '"D:/Web/full-projects/daftar-v1/dafter-api-v1/node_modules/.prisma/client/index".Prisma' has no exported member 'ExpenseWhereInput'.

[7m98[0m   ): Prisma.ExpenseWhereInput {
[7m  [0m [91m            ~~~~~~~~~~~~~~~~~[0m

[96msrc/modules/expenses/expenses.repository.ts[0m:[93m99[0m:[93m25[0m - [91merror[0m[90m TS2694: [0mNamespace '"D:/Web/full-projects/daftar-v1/dafter-api-v1/node_modules/.prisma/client/index".Prisma' has no exported member 'ExpenseWhereInput'.

[7m99[0m     const where: Prisma.ExpenseWhereInput = {
[7m  [0m [91m                        ~~~~~~~~~~~~~~~~~[0m

[96msrc/modules/expenses/expenses.repository.ts[0m:[93m131[0m:[93m15[0m - [91merror[0m[90m TS2339: [0mProperty 'expense' does not exist on type 'TransactionClient'.

[7m131[0m     return db.expense.create({
[7m   [0m [91m              ~~~~~~~[0m

[96msrc/modules/expenses/expenses.repository.ts[0m:[93m159[0m:[93m19[0m - [91merror[0m[90m TS2339: [0mProperty 'expense' does not exist on type 'PrismaService'.

[7m159[0m       this.prisma.expense.findMany({
[7m   [0m [91m                  ~~~~~~~[0m

[96msrc/modules/expenses/expenses.repository.ts[0m:[93m166[0m:[93m19[0m - [91merror[0m[90m TS2339: [0mProperty 'expense' does not exist on type 'PrismaService'.

[7m166[0m       this.prisma.expense.count({ where }),
[7m   [0m [91m                  ~~~~~~~[0m

[96msrc/modules/expenses/expenses.repository.ts[0m:[93m188[0m:[93m24[0m - [91merror[0m[90m TS2339: [0mProperty 'expense' does not exist on type 'PrismaService'.

[7m188[0m     return this.prisma.expense.findFirst({
[7m   [0m [91m                       ~~~~~~~[0m

[96msrc/modules/expenses/expenses.repository.ts[0m:[93m202[0m:[93m14[0m - [91merror[0m[90m TS2339: [0mProperty 'expense' does not exist on type 'TransactionClient'.

[7m202[0m     await db.expense.updateMany({
[7m   [0m [91m             ~~~~~~~[0m

[96msrc/modules/expenses/expenses.repository.ts[0m:[93m206[0m:[93m15[0m - [91merror[0m[90m TS2339: [0mProperty 'expense' does not exist on type 'TransactionClient'.

[7m206[0m     return db.expense.findFirstOrThrow({
[7m   [0m [91m              ~~~~~~~[0m

[96msrc/modules/expenses/expenses.repository.ts[0m:[93m218[0m:[93m14[0m - [91merror[0m[90m TS2339: [0mProperty 'expense' does not exist on type 'TransactionClient'.

[7m218[0m     await db.expense.updateMany({
[7m   [0m [91m             ~~~~~~~[0m

[96msrc/modules/expenses/expenses.repository.ts[0m:[93m225[0m:[93m37[0m - [91merror[0m[90m TS2339: [0mProperty 'expense' does not exist on type 'PrismaService'.

[7m225[0m     const count = await this.prisma.expense.count({
[7m   [0m [91m                                    ~~~~~~~[0m

[96msrc/modules/expenses/expenses.repository.ts[0m:[93m253[0m:[93m9[0m - [91merror[0m[90m TS2322: [0mType 'Record<string, unknown>' is not assignable to type 'JsonNull | InputJsonValue | undefined'.
  Type 'Record<string, unknown>' is missing the following properties from type 'readonly (InputJsonValue | null)[]': length, concat, join, slice, and 26 more.

[7m253[0m         metadata: data.metadata ?? {},
[7m   [0m [91m        ~~~~~~~~[0m

  [96mnode_modules/.prisma/client/index.d.ts[0m:[93m32435[0m:[93m5[0m
    [7m32435[0m     metadata?: JsonNullValueInput | InputJsonValue
    [7m     [0m [96m    ~~~~~~~~[0m
    The expected type comes from property 'metadata' which is declared here on type '(Without<AuditLogCreateInput, AuditLogUncheckedCreateInput> & AuditLogUncheckedCreateInput) | (Without<...> & AuditLogCreateInput)'

[96msrc/modules/expenses/expenses.repository.ts[0m:[93m267[0m:[93m41[0m - [91merror[0m[90m TS2339: [0mProperty 'expense' does not exist on type 'PrismaService'.

[7m267[0m     const aggregate = await this.prisma.expense.aggregate({
[7m   [0m [91m                                        ~~~~~~~[0m

[96msrc/modules/expenses/expenses.repository.ts[0m:[93m274[0m:[93m39[0m - [91merror[0m[90m TS2339: [0mProperty 'expense' does not exist on type 'PrismaService'.

[7m274[0m     const grouped = await this.prisma.expense.groupBy({
[7m   [0m [91m                                      ~~~~~~~[0m

[96msrc/modules/expenses/swagger/expenses.swagger.ts[0m:[93m19[0m:[93m10[0m - [91merror[0m[90m TS2305: [0mModule '"@prisma/client"' has no exported member 'ExpenseCategory'.

[7m19[0m import { ExpenseCategory } from '@prisma/client';
[7m  [0m [91m         ~~~~~~~~~~~~~~~[0m

[96msrc/modules/expenses/use-cases/create-expense.use-case.ts[0m:[93m78[0m:[93m27[0m - [91merror[0m[90m TS2339: [0mProperty 'id' does not exist on type 'ExpenseWithSupplier'.

[7m78[0m         entityId: created.id,
[7m  [0m [91m                          ~~[0m

[96msrc/modules/expenses/use-cases/create-expense.use-case.ts[0m:[93m88[0m:[93m37[0m - [91merror[0m[90m TS2339: [0mProperty 'id' does not exist on type 'ExpenseWithSupplier'.

[7m88[0m         `Expense created: ${created.id} | category: ${dto.category} | ` +
[7m  [0m [91m                                    ~~[0m

[96msrc/modules/expenses/use-cases/delete-expense.use-case.ts[0m:[93m42[0m:[93m30[0m - [91merror[0m[90m TS2339: [0mProperty 'category' does not exist on type 'ExpenseWithSupplier'.

[7m42[0m           category: existing.category,
[7m  [0m [91m                             ~~~~~~~~[0m

[96msrc/modules/expenses/use-cases/delete-expense.use-case.ts[0m:[93m43[0m:[93m28[0m - [91merror[0m[90m TS2339: [0mProperty 'amount' does not exist on type 'ExpenseWithSupplier'.

[7m43[0m           amount: existing.amount.toString(),
[7m  [0m [91m                           ~~~~~~[0m

[96msrc/modules/expenses/use-cases/delete-expense.use-case.ts[0m:[93m44[0m:[93m33[0m - [91merror[0m[90m TS2339: [0mProperty 'expenseDate' does not exist on type 'ExpenseWithSupplier'.

[7m44[0m           expenseDate: existing.expenseDate,
[7m  [0m [91m                                ~~~~~~~~~~~[0m

[96msrc/modules/expenses/use-cases/update-expense.use-case.ts[0m:[93m42[0m:[93m13[0m - [91merror[0m[90m TS2339: [0mProperty 'supplierId' does not exist on type 'UpdateExpenseDto'.

[7m42[0m     if (dto.supplierId !== undefined) {
[7m  [0m [91m            ~~~~~~~~~~[0m

[96msrc/modules/expenses/use-cases/update-expense.use-case.ts[0m:[93m43[0m:[93m15[0m - [91merror[0m[90m TS2339: [0mProperty 'supplierId' does not exist on type 'UpdateExpenseDto'.

[7m43[0m       if (dto.supplierId !== null) {
[7m  [0m [91m              ~~~~~~~~~~[0m

[96msrc/modules/expenses/use-cases/update-expense.use-case.ts[0m:[93m45[0m:[93m28[0m - [91merror[0m[90m TS2339: [0mProperty 'supplierId' does not exist on type 'UpdateExpenseDto'.

[7m45[0m           where: { id: dto.supplierId, companyId, isDeleted: false },
[7m  [0m [91m                           ~~~~~~~~~~[0m

[96msrc/modules/expenses/use-cases/update-expense.use-case.ts[0m:[93m59[0m:[93m13[0m - [91merror[0m[90m TS2339: [0mProperty 'category' does not exist on type 'UpdateExpenseDto'.

[7m59[0m     if (dto.category !== undefined) updateData.category = dto.category;
[7m  [0m [91m            ~~~~~~~~[0m

[96msrc/modules/expenses/use-cases/update-expense.use-case.ts[0m:[93m59[0m:[93m63[0m - [91merror[0m[90m TS2339: [0mProperty 'category' does not exist on type 'UpdateExpenseDto'.

[7m59[0m     if (dto.category !== undefined) updateData.category = dto.category;
[7m  [0m [91m                                                              ~~~~~~~~[0m

[96msrc/modules/expenses/use-cases/update-expense.use-case.ts[0m:[93m60[0m:[93m13[0m - [91merror[0m[90m TS2339: [0mProperty 'amount' does not exist on type 'UpdateExpenseDto'.

[7m60[0m     if (dto.amount !== undefined)
[7m  [0m [91m            ~~~~~~[0m

[96msrc/modules/expenses/use-cases/update-expense.use-case.ts[0m:[93m61[0m:[93m50[0m - [91merror[0m[90m TS2339: [0mProperty 'amount' does not exist on type 'UpdateExpenseDto'.

[7m61[0m       updateData.amount = new Prisma.Decimal(dto.amount);
[7m  [0m [91m                                                 ~~~~~~[0m

[96msrc/modules/expenses/use-cases/update-expense.use-case.ts[0m:[93m62[0m:[93m13[0m - [91merror[0m[90m TS2339: [0mProperty 'expenseDate' does not exist on type 'UpdateExpenseDto'.

[7m62[0m     if (dto.expenseDate !== undefined) {
[7m  [0m [91m            ~~~~~~~~~~~[0m

[96msrc/modules/expenses/use-cases/update-expense.use-case.ts[0m:[93m63[0m:[93m30[0m - [91merror[0m[90m TS2339: [0mProperty 'expenseDate' does not exist on type 'UpdateExpenseDto'.

[7m63[0m       const d = new Date(dto.expenseDate);
[7m  [0m [91m                             ~~~~~~~~~~~[0m

[96msrc/modules/expenses/use-cases/update-expense.use-case.ts[0m:[93m67[0m:[93m13[0m - [91merror[0m[90m TS2339: [0mProperty 'description' does not exist on type 'UpdateExpenseDto'.

[7m67[0m     if (dto.description !== undefined) updateData.description = dto.description;
[7m  [0m [91m            ~~~~~~~~~~~[0m

[96msrc/modules/expenses/use-cases/update-expense.use-case.ts[0m:[93m67[0m:[93m69[0m - [91merror[0m[90m TS2339: [0mProperty 'description' does not exist on type 'UpdateExpenseDto'.

[7m67[0m     if (dto.description !== undefined) updateData.description = dto.description;
[7m  [0m [91m                                                                    ~~~~~~~~~~~[0m

[96msrc/modules/expenses/use-cases/update-expense.use-case.ts[0m:[93m68[0m:[93m13[0m - [91merror[0m[90m TS2339: [0mProperty 'supplierId' does not exist on type 'UpdateExpenseDto'.

[7m68[0m     if (dto.supplierId !== undefined) updateData.supplierId = dto.supplierId;
[7m  [0m [91m            ~~~~~~~~~~[0m

[96msrc/modules/expenses/use-cases/update-expense.use-case.ts[0m:[93m68[0m:[93m67[0m - [91merror[0m[90m TS2339: [0mProperty 'supplierId' does not exist on type 'UpdateExpenseDto'.

[7m68[0m     if (dto.supplierId !== undefined) updateData.supplierId = dto.supplierId;
[7m  [0m [91m                                                                  ~~~~~~~~~~[0m

[96msrc/modules/expenses/use-cases/update-expense.use-case.ts[0m:[93m69[0m:[93m13[0m - [91merror[0m[90m TS2339: [0mProperty 'referenceNumber' does not exist on type 'UpdateExpenseDto'.

[7m69[0m     if (dto.referenceNumber !== undefined)
[7m  [0m [91m            ~~~~~~~~~~~~~~~[0m

[96msrc/modules/expenses/use-cases/update-expense.use-case.ts[0m:[93m70[0m:[93m40[0m - [91merror[0m[90m TS2339: [0mProperty 'referenceNumber' does not exist on type 'UpdateExpenseDto'.

[7m70[0m       updateData.referenceNumber = dto.referenceNumber;
[7m  [0m [91m                                       ~~~~~~~~~~~~~~~[0m

[96msrc/modules/expenses/use-cases/update-expense.use-case.ts[0m:[93m71[0m:[93m13[0m - [91merror[0m[90m TS2339: [0mProperty 'paymentMethod' does not exist on type 'UpdateExpenseDto'.

[7m71[0m     if (dto.paymentMethod !== undefined)
[7m  [0m [91m            ~~~~~~~~~~~~~[0m

[96msrc/modules/expenses/use-cases/update-expense.use-case.ts[0m:[93m72[0m:[93m38[0m - [91merror[0m[90m TS2339: [0mProperty 'paymentMethod' does not exist on type 'UpdateExpenseDto'.

[7m72[0m       updateData.paymentMethod = dto.paymentMethod;
[7m  [0m [91m                                     ~~~~~~~~~~~~~[0m

[96msrc/modules/expenses/use-cases/update-expense.use-case.ts[0m:[93m73[0m:[93m13[0m - [91merror[0m[90m TS2339: [0mProperty 'notes' does not exist on type 'UpdateExpenseDto'.

[7m73[0m     if (dto.notes !== undefined) updateData.notes = dto.notes;
[7m  [0m [91m            ~~~~~[0m

[96msrc/modules/expenses/use-cases/update-expense.use-case.ts[0m:[93m73[0m:[93m57[0m - [91merror[0m[90m TS2339: [0mProperty 'notes' does not exist on type 'UpdateExpenseDto'.

[7m73[0m     if (dto.notes !== undefined) updateData.notes = dto.notes;
[7m  [0m [91m                                                        ~~~~~[0m

[[90m2:46:35 PM[0m] Found 43 errors. Watching for file changes.

[2J[3J[H[[90m2:47:07 PM[0m] File change detected. Starting incremental compilation...

[96msrc/modules/expenses/dto/create-expense.dto.ts[0m:[93m12[0m:[93m10[0m - [91merror[0m[90m TS2305: [0mModule '"@prisma/client"' has no exported member 'ExpenseCategory'.

[7m12[0m import { ExpenseCategory } from '@prisma/client';
[7m  [0m [91m         ~~~~~~~~~~~~~~~[0m

[96msrc/modules/expenses/dto/query-expense.dto.ts[0m:[93m11[0m:[93m10[0m - [91merror[0m[90m TS2305: [0mModule '"@prisma/client"' has no exported member 'ExpenseCategory'.

[7m11[0m import { ExpenseCategory } from '@prisma/client';
[7m  [0m [91m         ~~~~~~~~~~~~~~~[0m

[96msrc/modules/expenses/expenses.repository.ts[0m:[93m3[0m:[93m18[0m - [91merror[0m[90m TS2305: [0mModule '"@prisma/client"' has no exported member 'Expense'.

[7m3[0m import { Prisma, Expense, ExpenseCategory } from '@prisma/client';
[7m [0m [91m                 ~~~~~~~[0m

[96msrc/modules/expenses/expenses.repository.ts[0m:[93m3[0m:[93m27[0m - [91merror[0m[90m TS2305: [0mModule '"@prisma/client"' has no exported member 'ExpenseCategory'.

[7m3[0m import { Prisma, Expense, ExpenseCategory } from '@prisma/client';
[7m [0m [91m                          ~~~~~~~~~~~~~~~[0m

[96msrc/modules/expenses/expenses.repository.ts[0m:[93m75[0m:[93m20[0m - [91merror[0m[90m TS2694: [0mNamespace '"D:/Web/full-projects/daftar-v1/dafter-api-v1/node_modules/.prisma/client/index".Prisma' has no exported member 'ExpenseSelect'.

[7m75[0m } satisfies Prisma.ExpenseSelect;
[7m  [0m [91m                   ~~~~~~~~~~~~~[0m

[96msrc/modules/expenses/expenses.repository.ts[0m:[93m98[0m:[93m13[0m - [91merror[0m[90m TS2694: [0mNamespace '"D:/Web/full-projects/daftar-v1/dafter-api-v1/node_modules/.prisma/client/index".Prisma' has no exported member 'ExpenseWhereInput'.

[7m98[0m   ): Prisma.ExpenseWhereInput {
[7m  [0m [91m            ~~~~~~~~~~~~~~~~~[0m

[96msrc/modules/expenses/expenses.repository.ts[0m:[93m99[0m:[93m25[0m - [91merror[0m[90m TS2694: [0mNamespace '"D:/Web/full-projects/daftar-v1/dafter-api-v1/node_modules/.prisma/client/index".Prisma' has no exported member 'ExpenseWhereInput'.

[7m99[0m     const where: Prisma.ExpenseWhereInput = {
[7m  [0m [91m                        ~~~~~~~~~~~~~~~~~[0m

[96msrc/modules/expenses/expenses.repository.ts[0m:[93m131[0m:[93m15[0m - [91merror[0m[90m TS2339: [0mProperty 'expense' does not exist on type 'TransactionClient'.

[7m131[0m     return db.expense.create({
[7m   [0m [91m              ~~~~~~~[0m

[96msrc/modules/expenses/expenses.repository.ts[0m:[93m159[0m:[93m19[0m - [91merror[0m[90m TS2339: [0mProperty 'expense' does not exist on type 'PrismaService'.

[7m159[0m       this.prisma.expense.findMany({
[7m   [0m [91m                  ~~~~~~~[0m

[96msrc/modules/expenses/expenses.repository.ts[0m:[93m166[0m:[93m19[0m - [91merror[0m[90m TS2339: [0mProperty 'expense' does not exist on type 'PrismaService'.

[7m166[0m       this.prisma.expense.count({ where }),
[7m   [0m [91m                  ~~~~~~~[0m

[96msrc/modules/expenses/expenses.repository.ts[0m:[93m188[0m:[93m24[0m - [91merror[0m[90m TS2339: [0mProperty 'expense' does not exist on type 'PrismaService'.

[7m188[0m     return this.prisma.expense.findFirst({
[7m   [0m [91m                       ~~~~~~~[0m

[96msrc/modules/expenses/expenses.repository.ts[0m:[93m202[0m:[93m14[0m - [91merror[0m[90m TS2339: [0mProperty 'expense' does not exist on type 'TransactionClient'.

[7m202[0m     await db.expense.updateMany({
[7m   [0m [91m             ~~~~~~~[0m

[96msrc/modules/expenses/expenses.repository.ts[0m:[93m206[0m:[93m15[0m - [91merror[0m[90m TS2339: [0mProperty 'expense' does not exist on type 'TransactionClient'.

[7m206[0m     return db.expense.findFirstOrThrow({
[7m   [0m [91m              ~~~~~~~[0m

[96msrc/modules/expenses/expenses.repository.ts[0m:[93m218[0m:[93m14[0m - [91merror[0m[90m TS2339: [0mProperty 'expense' does not exist on type 'TransactionClient'.

[7m218[0m     await db.expense.updateMany({
[7m   [0m [91m             ~~~~~~~[0m

[96msrc/modules/expenses/expenses.repository.ts[0m:[93m225[0m:[93m37[0m - [91merror[0m[90m TS2339: [0mProperty 'expense' does not exist on type 'PrismaService'.

[7m225[0m     const count = await this.prisma.expense.count({
[7m   [0m [91m                                    ~~~~~~~[0m

[96msrc/modules/expenses/expenses.repository.ts[0m:[93m253[0m:[93m9[0m - [91merror[0m[90m TS2322: [0mType 'Record<string, unknown>' is not assignable to type 'JsonNull | InputJsonValue | undefined'.
  Type 'Record<string, unknown>' is missing the following properties from type 'readonly (InputJsonValue | null)[]': length, concat, join, slice, and 26 more.

[7m253[0m         metadata: data.metadata ?? {},
[7m   [0m [91m        ~~~~~~~~[0m

  [96mnode_modules/.prisma/client/index.d.ts[0m:[93m32435[0m:[93m5[0m
    [7m32435[0m     metadata?: JsonNullValueInput | InputJsonValue
    [7m     [0m [96m    ~~~~~~~~[0m
    The expected type comes from property 'metadata' which is declared here on type '(Without<AuditLogCreateInput, AuditLogUncheckedCreateInput> & AuditLogUncheckedCreateInput) | (Without<...> & AuditLogCreateInput)'

[96msrc/modules/expenses/expenses.repository.ts[0m:[93m267[0m:[93m41[0m - [91merror[0m[90m TS2339: [0mProperty 'expense' does not exist on type 'PrismaService'.

[7m267[0m     const aggregate = await this.prisma.expense.aggregate({
[7m   [0m [91m                                        ~~~~~~~[0m

[96msrc/modules/expenses/expenses.repository.ts[0m:[93m274[0m:[93m39[0m - [91merror[0m[90m TS2339: [0mProperty 'expense' does not exist on type 'PrismaService'.

[7m274[0m     const grouped = await this.prisma.expense.groupBy({
[7m   [0m [91m                                      ~~~~~~~[0m

[96msrc/modules/expenses/swagger/expenses.swagger.ts[0m:[93m19[0m:[93m10[0m - [91merror[0m[90m TS2305: [0mModule '"@prisma/client"' has no exported member 'ExpenseCategory'.

[7m19[0m import { ExpenseCategory } from '@prisma/client';
[7m  [0m [91m         ~~~~~~~~~~~~~~~[0m

[96msrc/modules/expenses/use-cases/create-expense.use-case.ts[0m:[93m78[0m:[93m27[0m - [91merror[0m[90m TS2339: [0mProperty 'id' does not exist on type 'ExpenseWithSupplier'.

[7m78[0m         entityId: created.id,
[7m  [0m [91m                          ~~[0m

[96msrc/modules/expenses/use-cases/create-expense.use-case.ts[0m:[93m88[0m:[93m37[0m - [91merror[0m[90m TS2339: [0mProperty 'id' does not exist on type 'ExpenseWithSupplier'.

[7m88[0m         `Expense created: ${created.id} | category: ${dto.category} | ` +
[7m  [0m [91m                                    ~~[0m

[96msrc/modules/expenses/use-cases/delete-expense.use-case.ts[0m:[93m42[0m:[93m30[0m - [91merror[0m[90m TS2339: [0mProperty 'category' does not exist on type 'ExpenseWithSupplier'.

[7m42[0m           category: existing.category,
[7m  [0m [91m                             ~~~~~~~~[0m

[96msrc/modules/expenses/use-cases/delete-expense.use-case.ts[0m:[93m43[0m:[93m28[0m - [91merror[0m[90m TS2339: [0mProperty 'amount' does not exist on type 'ExpenseWithSupplier'.

[7m43[0m           amount: existing.amount.toString(),
[7m  [0m [91m                           ~~~~~~[0m

[96msrc/modules/expenses/use-cases/delete-expense.use-case.ts[0m:[93m44[0m:[93m33[0m - [91merror[0m[90m TS2339: [0mProperty 'expenseDate' does not exist on type 'ExpenseWithSupplier'.

[7m44[0m           expenseDate: existing.expenseDate,
[7m  [0m [91m                                ~~~~~~~~~~~[0m

[96msrc/modules/expenses/use-cases/update-expense.use-case.ts[0m:[93m42[0m:[93m13[0m - [91merror[0m[90m TS2339: [0mProperty 'supplierId' does not exist on type 'UpdateExpenseDto'.

[7m42[0m     if (dto.supplierId !== undefined) {
[7m  [0m [91m            ~~~~~~~~~~[0m

[96msrc/modules/expenses/use-cases/update-expense.use-case.ts[0m:[93m43[0m:[93m15[0m - [91merror[0m[90m TS2339: [0mProperty 'supplierId' does not exist on type 'UpdateExpenseDto'.

[7m43[0m       if (dto.supplierId !== null) {
[7m  [0m [91m              ~~~~~~~~~~[0m

[96msrc/modules/expenses/use-cases/update-expense.use-case.ts[0m:[93m45[0m:[93m28[0m - [91merror[0m[90m TS2339: [0mProperty 'supplierId' does not exist on type 'UpdateExpenseDto'.

[7m45[0m           where: { id: dto.supplierId, companyId, isDeleted: false },
[7m  [0m [91m                           ~~~~~~~~~~[0m

[96msrc/modules/expenses/use-cases/update-expense.use-case.ts[0m:[93m59[0m:[93m13[0m - [91merror[0m[90m TS2339: [0mProperty 'category' does not exist on type 'UpdateExpenseDto'.

[7m59[0m     if (dto.category !== undefined) updateData.category = dto.category;
[7m  [0m [91m            ~~~~~~~~[0m

[96msrc/modules/expenses/use-cases/update-expense.use-case.ts[0m:[93m59[0m:[93m63[0m - [91merror[0m[90m TS2339: [0mProperty 'category' does not exist on type 'UpdateExpenseDto'.

[7m59[0m     if (dto.category !== undefined) updateData.category = dto.category;
[7m  [0m [91m                                                              ~~~~~~~~[0m

[96msrc/modules/expenses/use-cases/update-expense.use-case.ts[0m:[93m60[0m:[93m13[0m - [91merror[0m[90m TS2339: [0mProperty 'amount' does not exist on type 'UpdateExpenseDto'.

[7m60[0m     if (dto.amount !== undefined)
[7m  [0m [91m            ~~~~~~[0m

[96msrc/modules/expenses/use-cases/update-expense.use-case.ts[0m:[93m61[0m:[93m50[0m - [91merror[0m[90m TS2339: [0mProperty 'amount' does not exist on type 'UpdateExpenseDto'.

[7m61[0m       updateData.amount = new Prisma.Decimal(dto.amount);
[7m  [0m [91m                                                 ~~~~~~[0m

[96msrc/modules/expenses/use-cases/update-expense.use-case.ts[0m:[93m62[0m:[93m13[0m - [91merror[0m[90m TS2339: [0mProperty 'expenseDate' does not exist on type 'UpdateExpenseDto'.

[7m62[0m     if (dto.expenseDate !== undefined) {
[7m  [0m [91m            ~~~~~~~~~~~[0m

[96msrc/modules/expenses/use-cases/update-expense.use-case.ts[0m:[93m63[0m:[93m30[0m - [91merror[0m[90m TS2339: [0mProperty 'expenseDate' does not exist on type 'UpdateExpenseDto'.

[7m63[0m       const d = new Date(dto.expenseDate);
[7m  [0m [91m                             ~~~~~~~~~~~[0m

[96msrc/modules/expenses/use-cases/update-expense.use-case.ts[0m:[93m67[0m:[93m13[0m - [91merror[0m[90m TS2339: [0mProperty 'description' does not exist on type 'UpdateExpenseDto'.

[7m67[0m     if (dto.description !== undefined) updateData.description = dto.description;
[7m  [0m [91m            ~~~~~~~~~~~[0m

[96msrc/modules/expenses/use-cases/update-expense.use-case.ts[0m:[93m67[0m:[93m69[0m - [91merror[0m[90m TS2339: [0mProperty 'description' does not exist on type 'UpdateExpenseDto'.

[7m67[0m     if (dto.description !== undefined) updateData.description = dto.description;
[7m  [0m [91m                                                                    ~~~~~~~~~~~[0m

[96msrc/modules/expenses/use-cases/update-expense.use-case.ts[0m:[93m68[0m:[93m13[0m - [91merror[0m[90m TS2339: [0mProperty 'supplierId' does not exist on type 'UpdateExpenseDto'.

[7m68[0m     if (dto.supplierId !== undefined) updateData.supplierId = dto.supplierId;
[7m  [0m [91m            ~~~~~~~~~~[0m

[96msrc/modules/expenses/use-cases/update-expense.use-case.ts[0m:[93m68[0m:[93m67[0m - [91merror[0m[90m TS2339: [0mProperty 'supplierId' does not exist on type 'UpdateExpenseDto'.

[7m68[0m     if (dto.supplierId !== undefined) updateData.supplierId = dto.supplierId;
[7m  [0m [91m                                                                  ~~~~~~~~~~[0m

[96msrc/modules/expenses/use-cases/update-expense.use-case.ts[0m:[93m69[0m:[93m13[0m - [91merror[0m[90m TS2339: [0mProperty 'referenceNumber' does not exist on type 'UpdateExpenseDto'.

[7m69[0m     if (dto.referenceNumber !== undefined)
[7m  [0m [91m            ~~~~~~~~~~~~~~~[0m

[96msrc/modules/expenses/use-cases/update-expense.use-case.ts[0m:[93m70[0m:[93m40[0m - [91merror[0m[90m TS2339: [0mProperty 'referenceNumber' does not exist on type 'UpdateExpenseDto'.

[7m70[0m       updateData.referenceNumber = dto.referenceNumber;
[7m  [0m [91m                                       ~~~~~~~~~~~~~~~[0m

[96msrc/modules/expenses/use-cases/update-expense.use-case.ts[0m:[93m71[0m:[93m13[0m - [91merror[0m[90m TS2339: [0mProperty 'paymentMethod' does not exist on type 'UpdateExpenseDto'.

[7m71[0m     if (dto.paymentMethod !== undefined)
[7m  [0m [91m            ~~~~~~~~~~~~~[0m

[96msrc/modules/expenses/use-cases/update-expense.use-case.ts[0m:[93m72[0m:[93m38[0m - [91merror[0m[90m TS2339: [0mProperty 'paymentMethod' does not exist on type 'UpdateExpenseDto'.

[7m72[0m       updateData.paymentMethod = dto.paymentMethod;
[7m  [0m [91m                                     ~~~~~~~~~~~~~[0m

[96msrc/modules/expenses/use-cases/update-expense.use-case.ts[0m:[93m73[0m:[93m13[0m - [91merror[0m[90m TS2339: [0mProperty 'notes' does not exist on type 'UpdateExpenseDto'.

[7m73[0m     if (dto.notes !== undefined) updateData.notes = dto.notes;
[7m  [0m [91m            ~~~~~[0m

[96msrc/modules/expenses/use-cases/update-expense.use-case.ts[0m:[93m73[0m:[93m57[0m - [91merror[0m[90m TS2339: [0mProperty 'notes' does not exist on type 'UpdateExpenseDto'.

[7m73[0m     if (dto.notes !== undefined) updateData.notes = dto.notes;
[7m  [0m [91m                                                        ~~~~~[0m

[[90m2:47:15 PM[0m] Found 43 errors. Watching for file changes.

[2J[3J[H[[90m2:47:15 PM[0m] File change detected. Starting incremental compilation...

[2J[3J[H[[90m2:47:37 PM[0m] File change detected. Starting incremental compilation...

[96msrc/modules/expenses/expenses.repository.ts[0m:[93m253[0m:[93m9[0m - [91merror[0m[90m TS2322: [0mType 'Record<string, unknown>' is not assignable to type 'JsonNull | InputJsonValue | undefined'.
  Type 'Record<string, unknown>' is missing the following properties from type 'readonly (InputJsonValue | null)[]': length, concat, join, slice, and 26 more.

[7m253[0m         metadata: data.metadata ?? {},
[7m   [0m [91m        ~~~~~~~~[0m

  [96mnode_modules/.prisma/client/index.d.ts[0m:[93m34106[0m:[93m5[0m
    [7m34106[0m     metadata?: JsonNullValueInput | InputJsonValue
    [7m     [0m [96m    ~~~~~~~~[0m
    The expected type comes from property 'metadata' which is declared here on type '(Without<AuditLogCreateInput, AuditLogUncheckedCreateInput> & AuditLogUncheckedCreateInput) | (Without<...> & AuditLogCreateInput)'

[[90m2:47:49 PM[0m] Found 1 error. Watching for file changes.

[2J[3J[H[[90m2:49:01 PM[0m] File change detected. Starting incremental compilation...

[[90m2:49:02 PM[0m] Found 0 errors. Watching for file changes.

[32m[Nest] 32420  - [39m02/23/2026, 2:49:06 PM [32m    LOG[39m [38;5;3m[NestFactory] [39m[32mStarting Nest application...[39m
[32m[Nest] 32420  - [39m02/23/2026, 2:49:06 PM [32m    LOG[39m [38;5;3m[InstanceLoader] [39m[32mBullModule dependencies initialized[39m[38;5;3m +2ms[39m
[32m[Nest] 32420  - [39m02/23/2026, 2:49:06 PM [32m    LOG[39m [38;5;3m[InstanceLoader] [39m[32mDatabaseModule dependencies initialized[39m[38;5;3m +0ms[39m
[32m[Nest] 32420  - [39m02/23/2026, 2:49:06 PM [32m    LOG[39m [38;5;3m[InstanceLoader] [39m[32mPrismaModule dependencies initialized[39m[38;5;3m +0ms[39m
[32m[Nest] 32420  - [39m02/23/2026, 2:49:06 PM [32m    LOG[39m [38;5;3m[InstanceLoader] [39m[32mLoggerModule dependencies initialized[39m[38;5;3m +0ms[39m
[32m[Nest] 32420  - [39m02/23/2026, 2:49:06 PM [32m    LOG[39m [38;5;3m[InstanceLoader] [39m[32mTranslationModule dependencies initialized[39m[38;5;3m +0ms[39m
[32m[Nest] 32420  - [39m02/23/2026, 2:49:06 PM [32m    LOG[39m [38;5;3m[InstanceLoader] [39m[32mPassportModule dependencies initialized[39m[38;5;3m +0ms[39m
[32m[Nest] 32420  - [39m02/23/2026, 2:49:06 PM [32m    LOG[39m [38;5;3m[InstanceLoader] [39m[32mConfigHostModule dependencies initialized[39m[38;5;3m +0ms[39m
[32m[Nest] 32420  - [39m02/23/2026, 2:49:06 PM [32m    LOG[39m [38;5;3m[InstanceLoader] [39m[32mThrottlerModule dependencies initialized[39m[38;5;3m +0ms[39m
[32m[Nest] 32420  - [39m02/23/2026, 2:49:06 PM [32m    LOG[39m [38;5;3m[InstanceLoader] [39m[32mDiscoveryModule dependencies initialized[39m[38;5;3m +1ms[39m
[33m[Nest] 32420  - [39m02/23/2026, 2:49:06 PM [33m   WARN[39m [38;5;3m[WhatsAppService] [39m[33mTwilio credentials not configured — WhatsApp sending disabled[39m
[32m[Nest] 32420  - [39m02/23/2026, 2:49:06 PM [32m    LOG[39m [38;5;3m[InstanceLoader] [39m[32mGuardsModule dependencies initialized[39m[38;5;3m +0ms[39m
[32m[Nest] 32420  - [39m02/23/2026, 2:49:06 PM [32m    LOG[39m [38;5;3m[InstanceLoader] [39m[32mConfigModule dependencies initialized[39m[38;5;3m +0ms[39m
[32m[Nest] 32420  - [39m02/23/2026, 2:49:06 PM [32m    LOG[39m [38;5;3m[InstanceLoader] [39m[32mConfigModule dependencies initialized[39m[38;5;3m +0ms[39m
[32m[Nest] 32420  - [39m02/23/2026, 2:49:06 PM [32m    LOG[39m [38;5;3m[InstanceLoader] [39m[32mBullModule dependencies initialized[39m[38;5;3m +0ms[39m
[32m[Nest] 32420  - [39m02/23/2026, 2:49:06 PM [32m    LOG[39m [38;5;3m[InstanceLoader] [39m[32mCacheModule dependencies initialized[39m[38;5;3m +0ms[39m
[32m[Nest] 32420  - [39m02/23/2026, 2:49:06 PM [32m    LOG[39m [38;5;3m[InstanceLoader] [39m[32mJwtModule dependencies initialized[39m[38;5;3m +0ms[39m
[32m[Nest] 32420  - [39m02/23/2026, 2:49:06 PM [32m    LOG[39m [38;5;3m[InstanceLoader] [39m[32mBullModule dependencies initialized[39m[38;5;3m +0ms[39m
[32m[Nest] 32420  - [39m02/23/2026, 2:49:06 PM [32m    LOG[39m [38;5;3m[InstanceLoader] [39m[32mAppModule dependencies initialized[39m[38;5;3m +0ms[39m
[32m[Nest] 32420  - [39m02/23/2026, 2:49:06 PM [32m    LOG[39m [38;5;3m[InstanceLoader] [39m[32mPlatformModule dependencies initialized[39m[38;5;3m +0ms[39m
[32m[Nest] 32420  - [39m02/23/2026, 2:49:06 PM [32m    LOG[39m [38;5;3m[InstanceLoader] [39m[32mUsersModule dependencies initialized[39m[38;5;3m +0ms[39m
[32m[Nest] 32420  - [39m02/23/2026, 2:49:06 PM [32m    LOG[39m [38;5;3m[InstanceLoader] [39m[32mCustomersModule dependencies initialized[39m[38;5;3m +0ms[39m
[32m[Nest] 32420  - [39m02/23/2026, 2:49:06 PM [32m    LOG[39m [38;5;3m[InstanceLoader] [39m[32mSuppliersModule dependencies initialized[39m[38;5;3m +0ms[39m
[32m[Nest] 32420  - [39m02/23/2026, 2:49:06 PM [32m    LOG[39m [38;5;3m[InstanceLoader] [39m[32mEmployeesModule dependencies initialized[39m[38;5;3m +0ms[39m
[32m[Nest] 32420  - [39m02/23/2026, 2:49:06 PM [32m    LOG[39m [38;5;3m[InstanceLoader] [39m[32mDeferredSalesModule dependencies initialized[39m[38;5;3m +0ms[39m
[32m[Nest] 32420  - [39m02/23/2026, 2:49:06 PM [32m    LOG[39m [38;5;3m[InstanceLoader] [39m[32mInstallmentsModule dependencies initialized[39m[38;5;3m +0ms[39m
[32m[Nest] 32420  - [39m02/23/2026, 2:49:06 PM [32m    LOG[39m [38;5;3m[InstanceLoader] [39m[32mReportsModule dependencies initialized[39m[38;5;3m +0ms[39m
[32m[Nest] 32420  - [39m02/23/2026, 2:49:06 PM [32m    LOG[39m [38;5;3m[InstanceLoader] [39m[32mExpensesModule dependencies initialized[39m[38;5;3m +0ms[39m
[32m[Nest] 32420  - [39m02/23/2026, 2:49:06 PM [32m    LOG[39m [38;5;3m[InstanceLoader] [39m[32mNotificationsModule dependencies initialized[39m[38;5;3m +0ms[39m
[32m[Nest] 32420  - [39m02/23/2026, 2:49:06 PM [32m    LOG[39m [38;5;3m[InstanceLoader] [39m[32mLedgerModule dependencies initialized[39m[38;5;3m +0ms[39m
[32m[Nest] 32420  - [39m02/23/2026, 2:49:06 PM [32m    LOG[39m [38;5;3m[InstanceLoader] [39m[32mAuthModule dependencies initialized[39m[38;5;3m +0ms[39m
[32m[Nest] 32420  - [39m02/23/2026, 2:49:06 PM [32m    LOG[39m [38;5;3m[RoutesResolver] [39m[32mAppController {/api/v1}:[39m[38;5;3m +0ms[39m
[32m[Nest] 32420  - [39m02/23/2026, 2:49:06 PM [32m    LOG[39m [38;5;3m[RouterExplorer] [39m[32mMapped {/api/v1/health, GET} route[39m[38;5;3m +0ms[39m
[32m[Nest] 32420  - [39m02/23/2026, 2:49:06 PM [32m    LOG[39m [38;5;3m[RoutesResolver] [39m[32mAuthController {/api/v1/auth}:[39m[38;5;3m +0ms[39m
[32m[Nest] 32420  - [39m02/23/2026, 2:49:06 PM [32m    LOG[39m [38;5;3m[RouterExplorer] [39m[32mMapped {/api/v1/auth/register, POST} route[39m[38;5;3m +1ms[39m
[32m[Nest] 32420  - [39m02/23/2026, 2:49:06 PM [32m    LOG[39m [38;5;3m[RouterExplorer] [39m[32mMapped {/api/v1/auth/login, POST} route[39m[38;5;3m +0ms[39m
[32m[Nest] 32420  - [39m02/23/2026, 2:49:06 PM [32m    LOG[39m [38;5;3m[RouterExplorer] [39m[32mMapped {/api/v1/auth/refresh, POST} route[39m[38;5;3m +0ms[39m
[32m[Nest] 32420  - [39m02/23/2026, 2:49:06 PM [32m    LOG[39m [38;5;3m[RouterExplorer] [39m[32mMapped {/api/v1/auth/logout, POST} route[39m[38;5;3m +0ms[39m
[32m[Nest] 32420  - [39m02/23/2026, 2:49:06 PM [32m    LOG[39m [38;5;3m[RouterExplorer] [39m[32mMapped {/api/v1/auth/logout-all, POST} route[39m[38;5;3m +0ms[39m
[32m[Nest] 32420  - [39m02/23/2026, 2:49:06 PM [32m    LOG[39m [38;5;3m[RouterExplorer] [39m[32mMapped {/api/v1/auth/change-password, POST} route[39m[38;5;3m +0ms[39m
[32m[Nest] 32420  - [39m02/23/2026, 2:49:06 PM [32m    LOG[39m [38;5;3m[RouterExplorer] [39m[32mMapped {/api/v1/auth/me, GET} route[39m[38;5;3m +0ms[39m
[32m[Nest] 32420  - [39m02/23/2026, 2:49:06 PM [32m    LOG[39m [38;5;3m[RouterExplorer] [39m[32mMapped {/api/v1/auth/sessions, GET} route[39m[38;5;3m +0ms[39m
[32m[Nest] 32420  - [39m02/23/2026, 2:49:06 PM [32m    LOG[39m [38;5;3m[RouterExplorer] [39m[32mMapped {/api/v1/auth/forgot-password, POST} route[39m[38;5;3m +0ms[39m
[32m[Nest] 32420  - [39m02/23/2026, 2:49:06 PM [32m    LOG[39m [38;5;3m[RouterExplorer] [39m[32mMapped {/api/v1/auth/reset-password, POST} route[39m[38;5;3m +0ms[39m
[32m[Nest] 32420  - [39m02/23/2026, 2:49:06 PM [32m    LOG[39m [38;5;3m[RoutesResolver] [39m[32mNotificationsController {/api/v1/notifications}:[39m[38;5;3m +0ms[39m
[32m[Nest] 32420  - [39m02/23/2026, 2:49:06 PM [32m    LOG[39m [38;5;3m[RouterExplorer] [39m[32mMapped {/api/v1/notifications/device-token, POST} route[39m[38;5;3m +0ms[39m
[32m[Nest] 32420  - [39m02/23/2026, 2:49:06 PM [32m    LOG[39m [38;5;3m[RouterExplorer] [39m[32mMapped {/api/v1/notifications/device-token/:token, DELETE} route[39m[38;5;3m +0ms[39m
[32m[Nest] 32420  - [39m02/23/2026, 2:49:06 PM [32m    LOG[39m [38;5;3m[RouterExplorer] [39m[32mMapped {/api/v1/notifications/unread-count, GET} route[39m[38;5;3m +0ms[39m
[32m[Nest] 32420  - [39m02/23/2026, 2:49:06 PM [32m    LOG[39m [38;5;3m[RouterExplorer] [39m[32mMapped {/api/v1/notifications, GET} route[39m[38;5;3m +0ms[39m
[32m[Nest] 32420  - [39m02/23/2026, 2:49:06 PM [32m    LOG[39m [38;5;3m[RouterExplorer] [39m[32mMapped {/api/v1/notifications/read-all, PATCH} route[39m[38;5;3m +0ms[39m
[32m[Nest] 32420  - [39m02/23/2026, 2:49:06 PM [32m    LOG[39m [38;5;3m[RouterExplorer] [39m[32mMapped {/api/v1/notifications/:id/read, PATCH} route[39m[38;5;3m +0ms[39m
[32m[Nest] 32420  - [39m02/23/2026, 2:49:06 PM [32m    LOG[39m [38;5;3m[RoutesResolver] [39m[32mPlatformController {/api/v1/platform}:[39m[38;5;3m +0ms[39m
[32m[Nest] 32420  - [39m02/23/2026, 2:49:06 PM [32m    LOG[39m [38;5;3m[RouterExplorer] [39m[32mMapped {/api/v1/platform/companies, POST} route[39m[38;5;3m +0ms[39m
[32m[Nest] 32420  - [39m02/23/2026, 2:49:06 PM [32m    LOG[39m [38;5;3m[RouterExplorer] [39m[32mMapped {/api/v1/platform/companies, GET} route[39m[38;5;3m +0ms[39m
[32m[Nest] 32420  - [39m02/23/2026, 2:49:06 PM [32m    LOG[39m [38;5;3m[RouterExplorer] [39m[32mMapped {/api/v1/platform/companies/:id, GET} route[39m[38;5;3m +0ms[39m
[32m[Nest] 32420  - [39m02/23/2026, 2:49:06 PM [32m    LOG[39m [38;5;3m[RouterExplorer] [39m[32mMapped {/api/v1/platform/companies/:id/metrics, GET} route[39m[38;5;3m +0ms[39m
[32m[Nest] 32420  - [39m02/23/2026, 2:49:06 PM [32m    LOG[39m [38;5;3m[RouterExplorer] [39m[32mMapped {/api/v1/platform/plans, POST} route[39m[38;5;3m +0ms[39m
[32m[Nest] 32420  - [39m02/23/2026, 2:49:06 PM [32m    LOG[39m [38;5;3m[RouterExplorer] [39m[32mMapped {/api/v1/platform/plans, GET} route[39m[38;5;3m +0ms[39m
[32m[Nest] 32420  - [39m02/23/2026, 2:49:06 PM [32m    LOG[39m [38;5;3m[RouterExplorer] [39m[32mMapped {/api/v1/platform/plans/:id, PATCH} route[39m[38;5;3m +0ms[39m
[32m[Nest] 32420  - [39m02/23/2026, 2:49:06 PM [32m    LOG[39m [38;5;3m[RouterExplorer] [39m[32mMapped {/api/v1/platform/subscriptions/activate, POST} route[39m[38;5;3m +0ms[39m
[32m[Nest] 32420  - [39m02/23/2026, 2:49:06 PM [32m    LOG[39m [38;5;3m[RouterExplorer] [39m[32mMapped {/api/v1/platform/subscriptions/suspend, POST} route[39m[38;5;3m +0ms[39m
[32m[Nest] 32420  - [39m02/23/2026, 2:49:06 PM [32m    LOG[39m [38;5;3m[RouterExplorer] [39m[32mMapped {/api/v1/platform/subscriptions/extend, POST} route[39m[38;5;3m +0ms[39m
[32m[Nest] 32420  - [39m02/23/2026, 2:49:06 PM [32m    LOG[39m [38;5;3m[RoutesResolver] [39m[32mUsersController {/api/v1/users}:[39m[38;5;3m +0ms[39m
[32m[Nest] 32420  - [39m02/23/2026, 2:49:06 PM [32m    LOG[39m [38;5;3m[RouterExplorer] [39m[32mMapped {/api/v1/users/staff, POST} route[39m[38;5;3m +0ms[39m
[32m[Nest] 32420  - [39m02/23/2026, 2:49:06 PM [32m    LOG[39m [38;5;3m[RouterExplorer] [39m[32mMapped {/api/v1/users/stats, GET} route[39m[38;5;3m +0ms[39m
[32m[Nest] 32420  - [39m02/23/2026, 2:49:06 PM [32m    LOG[39m [38;5;3m[RouterExplorer] [39m[32mMapped {/api/v1/users, GET} route[39m[38;5;3m +0ms[39m
[32m[Nest] 32420  - [39m02/23/2026, 2:49:06 PM [32m    LOG[39m [38;5;3m[RouterExplorer] [39m[32mMapped {/api/v1/users/:id, GET} route[39m[38;5;3m +0ms[39m
[32m[Nest] 32420  - [39m02/23/2026, 2:49:06 PM [32m    LOG[39m [38;5;3m[RouterExplorer] [39m[32mMapped {/api/v1/users/:id, PATCH} route[39m[38;5;3m +0ms[39m
[32m[Nest] 32420  - [39m02/23/2026, 2:49:06 PM [32m    LOG[39m [38;5;3m[RouterExplorer] [39m[32mMapped {/api/v1/users/:id/permissions, PATCH} route[39m[38;5;3m +0ms[39m
[32m[Nest] 32420  - [39m02/23/2026, 2:49:06 PM [32m    LOG[39m [38;5;3m[RouterExplorer] [39m[32mMapped {/api/v1/users/:id/disable, PATCH} route[39m[38;5;3m +0ms[39m
[32m[Nest] 32420  - [39m02/23/2026, 2:49:06 PM [32m    LOG[39m [38;5;3m[RouterExplorer] [39m[32mMapped {/api/v1/users/:id/enable, PATCH} route[39m[38;5;3m +0ms[39m
[32m[Nest] 32420  - [39m02/23/2026, 2:49:06 PM [32m    LOG[39m [38;5;3m[RoutesResolver] [39m[32mCustomersController {/api/v1/customers}:[39m[38;5;3m +0ms[39m
[32m[Nest] 32420  - [39m02/23/2026, 2:49:06 PM [32m    LOG[39m [38;5;3m[RouterExplorer] [39m[32mMapped {/api/v1/customers, POST} route[39m[38;5;3m +0ms[39m
[32m[Nest] 32420  - [39m02/23/2026, 2:49:06 PM [32m    LOG[39m [38;5;3m[RouterExplorer] [39m[32mMapped {/api/v1/customers, GET} route[39m[38;5;3m +0ms[39m
[32m[Nest] 32420  - [39m02/23/2026, 2:49:06 PM [32m    LOG[39m [38;5;3m[RouterExplorer] [39m[32mMapped {/api/v1/customers/:id, GET} route[39m[38;5;3m +0ms[39m
[32m[Nest] 32420  - [39m02/23/2026, 2:49:06 PM [32m    LOG[39m [38;5;3m[RouterExplorer] [39m[32mMapped {/api/v1/customers/:id, PATCH} route[39m[38;5;3m +0ms[39m
[32m[Nest] 32420  - [39m02/23/2026, 2:49:06 PM [32m    LOG[39m [38;5;3m[RouterExplorer] [39m[32mMapped {/api/v1/customers/:id, DELETE} route[39m[38;5;3m +0ms[39m
[32m[Nest] 32420  - [39m02/23/2026, 2:49:06 PM [32m    LOG[39m [38;5;3m[RoutesResolver] [39m[32mSuppliersController {/api/v1/suppliers}:[39m[38;5;3m +0ms[39m
[32m[Nest] 32420  - [39m02/23/2026, 2:49:06 PM [32m    LOG[39m [38;5;3m[RouterExplorer] [39m[32mMapped {/api/v1/suppliers, POST} route[39m[38;5;3m +0ms[39m
[32m[Nest] 32420  - [39m02/23/2026, 2:49:06 PM [32m    LOG[39m [38;5;3m[RouterExplorer] [39m[32mMapped {/api/v1/suppliers, GET} route[39m[38;5;3m +1ms[39m
[32m[Nest] 32420  - [39m02/23/2026, 2:49:06 PM [32m    LOG[39m [38;5;3m[RouterExplorer] [39m[32mMapped {/api/v1/suppliers/:id, GET} route[39m[38;5;3m +0ms[39m
[32m[Nest] 32420  - [39m02/23/2026, 2:49:06 PM [32m    LOG[39m [38;5;3m[RouterExplorer] [39m[32mMapped {/api/v1/suppliers/:id, PATCH} route[39m[38;5;3m +0ms[39m
[32m[Nest] 32420  - [39m02/23/2026, 2:49:06 PM [32m    LOG[39m [38;5;3m[RouterExplorer] [39m[32mMapped {/api/v1/suppliers/:id, DELETE} route[39m[38;5;3m +0ms[39m
[32m[Nest] 32420  - [39m02/23/2026, 2:49:06 PM [32m    LOG[39m [38;5;3m[RoutesResolver] [39m[32mEmployeesController {/api/v1/employees}:[39m[38;5;3m +0ms[39m
[32m[Nest] 32420  - [39m02/23/2026, 2:49:06 PM [32m    LOG[39m [38;5;3m[RouterExplorer] [39m[32mMapped {/api/v1/employees, POST} route[39m[38;5;3m +0ms[39m
[32m[Nest] 32420  - [39m02/23/2026, 2:49:06 PM [32m    LOG[39m [38;5;3m[RouterExplorer] [39m[32mMapped {/api/v1/employees, GET} route[39m[38;5;3m +0ms[39m
[32m[Nest] 32420  - [39m02/23/2026, 2:49:06 PM [32m    LOG[39m [38;5;3m[RouterExplorer] [39m[32mMapped {/api/v1/employees/:id, GET} route[39m[38;5;3m +0ms[39m
[32m[Nest] 32420  - [39m02/23/2026, 2:49:06 PM [32m    LOG[39m [38;5;3m[RouterExplorer] [39m[32mMapped {/api/v1/employees/:id, PATCH} route[39m[38;5;3m +0ms[39m
[32m[Nest] 32420  - [39m02/23/2026, 2:49:06 PM [32m    LOG[39m [38;5;3m[RouterExplorer] [39m[32mMapped {/api/v1/employees/:id, DELETE} route[39m[38;5;3m +0ms[39m
[32m[Nest] 32420  - [39m02/23/2026, 2:49:06 PM [32m    LOG[39m [38;5;3m[RoutesResolver] [39m[32mLedgerController {/api/v1/ledger}:[39m[38;5;3m +0ms[39m
[32m[Nest] 32420  - [39m02/23/2026, 2:49:06 PM [32m    LOG[39m [38;5;3m[RouterExplorer] [39m[32mMapped {/api/v1/ledger, POST} route[39m[38;5;3m +0ms[39m
[32m[Nest] 32420  - [39m02/23/2026, 2:49:06 PM [32m    LOG[39m [38;5;3m[RouterExplorer] [39m[32mMapped {/api/v1/ledger/:id, DELETE} route[39m[38;5;3m +0ms[39m
[32m[Nest] 32420  - [39m02/23/2026, 2:49:06 PM [32m    LOG[39m [38;5;3m[RouterExplorer] [39m[32mMapped {/api/v1/ledger/statement, GET} route[39m[38;5;3m +0ms[39m
[32m[Nest] 32420  - [39m02/23/2026, 2:49:06 PM [32m    LOG[39m [38;5;3m[RoutesResolver] [39m[32mDeferredSalesController {/api/v1/deferred-sales}:[39m[38;5;3m +0ms[39m
[32m[Nest] 32420  - [39m02/23/2026, 2:49:06 PM [32m    LOG[39m [38;5;3m[RouterExplorer] [39m[32mMapped {/api/v1/deferred-sales, POST} route[39m[38;5;3m +0ms[39m
[32m[Nest] 32420  - [39m02/23/2026, 2:49:06 PM [32m    LOG[39m [38;5;3m[RouterExplorer] [39m[32mMapped {/api/v1/deferred-sales, GET} route[39m[38;5;3m +0ms[39m
[32m[Nest] 32420  - [39m02/23/2026, 2:49:06 PM [32m    LOG[39m [38;5;3m[RouterExplorer] [39m[32mMapped {/api/v1/deferred-sales/:id, GET} route[39m[38;5;3m +0ms[39m
[32m[Nest] 32420  - [39m02/23/2026, 2:49:06 PM [32m    LOG[39m [38;5;3m[RouterExplorer] [39m[32mMapped {/api/v1/deferred-sales/:id/payments, POST} route[39m[38;5;3m +0ms[39m
[32m[Nest] 32420  - [39m02/23/2026, 2:49:06 PM [32m    LOG[39m [38;5;3m[RouterExplorer] [39m[32mMapped {/api/v1/deferred-sales/:id/cancel, PATCH} route[39m[38;5;3m +0ms[39m
[32m[Nest] 32420  - [39m02/23/2026, 2:49:06 PM [32m    LOG[39m [38;5;3m[RoutesResolver] [39m[32mInstallmentsController {/api/v1/installments}:[39m[38;5;3m +0ms[39m
[32m[Nest] 32420  - [39m02/23/2026, 2:49:06 PM [32m    LOG[39m [38;5;3m[RouterExplorer] [39m[32mMapped {/api/v1/installments/contracts, POST} route[39m[38;5;3m +0ms[39m
[32m[Nest] 32420  - [39m02/23/2026, 2:49:06 PM [32m    LOG[39m [38;5;3m[RouterExplorer] [39m[32mMapped {/api/v1/installments/contracts, GET} route[39m[38;5;3m +0ms[39m
[32m[Nest] 32420  - [39m02/23/2026, 2:49:06 PM [32m    LOG[39m [38;5;3m[RouterExplorer] [39m[32mMapped {/api/v1/installments/schedule, GET} route[39m[38;5;3m +0ms[39m
[32m[Nest] 32420  - [39m02/23/2026, 2:49:06 PM [32m    LOG[39m [38;5;3m[RouterExplorer] [39m[32mMapped {/api/v1/installments/contracts/:id, GET} route[39m[38;5;3m +0ms[39m
[32m[Nest] 32420  - [39m02/23/2026, 2:49:06 PM [32m    LOG[39m [38;5;3m[RouterExplorer] [39m[32mMapped {/api/v1/installments/contracts/:id/payments, POST} route[39m[38;5;3m +0ms[39m
[32m[Nest] 32420  - [39m02/23/2026, 2:49:06 PM [32m    LOG[39m [38;5;3m[RouterExplorer] [39m[32mMapped {/api/v1/installments/contracts/:id/cancel, PATCH} route[39m[38;5;3m +0ms[39m
[32m[Nest] 32420  - [39m02/23/2026, 2:49:06 PM [32m    LOG[39m [38;5;3m[RoutesResolver] [39m[32mReportsController {/api/v1/reports}:[39m[38;5;3m +0ms[39m
[32m[Nest] 32420  - [39m02/23/2026, 2:49:06 PM [32m    LOG[39m [38;5;3m[RouterExplorer] [39m[32mMapped {/api/v1/reports/summary, GET} route[39m[38;5;3m +0ms[39m
[32m[Nest] 32420  - [39m02/23/2026, 2:49:06 PM [32m    LOG[39m [38;5;3m[RouterExplorer] [39m[32mMapped {/api/v1/reports/overdue, GET} route[39m[38;5;3m +0ms[39m
[32m[Nest] 32420  - [39m02/23/2026, 2:49:06 PM [32m    LOG[39m [38;5;3m[RouterExplorer] [39m[32mMapped {/api/v1/reports/collection-schedule, GET} route[39m[38;5;3m +0ms[39m
[32m[Nest] 32420  - [39m02/23/2026, 2:49:06 PM [32m    LOG[39m [38;5;3m[RoutesResolver] [39m[32mExpensesController {/api/v1/expenses}:[39m[38;5;3m +0ms[39m
[32m[Nest] 32420  - [39m02/23/2026, 2:49:06 PM [32m    LOG[39m [38;5;3m[RouterExplorer] [39m[32mMapped {/api/v1/expenses, POST} route[39m[38;5;3m +0ms[39m
[32m[Nest] 32420  - [39m02/23/2026, 2:49:06 PM [32m    LOG[39m [38;5;3m[RouterExplorer] [39m[32mMapped {/api/v1/expenses/summary, GET} route[39m[38;5;3m +0ms[39m
[32m[Nest] 32420  - [39m02/23/2026, 2:49:06 PM [32m    LOG[39m [38;5;3m[RouterExplorer] [39m[32mMapped {/api/v1/expenses, GET} route[39m[38;5;3m +0ms[39m
[32m[Nest] 32420  - [39m02/23/2026, 2:49:06 PM [32m    LOG[39m [38;5;3m[RouterExplorer] [39m[32mMapped {/api/v1/expenses/:id, GET} route[39m[38;5;3m +0ms[39m
[32m[Nest] 32420  - [39m02/23/2026, 2:49:06 PM [32m    LOG[39m [38;5;3m[RouterExplorer] [39m[32mMapped {/api/v1/expenses/:id, PATCH} route[39m[38;5;3m +0ms[39m
[32m[Nest] 32420  - [39m02/23/2026, 2:49:06 PM [32m    LOG[39m [38;5;3m[RouterExplorer] [39m[32mMapped {/api/v1/expenses/:id, DELETE} route[39m[38;5;3m +0ms[39m
[32m[Nest] 32420  - [39m02/23/2026, 2:49:06 PM [32m    LOG[39m [38;5;3m[PrismaService] [39m[32m✅ Connected to database[39m
[32m[Nest] 32420  - [39m02/23/2026, 2:49:06 PM [32m    LOG[39m [38;5;3m[PrismaService] [39m[32m✅ Connected to database[39m
[32m[Nest] 32420  - [39m02/23/2026, 2:49:06 PM [32m    LOG[39m [38;5;3m[NestApplication] [39m[32mNest application successfully started[39m[38;5;3m +1ms[39m
2026-02-23 14:49:06  [32MINFO[39M [Bootstrap] [32m🚀 Daftar API running on http://localhost:7000[39m
2026-02-23 14:49:06  [32MINFO[39M [Bootstrap] [32m📚 Swagger docs: http://localhost:7000/api/docs[39m
2026-02-23 14:49:06  [32MINFO[39M [Bootstrap] [32m🔗 API prefix: /api/v1[39m
2026-02-23 14:49:06  [32MINFO[39M [Bootstrap] [32m🌍 Environment: development[39m
[32m[Nest] 32420  - [39m02/23/2026, 2:49:06 PM [32m    LOG[39m [38;5;3m[CacheService] [39m[32m✅ Redis Connected[39m
[32m[Nest] 32420  - [39m02/23/2026, 2:49:06 PM [32m    LOG[39m [38;5;3m[CacheService] [39m[32m✅ Redis Cache Service Initialized[39m
[2J[3J[H[[90m3:04:45 PM[0m] File change detected. Starting incremental compilation...

[[90m3:04:49 PM[0m] Found 0 errors. Watching for file changes.

node:internal/modules/cjs/loader:1424
  throw err;
  ^

Error: Cannot find module 'D:\Web\full-projects\daftar-v1\dafter-api-v1\dist\main'
    at Module._resolveFilename (node:internal/modules/cjs/loader:1421:15)
    at defaultResolveImpl (node:internal/modules/cjs/loader:1059:19)
    at resolveForCJSWithHooks (node:internal/modules/cjs/loader:1064:22)
    at Module._load (node:internal/modules/cjs/loader:1227:37)
    at TracingChannel.traceSync (node:diagnostics_channel:328:14)
    at wrapModuleLoad (node:internal/modules/cjs/loader:245:24)
    at Module.executeUserEntryPoint [as runMain] (node:internal/modules/run_main:154:5)
    at node:internal/main/run_main_module:33:47 {
  code: 'MODULE_NOT_FOUND',
  requireStack: []
}

Node.js v24.12.0
[2J[3J[H[[90m3:27:42 PM[0m] File change detected. Starting incremental compilation...

[[90m3:27:49 PM[0m] Found 0 errors. Watching for file changes.

node:internal/modules/cjs/loader:1424
  throw err;
  ^

Error: Cannot find module 'D:\Web\full-projects\daftar-v1\dafter-api-v1\dist\main'
    at Module._resolveFilename (node:internal/modules/cjs/loader:1421:15)
    at defaultResolveImpl (node:internal/modules/cjs/loader:1059:19)
    at resolveForCJSWithHooks (node:internal/modules/cjs/loader:1064:22)
    at Module._load (node:internal/modules/cjs/loader:1227:37)
    at TracingChannel.traceSync (node:diagnostics_channel:328:14)
    at wrapModuleLoad (node:internal/modules/cjs/loader:245:24)
    at Module.executeUserEntryPoint [as runMain] (node:internal/modules/run_main:154:5)
    at node:internal/main/run_main_module:33:47 {
  code: 'MODULE_NOT_FOUND',
  requireStack: []
}

Node.js v24.12.0
[2J[3J[H[[90m3:28:05 PM[0m] File change detected. Starting incremental compilation...

[[90m3:28:05 PM[0m] Found 0 errors. Watching for file changes.

node:internal/modules/cjs/loader:1424
  throw err;
  ^

Error: Cannot find module 'D:\Web\full-projects\daftar-v1\dafter-api-v1\dist\main'
    at Module._resolveFilename (node:internal/modules/cjs/loader:1421:15)
    at defaultResolveImpl (node:internal/modules/cjs/loader:1059:19)
    at resolveForCJSWithHooks (node:internal/modules/cjs/loader:1064:22)
    at Module._load (node:internal/modules/cjs/loader:1227:37)
    at TracingChannel.traceSync (node:diagnostics_channel:328:14)
    at wrapModuleLoad (node:internal/modules/cjs/loader:245:24)
    at Module.executeUserEntryPoint [as runMain] (node:internal/modules/run_main:154:5)
    at node:internal/main/run_main_module:33:47 {
  code: 'MODULE_NOT_FOUND',
  requireStack: []
}

Node.js v24.12.0
[2J[3J[H[[90m3:28:13 PM[0m] File change detected. Starting incremental compilation...

[[90m3:28:13 PM[0m] Found 0 errors. Watching for file changes.

node:internal/modules/cjs/loader:1424
  throw err;
  ^

Error: Cannot find module 'D:\Web\full-projects\daftar-v1\dafter-api-v1\dist\main'
    at Module._resolveFilename (node:internal/modules/cjs/loader:1421:15)
    at defaultResolveImpl (node:internal/modules/cjs/loader:1059:19)
    at resolveForCJSWithHooks (node:internal/modules/cjs/loader:1064:22)
    at Module._load (node:internal/modules/cjs/loader:1227:37)
    at TracingChannel.traceSync (node:diagnostics_channel:328:14)
    at wrapModuleLoad (node:internal/modules/cjs/loader:245:24)
    at Module.executeUserEntryPoint [as runMain] (node:internal/modules/run_main:154:5)
    at node:internal/main/run_main_module:33:47 {
  code: 'MODULE_NOT_FOUND',
  requireStack: []
}

Node.js v24.12.0
[2J[3J[H[[90m3:28:21 PM[0m] File change detected. Starting incremental compilation...

[[90m3:28:22 PM[0m] Found 0 errors. Watching for file changes.

node:internal/modules/cjs/loader:1424
  throw err;
  ^

Error: Cannot find module 'D:\Web\full-projects\daftar-v1\dafter-api-v1\dist\main'
    at Module._resolveFilename (node:internal/modules/cjs/loader:1421:15)
    at defaultResolveImpl (node:internal/modules/cjs/loader:1059:19)
    at resolveForCJSWithHooks (node:internal/modules/cjs/loader:1064:22)
    at Module._load (node:internal/modules/cjs/loader:1227:37)
    at TracingChannel.traceSync (node:diagnostics_channel:328:14)
    at wrapModuleLoad (node:internal/modules/cjs/loader:245:24)
    at Module.executeUserEntryPoint [as runMain] (node:internal/modules/run_main:154:5)
    at node:internal/main/run_main_module:33:47 {
  code: 'MODULE_NOT_FOUND',
  requireStack: []
}

Node.js v24.12.0
[2J[3J[H[[90m3:28:26 PM[0m] File change detected. Starting incremental compilation...

[[90m3:28:26 PM[0m] Found 0 errors. Watching for file changes.

node:internal/modules/cjs/loader:1424
  throw err;
  ^

Error: Cannot find module 'D:\Web\full-projects\daftar-v1\dafter-api-v1\dist\main'
    at Module._resolveFilename (node:internal/modules/cjs/loader:1421:15)
    at defaultResolveImpl (node:internal/modules/cjs/loader:1059:19)
    at resolveForCJSWithHooks (node:internal/modules/cjs/loader:1064:22)
    at Module._load (node:internal/modules/cjs/loader:1227:37)
    at TracingChannel.traceSync (node:diagnostics_channel:328:14)
    at wrapModuleLoad (node:internal/modules/cjs/loader:245:24)
    at Module.executeUserEntryPoint [as runMain] (node:internal/modules/run_main:154:5)
    at node:internal/main/run_main_module:33:47 {
  code: 'MODULE_NOT_FOUND',
  requireStack: []
}

Node.js v24.12.0
[2J[3J[H[[90m3:29:09 PM[0m] File change detected. Starting incremental compilation...

[[90m3:29:09 PM[0m] Found 0 errors. Watching for file changes.

node:internal/modules/cjs/loader:1424
  throw err;
  ^

Error: Cannot find module 'D:\Web\full-projects\daftar-v1\dafter-api-v1\dist\main'
    at Module._resolveFilename (node:internal/modules/cjs/loader:1421:15)
    at defaultResolveImpl (node:internal/modules/cjs/loader:1059:19)
    at resolveForCJSWithHooks (node:internal/modules/cjs/loader:1064:22)
    at Module._load (node:internal/modules/cjs/loader:1227:37)
    at TracingChannel.traceSync (node:diagnostics_channel:328:14)
    at wrapModuleLoad (node:internal/modules/cjs/loader:245:24)
    at Module.executeUserEntryPoint [as runMain] (node:internal/modules/run_main:154:5)
    at node:internal/main/run_main_module:33:47 {
  code: 'MODULE_NOT_FOUND',
  requireStack: []
}

Node.js v24.12.0
[2J[3J[H[[90m3:29:48 PM[0m] File change detected. Starting incremental compilation...

[[90m3:29:48 PM[0m] Found 0 errors. Watching for file changes.

node:internal/modules/cjs/loader:1424
  throw err;
  ^

Error: Cannot find module 'D:\Web\full-projects\daftar-v1\dafter-api-v1\dist\main'
    at Module._resolveFilename (node:internal/modules/cjs/loader:1421:15)
    at defaultResolveImpl (node:internal/modules/cjs/loader:1059:19)
    at resolveForCJSWithHooks (node:internal/modules/cjs/loader:1064:22)
    at Module._load (node:internal/modules/cjs/loader:1227:37)
    at TracingChannel.traceSync (node:diagnostics_channel:328:14)
    at wrapModuleLoad (node:internal/modules/cjs/loader:245:24)
    at Module.executeUserEntryPoint [as runMain] (node:internal/modules/run_main:154:5)
    at node:internal/main/run_main_module:33:47 {
  code: 'MODULE_NOT_FOUND',
  requireStack: []
}

Node.js v24.12.0
[2J[3J[H[[90m3:29:56 PM[0m] File change detected. Starting incremental compilation...

[[90m3:29:56 PM[0m] Found 0 errors. Watching for file changes.

node:internal/modules/cjs/loader:1424
  throw err;
  ^

Error: Cannot find module 'D:\Web\full-projects\daftar-v1\dafter-api-v1\dist\main'
    at Module._resolveFilename (node:internal/modules/cjs/loader:1421:15)
    at defaultResolveImpl (node:internal/modules/cjs/loader:1059:19)
    at resolveForCJSWithHooks (node:internal/modules/cjs/loader:1064:22)
    at Module._load (node:internal/modules/cjs/loader:1227:37)
    at TracingChannel.traceSync (node:diagnostics_channel:328:14)
    at wrapModuleLoad (node:internal/modules/cjs/loader:245:24)
    at Module.executeUserEntryPoint [as runMain] (node:internal/modules/run_main:154:5)
    at node:internal/main/run_main_module:33:47 {
  code: 'MODULE_NOT_FOUND',
  requireStack: []
}

Node.js v24.12.0
[2J[3J[H[[90m3:30:02 PM[0m] File change detected. Starting incremental compilation...

[[90m3:30:02 PM[0m] Found 0 errors. Watching for file changes.

node:internal/modules/cjs/loader:1424
  throw err;
  ^

Error: Cannot find module 'D:\Web\full-projects\daftar-v1\dafter-api-v1\dist\main'
    at Module._resolveFilename (node:internal/modules/cjs/loader:1421:15)
    at defaultResolveImpl (node:internal/modules/cjs/loader:1059:19)
    at resolveForCJSWithHooks (node:internal/modules/cjs/loader:1064:22)
    at Module._load (node:internal/modules/cjs/loader:1227:37)
    at TracingChannel.traceSync (node:diagnostics_channel:328:14)
    at wrapModuleLoad (node:internal/modules/cjs/loader:245:24)
    at Module.executeUserEntryPoint [as runMain] (node:internal/modules/run_main:154:5)
    at node:internal/main/run_main_module:33:47 {
  code: 'MODULE_NOT_FOUND',
  requireStack: []
}

Node.js v24.12.0
[2J[3J[H[[90m3:30:18 PM[0m] File change detected. Starting incremental compilation...

[[90m3:30:18 PM[0m] Found 0 errors. Watching for file changes.

node:internal/modules/cjs/loader:1424
  throw err;
  ^

Error: Cannot find module 'D:\Web\full-projects\daftar-v1\dafter-api-v1\dist\main'
    at Module._resolveFilename (node:internal/modules/cjs/loader:1421:15)
    at defaultResolveImpl (node:internal/modules/cjs/loader:1059:19)
    at resolveForCJSWithHooks (node:internal/modules/cjs/loader:1064:22)
    at Module._load (node:internal/modules/cjs/loader:1227:37)
    at TracingChannel.traceSync (node:diagnostics_channel:328:14)
    at wrapModuleLoad (node:internal/modules/cjs/loader:245:24)
    at Module.executeUserEntryPoint [as runMain] (node:internal/modules/run_main:154:5)
    at node:internal/main/run_main_module:33:47 {
  code: 'MODULE_NOT_FOUND',
  requireStack: []
}

Node.js v24.12.0
[2J[3J[H[[90m3:30:27 PM[0m] File change detected. Starting incremental compilation...

[[90m3:30:27 PM[0m] Found 0 errors. Watching for file changes.

node:internal/modules/cjs/loader:1424
  throw err;
  ^

Error: Cannot find module 'D:\Web\full-projects\daftar-v1\dafter-api-v1\dist\main'
    at Module._resolveFilename (node:internal/modules/cjs/loader:1421:15)
    at defaultResolveImpl (node:internal/modules/cjs/loader:1059:19)
    at resolveForCJSWithHooks (node:internal/modules/cjs/loader:1064:22)
    at Module._load (node:internal/modules/cjs/loader:1227:37)
    at TracingChannel.traceSync (node:diagnostics_channel:328:14)
    at wrapModuleLoad (node:internal/modules/cjs/loader:245:24)
    at Module.executeUserEntryPoint [as runMain] (node:internal/modules/run_main:154:5)
    at node:internal/main/run_main_module:33:47 {
  code: 'MODULE_NOT_FOUND',
  requireStack: []
}

Node.js v24.12.0
[2J[3J[H[[90m3:30:31 PM[0m] File change detected. Starting incremental compilation...

[[90m3:30:31 PM[0m] Found 0 errors. Watching for file changes.

node:internal/modules/cjs/loader:1424
  throw err;
  ^

Error: Cannot find module 'D:\Web\full-projects\daftar-v1\dafter-api-v1\dist\main'
    at Module._resolveFilename (node:internal/modules/cjs/loader:1421:15)
    at defaultResolveImpl (node:internal/modules/cjs/loader:1059:19)
    at resolveForCJSWithHooks (node:internal/modules/cjs/loader:1064:22)
    at Module._load (node:internal/modules/cjs/loader:1227:37)
    at TracingChannel.traceSync (node:diagnostics_channel:328:14)
    at wrapModuleLoad (node:internal/modules/cjs/loader:245:24)
    at Module.executeUserEntryPoint [as runMain] (node:internal/modules/run_main:154:5)
    at node:internal/main/run_main_module:33:47 {
  code: 'MODULE_NOT_FOUND',
  requireStack: []
}

Node.js v24.12.0
[2J[3J[H[[90m3:30:57 PM[0m] File change detected. Starting incremental compilation...

[[90m3:30:58 PM[0m] Found 0 errors. Watching for file changes.

node:internal/modules/cjs/loader:1424
  throw err;
  ^

Error: Cannot find module 'D:\Web\full-projects\daftar-v1\dafter-api-v1\dist\main'
    at Module._resolveFilename (node:internal/modules/cjs/loader:1421:15)
    at defaultResolveImpl (node:internal/modules/cjs/loader:1059:19)
    at resolveForCJSWithHooks (node:internal/modules/cjs/loader:1064:22)
    at Module._load (node:internal/modules/cjs/loader:1227:37)
    at TracingChannel.traceSync (node:diagnostics_channel:328:14)
    at wrapModuleLoad (node:internal/modules/cjs/loader:245:24)
    at Module.executeUserEntryPoint [as runMain] (node:internal/modules/run_main:154:5)
    at node:internal/main/run_main_module:33:47 {
  code: 'MODULE_NOT_FOUND',
  requireStack: []
}

Node.js v24.12.0
[2J[3J[H[[90m3:31:44 PM[0m] File change detected. Starting incremental compilation...

[[90m3:31:45 PM[0m] Found 0 errors. Watching for file changes.

node:internal/modules/cjs/loader:1424
  throw err;
  ^

Error: Cannot find module 'D:\Web\full-projects\daftar-v1\dafter-api-v1\dist\main'
    at Module._resolveFilename (node:internal/modules/cjs/loader:1421:15)
    at defaultResolveImpl (node:internal/modules/cjs/loader:1059:19)
    at resolveForCJSWithHooks (node:internal/modules/cjs/loader:1064:22)
    at Module._load (node:internal/modules/cjs/loader:1227:37)
    at TracingChannel.traceSync (node:diagnostics_channel:328:14)
    at wrapModuleLoad (node:internal/modules/cjs/loader:245:24)
    at Module.executeUserEntryPoint [as runMain] (node:internal/modules/run_main:154:5)
    at node:internal/main/run_main_module:33:47 {
  code: 'MODULE_NOT_FOUND',
  requireStack: []
}

Node.js v24.12.0
[2J[3J[H[[90m3:32:11 PM[0m] File change detected. Starting incremental compilation...

[[90m3:32:11 PM[0m] Found 0 errors. Watching for file changes.

node:internal/modules/cjs/loader:1424
  throw err;
  ^

Error: Cannot find module 'D:\Web\full-projects\daftar-v1\dafter-api-v1\dist\main'
    at Module._resolveFilename (node:internal/modules/cjs/loader:1421:15)
    at defaultResolveImpl (node:internal/modules/cjs/loader:1059:19)
    at resolveForCJSWithHooks (node:internal/modules/cjs/loader:1064:22)
    at Module._load (node:internal/modules/cjs/loader:1227:37)
    at TracingChannel.traceSync (node:diagnostics_channel:328:14)
    at wrapModuleLoad (node:internal/modules/cjs/loader:245:24)
    at Module.executeUserEntryPoint [as runMain] (node:internal/modules/run_main:154:5)
    at node:internal/main/run_main_module:33:47 {
  code: 'MODULE_NOT_FOUND',
  requireStack: []
}

Node.js v24.12.0
[2J[3J[H[[90m3:32:19 PM[0m] File change detected. Starting incremental compilation...

[[90m3:32:20 PM[0m] Found 0 errors. Watching for file changes.

node:internal/modules/cjs/loader:1424
  throw err;
  ^

Error: Cannot find module 'D:\Web\full-projects\daftar-v1\dafter-api-v1\dist\main'
    at Module._resolveFilename (node:internal/modules/cjs/loader:1421:15)
    at defaultResolveImpl (node:internal/modules/cjs/loader:1059:19)
    at resolveForCJSWithHooks (node:internal/modules/cjs/loader:1064:22)
    at Module._load (node:internal/modules/cjs/loader:1227:37)
    at TracingChannel.traceSync (node:diagnostics_channel:328:14)
    at wrapModuleLoad (node:internal/modules/cjs/loader:245:24)
    at Module.executeUserEntryPoint [as runMain] (node:internal/modules/run_main:154:5)
    at node:internal/main/run_main_module:33:47 {
  code: 'MODULE_NOT_FOUND',
  requireStack: []
}

Node.js v24.12.0
[2J[3J[H[[90m3:32:32 PM[0m] File change detected. Starting incremental compilation...

[[90m3:32:32 PM[0m] Found 0 errors. Watching for file changes.

node:internal/modules/cjs/loader:1424
  throw err;
  ^

Error: Cannot find module 'D:\Web\full-projects\daftar-v1\dafter-api-v1\dist\main'
    at Module._resolveFilename (node:internal/modules/cjs/loader:1421:15)
    at defaultResolveImpl (node:internal/modules/cjs/loader:1059:19)
    at resolveForCJSWithHooks (node:internal/modules/cjs/loader:1064:22)
    at Module._load (node:internal/modules/cjs/loader:1227:37)
    at TracingChannel.traceSync (node:diagnostics_channel:328:14)
    at wrapModuleLoad (node:internal/modules/cjs/loader:245:24)
    at Module.executeUserEntryPoint [as runMain] (node:internal/modules/run_main:154:5)
    at node:internal/main/run_main_module:33:47 {
  code: 'MODULE_NOT_FOUND',
  requireStack: []
}

Node.js v24.12.0
[2J[3J[H[[90m3:32:36 PM[0m] File change detected. Starting incremental compilation...

[[90m3:32:37 PM[0m] Found 0 errors. Watching for file changes.

node:internal/modules/cjs/loader:1424
  throw err;
  ^

Error: Cannot find module 'D:\Web\full-projects\daftar-v1\dafter-api-v1\dist\main'
    at Module._resolveFilename (node:internal/modules/cjs/loader:1421:15)
    at defaultResolveImpl (node:internal/modules/cjs/loader:1059:19)
    at resolveForCJSWithHooks (node:internal/modules/cjs/loader:1064:22)
    at Module._load (node:internal/modules/cjs/loader:1227:37)
    at TracingChannel.traceSync (node:diagnostics_channel:328:14)
    at wrapModuleLoad (node:internal/modules/cjs/loader:245:24)
    at Module.executeUserEntryPoint [as runMain] (node:internal/modules/run_main:154:5)
    at node:internal/main/run_main_module:33:47 {
  code: 'MODULE_NOT_FOUND',
  requireStack: []
}

Node.js v24.12.0
[2J[3J[H[[90m3:40:32 PM[0m] File change detected. Starting incremental compilation...

[[90m3:40:33 PM[0m] Found 0 errors. Watching for file changes.

[2J[3J[H[[90m3:40:34 PM[0m] File change detected. Starting incremental compilation...

node:internal/modules/cjs/loader:1424
  throw err;
  ^

Error: Cannot find module './app.module'
Require stack:
- D:\Web\full-projects\daftar-v1\dafter-api-v1\dist\src\main.js
    at Module._resolveFilename (node:internal/modules/cjs/loader:1421:15)
    at defaultResolveImpl (node:internal/modules/cjs/loader:1059:19)
    at resolveForCJSWithHooks (node:internal/modules/cjs/loader:1064:22)
    at Module._load (node:internal/modules/cjs/loader:1227:37)
    at TracingChannel.traceSync (node:diagnostics_channel:328:14)
    at wrapModuleLoad (node:internal/modules/cjs/loader:245:24)
    at Module.require (node:internal/modules/cjs/loader:1504:12)
    at require (node:internal/modules/helpers:152:16)
    at Object.<anonymous> (D:\Web\full-projects\daftar-v1\dafter-api-v1\src\main.ts:6:1)
    at Module._compile (node:internal/modules/cjs/loader:1761:14) {
  code: 'MODULE_NOT_FOUND',
  requireStack: [
    'D:\\Web\\full-projects\\daftar-v1\\dafter-api-v1\\dist\\src\\main.js'
  ]
}

Node.js v24.12.0
ERROR: The process "45164" not found.
ERROR: The process "45164" not found.
node:child_process:1000
    throw err;
    ^

Error: Command failed: taskkill /pid 45164 /T /F
ERROR: The process "45164" not found.

    at genericNodeError (node:internal/errors:985:15)
    at wrappedFn (node:internal/errors:539:14)
    at checkExecSyncError (node:child_process:925:11)
    at execSync (node:child_process:997:15)
    at treeKillSync (D:\Web\full-projects\daftar-v1\dafter-api-v1\node_modules\@nestjs\cli\lib\utils\tree-kill.js:7:38)
    at D:\Web\full-projects\daftar-v1\dafter-api-v1\node_modules\@nestjs\cli\actions\start.action.js:68:46
    at Object.onWatchStatusChange (D:\Web\full-projects\daftar-v1\dafter-api-v1\node_modules\@nestjs\cli\lib\compiler\watch-compiler.js:83:17)
    at D:\Web\full-projects\daftar-v1\dafter-api-v1\node_modules\typescript\lib\typescript.js:133916:30
    at emitFilesAndReportErrors (D:\Web\full-projects\daftar-v1\dafter-api-v1\node_modules\typescript\lib\typescript.js:133737:5)
    at result.afterProgramCreate (D:\Web\full-projects\daftar-v1\dafter-api-v1\node_modules\typescript\lib\typescript.js:133912:5) {
  status: 128,
  signal: null,
  output: [
    null,
    Buffer(0) [Uint8Array] [],
    Buffer(39) [Uint8Array] [
       69,  82,  82,  79,  82,  58,  32,  84, 104,
      101,  32, 112, 114, 111,  99, 101, 115, 115,
       32,  34,  52,  53,  49,  54,  52,  34,  32,
      110, 111, 116,  32, 102, 111, 117, 110, 100,
       46,  13,  10
    ]
  ],
  pid: 35256,
  stdout: Buffer(0) [Uint8Array] [],
  stderr: Buffer(39) [Uint8Array] [
     69,  82,  82,  79,  82,  58,  32,  84, 104,
    101,  32, 112, 114, 111,  99, 101, 115, 115,
     32,  34,  52,  53,  49,  54,  52,  34,  32,
    110, 111, 116,  32, 102, 111, 117, 110, 100,
     46,  13,  10
  ]
}

Node.js v24.12.0
